<?xml version="1.0" encoding="UTF-8"?>
<MD_Metadata xmlns="http://www.isotc211.org/2005/gmd" xmlns:gco="http://www.isotc211.org/2005/gco" xmlns:gts="http://www.isotc211.org/2005/gts" xmlns:srv="http://www.isotc211.org/2005/srv" xmlns:gml="http://www.opengis.net/gml" xmlns:gmx="http://www.isotc211.org/2005/gmx" xmlns:xlink="http://www.w3.org/1999/xlink" xmlns:xsi="http://www.w3.org/2001/XMLSchema-instance">
<fileIdentifier>
<gco:CharacterString>FieldCapacityZones</gco:CharacterString>
</fileIdentifier>
<language>
<LanguageCode codeList="http://www.loc.gov/standards/iso639-2/php/code_list.php" codeListValue="eng" codeSpace="ISO639-2">eng</LanguageCode>
</language>
<characterSet>
<MD_CharacterSetCode codeList="http://www.isotc211.org/2005/resources/Codelist/gmxCodelists.xml#MD_CharacterSetCode" codeListValue="utf8" codeSpace="ISOTC211/19115">utf8</MD_CharacterSetCode>
</characterSet>
<parentIdentifier>
<gco:CharacterString>LandIS</gco:CharacterString>
</parentIdentifier>
<hierarchyLevel>
<MD_ScopeCode codeList="http://www.isotc211.org/2005/resources/Codelist/gmxCodelists.xml#MD_ScopeCode" codeListValue="dataset" codeSpace="ISOTC211/19115">dataset</MD_ScopeCode>
</hierarchyLevel>
<hierarchyLevelName>
<gco:CharacterString>dataset</gco:CharacterString>
</hierarchyLevelName>
<contact>
<CI_ResponsibleParty>
<individualName>
<gco:CharacterString>LandIS Administrator</gco:CharacterString>
</individualName>
<organisationName>
<gco:CharacterString>Cranfield University</gco:CharacterString>
</organisationName>
<positionName>
<gco:CharacterString>Administrator</gco:CharacterString>
</positionName>
<contactInfo>
<CI_Contact>
<phone>
<CI_Telephone>
<voice>
<gco:CharacterString>+44 (0)1234 750111</gco:CharacterString>
</voice>
</CI_Telephone>
</phone>
<address>
<CI_Address>
<deliveryPoint>
<gco:CharacterString>Building 121, Cranfield Campus</gco:CharacterString>
</deliveryPoint>
<city>
<gco:CharacterString>Cranfield</gco:CharacterString>
</city>
<administrativeArea>
<gco:CharacterString>Bedfordshire</gco:CharacterString>
</administrativeArea>
<postalCode>
<gco:CharacterString>MK43 0AL</gco:CharacterString>
</postalCode>
<country>
<Country codeList="http://www.iso.org/iso/country_codes/iso_3166_code_lists.htm" codeListValue="GB" codeSpace="ISO3166-1">GB</Country>
</country>
<electronicMailAddress>
<gco:CharacterString>landis@cranfield.ac.uk</gco:CharacterString>
</electronicMailAddress>
</CI_Address>
</address>
<onlineResource>
<CI_OnlineResource>
<linkage>
<URL>https://www.landis.org.uk</URL>
</linkage>
</CI_OnlineResource>
</onlineResource>
<hoursOfService>
<gco:CharacterString>9am-5pm (United Kingdom Time)</gco:CharacterString>
</hoursOfService>
<contactInstructions>
<gco:CharacterString>Please email us in the first instance.</gco:CharacterString>
</contactInstructions>
</CI_Contact>
</contactInfo>
<role>
<CI_RoleCode codeList="http://www.isotc211.org/2005/resources/Codelist/gmxCodelists.xml#CI_RoleCode" codeListValue="pointOfContact" codeSpace="ISOTC211/19115">pointOfContact</CI_RoleCode>
</role>
</CI_ResponsibleParty>
</contact>
<dateStamp>
<gco:Date>2026-03-31</gco:Date>
</dateStamp>
<metadataStandardName>
<gco:CharacterString>ISO 19139 Geographic Information - Metadata - Implementation Specification</gco:CharacterString>
</metadataStandardName>
<metadataStandardVersion>
<gco:CharacterString>2007</gco:CharacterString>
</metadataStandardVersion>
<spatialRepresentationInfo>
<MD_VectorSpatialRepresentation>
<topologyLevel>
<MD_TopologyLevelCode codeList="http://www.isotc211.org/2005/resources/Codelist/gmxCodelists.xml#MD_TopologyLevelCode" codeListValue="geometryOnly" codeSpace="ISOTC211/19115">geometryOnly</MD_TopologyLevelCode>
</topologyLevel>
<geometricObjects>
<MD_GeometricObjects>
<geometricObjectType>
<MD_GeometricObjectTypeCode codeList="http://www.isotc211.org/2005/resources/Codelist/gmxCodelists.xml#MD_GeometricObjectTypeCode" codeListValue="composite" codeSpace="ISOTC211/19115">composite</MD_GeometricObjectTypeCode>
</geometricObjectType>
<geometricObjectCount>
<gco:Integer>1590</gco:Integer>
</geometricObjectCount>
</MD_GeometricObjects>
</geometricObjects>
</MD_VectorSpatialRepresentation>
</spatialRepresentationInfo>
<referenceSystemInfo>
<MD_ReferenceSystem>
<referenceSystemIdentifier>
<RS_Identifier>
<code>
<gco:CharacterString>27700</gco:CharacterString>
</code>
<codeSpace>
<gco:CharacterString>EPSG</gco:CharacterString>
</codeSpace>
<version>
<gco:CharacterString>6.3(3.0.1)</gco:CharacterString>
</version>
</RS_Identifier>
</referenceSystemIdentifier>
</MD_ReferenceSystem>
</referenceSystemInfo>
<identificationInfo>
<MD_DataIdentification>
<citation>
<CI_Citation>
<title>
<gco:CharacterString>FieldCapacityZones</gco:CharacterString>
</title>
<date>
<CI_Date>
<date>
<gco:Date>2026-03-31</gco:Date>
</date>
<dateType>
<CI_DateTypeCode codeList="http://www.isotc211.org/2005/resources/Codelist/gmxCodelists.xml#CI_DateTypeCode" codeListValue="publication" codeSpace="ISOTC211/19115">publication</CI_DateTypeCode>
</dateType>
</CI_Date>
</date>
<presentationForm>
<CI_PresentationFormCode codeList="http://www.isotc211.org/2005/resources/Codelist/gmxCodelists.xml#CI_PresentationFormCode" codeListValue="mapDigital" codeSpace="ISOTC211/19115">mapDigital</CI_PresentationFormCode>
</presentationForm>
<collectiveTitle>
<gco:CharacterString>LandIS</gco:CharacterString>
</collectiveTitle>
</CI_Citation>
</citation>
<abstract>
<gco:CharacterString>Geostatistically interpolated Field capacity zones for England and Wales, with contoured lines denoting the zones. The zones indicate the modelled number of days at which the soil is at field capacity (e.g. 300 = 300 days).</gco:CharacterString>
</abstract>
<purpose>
<gco:CharacterString>Field capacity zones</gco:CharacterString>
</purpose>
<credit>
<gco:CharacterString>© Cranfield University and the Controller of HMSO</gco:CharacterString>
</credit>
<descriptiveKeywords>
<MD_Keywords>
<keyword>
<gco:CharacterString>Downloadable Data</gco:CharacterString>
</keyword>
<thesaurusName uuidref="723f6998-058e-11dc-8314-0800200c9a66">
</thesaurusName>
</MD_Keywords>
</descriptiveKeywords>
<descriptiveKeywords>
<MD_Keywords>
<keyword>
<gco:CharacterString>Soil</gco:CharacterString>
</keyword>
</MD_Keywords>
</descriptiveKeywords>
<resourceConstraints>
<MD_Constraints>
<useLimitation>
<gco:CharacterString>The information contained in LandIS is copyright and its use is therefore subject to a specific licensing agreement between Cranfield University and the user. Depending on the status of the user, the cost can vary from a fully commercial charge for data lease to being royalty free with a small charge for extraction and preparation of the data to meet the user's needs.</gco:CharacterString>
</useLimitation>
</MD_Constraints>
</resourceConstraints>
<spatialRepresentationType>
<MD_SpatialRepresentationTypeCode codeList="http://www.isotc211.org/2005/resources/Codelist/gmxCodelists.xml#MD_SpatialRepresentationTypeCode" codeListValue="vector" codeSpace="ISOTC211/19115">vector</MD_SpatialRepresentationTypeCode>
</spatialRepresentationType>
<spatialResolution>
<MD_Resolution>
<equivalentScale>
<MD_RepresentativeFraction>
<denominator>
<gco:Integer>250000</gco:Integer>
</denominator>
</MD_RepresentativeFraction>
</equivalentScale>
</MD_Resolution>
</spatialResolution>
<language>
<LanguageCode codeList="http://www.loc.gov/standards/iso639-2/php/code_list.php" codeListValue="eng" codeSpace="ISO639-2">eng</LanguageCode>
</language>
<characterSet>
<MD_CharacterSetCode codeList="http://www.isotc211.org/2005/resources/Codelist/gmxCodelists.xml#MD_CharacterSetCode" codeListValue="utf8" codeSpace="ISOTC211/19115">utf8</MD_CharacterSetCode>
</characterSet>
<topicCategory>
<MD_TopicCategoryCode>geoscientificInformation</MD_TopicCategoryCode>
</topicCategory>
<topicCategory>
<MD_TopicCategoryCode>climatologyMeteorologyAtmosphere</MD_TopicCategoryCode>
</topicCategory>
<environmentDescription>
<gco:CharacterString>Microsoft Windows 10 Version 10.0 (Build 22631) ; Esri ArcGIS 13.5.0.57366</gco:CharacterString>
</environmentDescription>
<extent>
<EX_Extent>
<description>
<gco:CharacterString>England and Wales</gco:CharacterString>
</description>
<geographicElement>
<EX_GeographicBoundingBox>
<extentTypeCode>
<gco:Boolean>true</gco:Boolean>
</extentTypeCode>
<westBoundLongitude>
<gco:Decimal>-5.8</gco:Decimal>
</westBoundLongitude>
<eastBoundLongitude>
<gco:Decimal>1.8</gco:Decimal>
</eastBoundLongitude>
<southBoundLatitude>
<gco:Decimal>49.8</gco:Decimal>
</southBoundLatitude>
<northBoundLatitude>
<gco:Decimal>55.8</gco:Decimal>
</northBoundLatitude>
</EX_GeographicBoundingBox>
</geographicElement>
</EX_Extent>
</extent>
</MD_DataIdentification>
</identificationInfo>
<distributionInfo>
<MD_Distribution>
<distributionFormat>
<MD_Format>
<name>
<gco:CharacterString>File Geodatabase Feature Class</gco:CharacterString>
</name>
<version>
<gco:CharacterString>1</gco:CharacterString>
</version>
</MD_Format>
</distributionFormat>
</MD_Distribution>
</distributionInfo>
<dataQualityInfo>
<DQ_DataQuality>
<scope>
<DQ_Scope>
<level>
<MD_ScopeCode codeList="http://www.isotc211.org/2005/resources/Codelist/gmxCodelists.xml#MD_ScopeCode" codeListValue="dataset" codeSpace="ISOTC211/19115">dataset</MD_ScopeCode>
</level>
</DQ_Scope>
</scope>
<lineage>
<LI_Lineage>
<statement>
<gco:CharacterString>Validation - the dataset was carefully checked in a cartographical process by SSLRC Geographical Systems Group</gco:CharacterString>
</statement>
</LI_Lineage>
</lineage>
</DQ_DataQuality>
</dataQualityInfo>
<metadataMaintenance>
<MD_MaintenanceInformation>
<maintenanceAndUpdateFrequency>
<MD_MaintenanceFrequencyCode codeList="http://www.isotc211.org/2005/resources/Codelist/gmxCodelists.xml#MD_MaintenanceFrequencyCode" codeListValue="irregular" codeSpace="ISOTC211/19115">irregular</MD_MaintenanceFrequencyCode>
</maintenanceAndUpdateFrequency>
</MD_MaintenanceInformation>
</metadataMaintenance>
</MD_Metadata>
