<?xml version="1.0" encoding="UTF-8"?>
<metadata xml:lang="en">
<Esri>
<CreaDate>20251015</CreaDate>
<CreaTime>09521100</CreaTime>
<ArcGISFormat>1.0</ArcGISFormat>
<ArcGISProfile>ISO19139</ArcGISProfile>
<DataProperties>
<itemProps>
<imsContentType Sync="TRUE">002</imsContentType>
<itemName Sync="TRUE">SOILSERIEShydrology</itemName>
</itemProps>
</DataProperties>
<scaleRange>
<minScale>7114836.830814</minScale>
<maxScale>5048.047194</maxScale>
</scaleRange>
<ModDate>20260205</ModDate>
<ModTime>12473800</ModTime>
<SyncOnce>FALSE</SyncOnce>
<SyncDate>20260205</SyncDate>
<SyncTime>12473800</SyncTime>
</Esri>
<dataIdInfo>
<idAbs>&lt;p&gt;This product contains many properties of soil series, most of which are hydrological in nature. This table contains the depth of soil to various defined layers - rock or impermeable layers and the HOST and Hydrological rock classes.&lt;/p&gt;</idAbs>
<idCitation>
<resTitle>SOILSERIEShydrology</resTitle>
<date>
<pubDate>2026-03-31T00:00:00</pubDate>
</date>
<presForm>
<PresFormCd value="011" Sync="TRUE">
</PresFormCd>
</presForm>
<collTitle>LandIS</collTitle>
</idCitation>
<dataExt>
<exDesc>England and Wales</exDesc>
<geoEle>
<GeoBndBox>
<westBL Sync="FALSE">-5.80</westBL>
<eastBL Sync="FALSE">1.80</eastBL>
<northBL Sync="FALSE">55.80</northBL>
<southBL Sync="FALSE">49.80</southBL>
<exTypeCode>1</exTypeCode>
</GeoBndBox>
</geoEle>
</dataExt>
<searchKeys>
<keyword>Soil</keyword>
</searchKeys>
<idPurp>Properties of soil series, most of which are hydrological in nature</idPurp>
<idCredit>© Cranfield University and the Controller of HMSO</idCredit>
<resConst>
<Consts>
<useLimit>&lt;p&gt;The information contained in LandIS is copyright and its use is therefore subject to a specific licensing agreement between Cranfield University and the user. Depending on the status of the user, the cost can vary from a fully commercial charge for data lease to being royalty free with a small charge for extraction and preparation of the data to meet the user's needs.&lt;/p&gt;</useLimit>
</Consts>
</resConst>
<dataLang>
<languageCode value="eng">
</languageCode>
<countryCode value="GB" Sync="TRUE">
</countryCode>
</dataLang>
<dataChar>
<CharSetCd value="004">
</CharSetCd>
</dataChar>
<spatRpType>
<SpatRepTypCd value="003" Sync="TRUE">
</SpatRepTypCd>
</spatRpType>
<dataScale>
<equScale>
<rfDenom>250000</rfDenom>
</equScale>
</dataScale>
<envirDesc Sync="FALSE">Esri ArcGIS 13.5.0.57366</envirDesc>
<otherKeys>
<thesaName>
<resTitle>GEMET - INSPIRE themes, version 1.0</resTitle>
</thesaName>
<keyword>Soil</keyword>
</otherKeys>
<otherKeys>
<thesaName>
<resTitle>GEMET - Concepts, version 2.3</resTitle>
</thesaName>
<keyword>soil water</keyword>
</otherKeys>
<tpCat>
<TopicCatCd value="008">
</TopicCatCd>
</tpCat>
</dataIdInfo>
<mdLang>
<languageCode value="eng">
</languageCode>
<countryCode value="GBR" Sync="TRUE">
</countryCode>
</mdLang>
<mdHrLv>
<ScopeCd value="005">
</ScopeCd>
</mdHrLv>
<mdHrLvName>dataset</mdHrLvName>
<mdFileID>SOILSERIEShydrology</mdFileID>
<mdChar>
<CharSetCd value="004">
</CharSetCd>
</mdChar>
<mdDateSt>2026-03-31</mdDateSt>
<mdContact>
<role>
<RoleCd value="007">
</RoleCd>
</role>
<rpCntInfo>
<cntAddress addressType="postal">
<eMailAdd>landis@cranfield.ac.uk</eMailAdd>
<delPoint>Building 121, Cranfield Campus</delPoint>
<city>Cranfield</city>
<adminArea>Bedfordshire</adminArea>
<postCode>MK43 0AL</postCode>
<country>GB</country>
</cntAddress>
<cntPhone>
<voiceNum>+44 (0)1234 750111</voiceNum>
</cntPhone>
<cntOnlineRes>
<linkage>https://www.landis.org.uk</linkage>
</cntOnlineRes>
<cntHours>9am-5pm (United Kingdom Time)</cntHours>
<cntInstr>Please email us in the first instance.</cntInstr>
</rpCntInfo>
<rpOrgName>Cranfield University</rpOrgName>
<rpPosName>Administrator</rpPosName>
<rpIndName>LandIS Administrator</rpIndName>
</mdContact>
<dqInfo>
<dqScope>
<scpLvl>
<ScopeCd value="005">
</ScopeCd>
</scpLvl>
</dqScope>
<dataLineage>
<statement>The soil properties associated with each series are derived using a mixture of measured data and expert judgement.</statement>
</dataLineage>
</dqInfo>
<distInfo>
<distFormat>
<formatName>File Geodatabase Table</formatName>
<formatVer>1</formatVer>
</distFormat>
</distInfo>
<refSysInfo>
<RefSystem>
<refSysID>
<identCode code="British National Grid" Sync="FALSE">
</identCode>
<idCodeSpace>EPSG</idCodeSpace>
<idVersion>6.3(3.0.1)</idVersion>
</refSysID>
</RefSystem>
</refSysInfo>
<mdMaint>
<maintFreq>
<MaintFreqCd value="010">
</MaintFreqCd>
</maintFreq>
</mdMaint>
<eainfo>
<detailed Name="SOILSERIEShydrology">
<attr>
<attrlabl>OBJECTID</attrlabl>
<attrtype>OID</attrtype>
<attrdef>Object Identifier</attrdef>
<attwidth>4</attwidth>
<atprecis>0</atprecis>
<attrdefs>Esri</attrdefs>
<attalias>OBJECTID</attalias>
<attscale>0</attscale>
<attrdomv>
<udom>Sequential unique whole numbers that are automatically generated.</udom>
</attrdomv>
</attr>
<attr>
<attrlabl>SERIES</attrlabl>
<attrtype>Double</attrtype>
<attrdef>Original list of soil series before reclassification to expand the man made raw soils and disturbed soils classifications for urban areas</attrdef>
<attwidth>8</attwidth>
<atprecis>0</atprecis>
<attrdefs>Esri</attrdefs>
<attalias>SERIES</attalias>
<attscale>0</attscale>
</attr>
<attr>
<attrlabl>SERIES_NAME</attrlabl>
<attrtype>String</attrtype>
<attrdef>The name of the soil series, the basic unit of soil taxonomic classification, named after the place where they were first described</attrdef>
<attwidth>25</attwidth>
<atprecis>0</atprecis>
<attrdefs>Esri</attrdefs>
<attalias>SERIES_NAME</attalias>
<attscale>0</attscale>
</attr>
<attr>
<attrlabl>DROCK</attrlabl>
<attrtype>SmallInteger</attrtype>
<attrdef>Depth (cm) to rock. 999 implies no rock</attrdef>
<attwidth>2</attwidth>
<atprecis>0</atprecis>
<attrdefs>Esri</attrdefs>
<attalias>DROCK</attalias>
<attscale>0</attscale>
</attr>
<attr>
<attrlabl>DGLEY</attrlabl>
<attrtype>SmallInteger</attrtype>
<attrdef>Depth to gleyed horizon (cm). 999 implies NO gleyed horizon present.</attrdef>
<attwidth>2</attwidth>
<atprecis>0</atprecis>
<attrdefs>Esri</attrdefs>
<attalias>DGLEY</attalias>
<attscale>0</attscale>
</attr>
<attr>
<attrlabl>HYD_ROCK</attrlabl>
<attrtype>String</attrtype>
<attrdef>Hydrological of Rock type - a hydrological classification of the rocks in the UK</attrdef>
<attwidth>2</attwidth>
<atprecis>0</atprecis>
<attrdefs>Esri</attrdefs>
<attalias>HYD_ROCK</attalias>
<attscale>0</attscale>
</attr>
<attr>
<attrlabl>DIMP_DP</attrlabl>
<attrtype>SmallInteger</attrtype>
<attrdef>Depth (cm) to slowly permeable layer, i.e. in which effectively there is no downward percolation of water - 999 implies NO slowly permeable layer</attrdef>
<attwidth>2</attwidth>
<atprecis>0</atprecis>
<attrdefs>Esri</attrdefs>
<attalias>DIMP_DP</attalias>
<attscale>0</attscale>
</attr>
<attr>
<attrlabl>IAC_DP</attrlabl>
<attrtype>SmallInteger</attrtype>
<attrdef>Integrated air capacity (downward percolation), a measurement of the volume of air in moist soils (0.05 bar suction) integrated from the surface to either an impermeable horizon, bedrock or 1 m whichever is the shallowest, used for estimating the water storage potential of a soil</attrdef>
<attwidth>2</attwidth>
<atprecis>0</atprecis>
<attrdefs>Esri</attrdefs>
<attalias>IAC_DP</attalias>
<attscale>0</attscale>
</attr>
<attr>
<attrlabl>DIMP_UD</attrlabl>
<attrtype>SmallInteger</attrtype>
<attrdef>Depth (cm) to slowly permeable layer - upward diffusion, i.e. in which effectively there is no upward movement of water - 999 implies NO slowly permeable layer</attrdef>
<attwidth>2</attwidth>
<atprecis>0</atprecis>
<attrdefs>Esri</attrdefs>
<attalias>DIMP_UD</attalias>
<attscale>0</attscale>
</attr>
<attr>
<attrlabl>IAC_UD</attrlabl>
<attrtype>SmallInteger</attrtype>
<attrdef>Integrated air capacity (upward diffusion), a measurement of the volume of air in moist soils (0.05 bar suction) integrated from the base of the profile (usually 1.5 m or bedrock) upwards to an impermeable horizon or the surface, used to estimate the potential uptake of a soil for gases percolating up from the bedrock</attrdef>
<attwidth>2</attwidth>
<atprecis>0</atprecis>
<attrdefs>Esri</attrdefs>
<attalias>IAC_UD</attalias>
<attscale>0</attscale>
</attr>
<attr>
<attrlabl>HOST</attrlabl>
<attrtype>SmallInteger</attrtype>
<attrdef>Hydrological Of Soil Types (HOST) - a hydrological classification of the soils in the UK</attrdef>
<attwidth>2</attwidth>
<atprecis>0</atprecis>
<attrdefs>Esri</attrdefs>
<attalias>HOST</attalias>
<attscale>0</attscale>
</attr>
<attr>
<attrlabl>BYFLOW</attrlabl>
<attrtype>String</attrtype>
<attrdef>Bypass flow (Yes/No)</attrdef>
<attwidth>1</attwidth>
<atprecis>0</atprecis>
<attrdefs>Esri</attrdefs>
<attalias>BYFLOW</attalias>
<attscale>0</attscale>
</attr>
<attr>
<attrlabl>BFI</attrlabl>
<attrtype>Single</attrtype>
<attrdef>Baseflow index. Dimensionless variable (range 0 to 1) that expresses the fraction of the average flow volume (in a river), represented by the contribution from groundwater storage</attrdef>
<attwidth>4</attwidth>
<atprecis>0</atprecis>
<attrdefs>Esri</attrdefs>
<attalias>BFI</attalias>
<attscale>0</attscale>
</attr>
<attr>
<attrlabl>SPR</attrlabl>
<attrtype>SmallInteger</attrtype>
<attrdef>Standard Percentage Run-off. Dimensionless variable (range 0 to 100 %) that represents the percentage of rainfall that causes the short-term increase in flow at the catchment outlet seen after the storm event</attrdef>
<attwidth>2</attwidth>
<atprecis>0</atprecis>
<attrdefs>Esri</attrdefs>
<attalias>SPR</attalias>
<attscale>0</attscale>
</attr>
<enttyp>
<enttypl>SOILSERIEShydrology</enttypl>
<enttypt>Table</enttypt>
<enttypc>460</enttypc>
</enttyp>
</detailed>
</eainfo>
<mdParentID>LandIS</mdParentID>
</metadata>
