<?xml version="1.0" encoding="UTF-8"?>
<metadata xml:lang="en">
<Esri>
<CreaDate>20251015</CreaDate>
<CreaTime>09310400</CreaTime>
<ArcGISFormat>1.0</ArcGISFormat>
<ArcGISProfile>ISO19139</ArcGISProfile>
<DataProperties>
<itemProps>
<imsContentType Sync="TRUE">002</imsContentType>
<itemName Sync="TRUE">T200temperature</itemName>
<nativeExtBox>
<westBL Sync="TRUE">127986.000000</westBL>
<eastBL Sync="TRUE">654300.000000</eastBL>
<southBL Sync="TRUE">41200.000000</southBL>
<northBL Sync="TRUE">1007312.000000</northBL>
<exTypeCode Sync="TRUE">1</exTypeCode>
</nativeExtBox>
</itemProps>
<coordRef>
<type Sync="TRUE">Projected</type>
<geogcsn Sync="TRUE">GCS_OSGB_1936</geogcsn>
<csUnits Sync="TRUE">Linear Unit: Meter (1.000000)</csUnits>
<projcsn Sync="TRUE">British_National_Grid</projcsn>
<peXml Sync="TRUE">&lt;ProjectedCoordinateSystem xsi:type='typens:ProjectedCoordinateSystem' xmlns:xsi='http://www.w3.org/2001/XMLSchema-instance' xmlns:xs='http://www.w3.org/2001/XMLSchema' xmlns:typens='http://www.esri.com/schemas/ArcGIS/3.5.0'&gt;&lt;WKT&gt;PROJCS[&amp;quot;British_National_Grid&amp;quot;,GEOGCS[&amp;quot;GCS_OSGB_1936&amp;quot;,DATUM[&amp;quot;D_OSGB_1936&amp;quot;,SPHEROID[&amp;quot;Airy_1830&amp;quot;,6377563.396,299.3249646]],PRIMEM[&amp;quot;Greenwich&amp;quot;,0.0],UNIT[&amp;quot;Degree&amp;quot;,0.0174532925199433]],PROJECTION[&amp;quot;Transverse_Mercator&amp;quot;],PARAMETER[&amp;quot;False_Easting&amp;quot;,400000.0],PARAMETER[&amp;quot;False_Northing&amp;quot;,-100000.0],PARAMETER[&amp;quot;Central_Meridian&amp;quot;,-2.0],PARAMETER[&amp;quot;Scale_Factor&amp;quot;,0.9996012717],PARAMETER[&amp;quot;Latitude_Of_Origin&amp;quot;,49.0],UNIT[&amp;quot;Meter&amp;quot;,1.0],AUTHORITY[&amp;quot;EPSG&amp;quot;,27700]]&lt;/WKT&gt;&lt;XOrigin&gt;-5220400&lt;/XOrigin&gt;&lt;YOrigin&gt;-15524400&lt;/YOrigin&gt;&lt;XYScale&gt;450481592.76709664&lt;/XYScale&gt;&lt;ZOrigin&gt;-100000&lt;/ZOrigin&gt;&lt;ZScale&gt;10000&lt;/ZScale&gt;&lt;MOrigin&gt;-100000&lt;/MOrigin&gt;&lt;MScale&gt;10000&lt;/MScale&gt;&lt;XYTolerance&gt;0.001&lt;/XYTolerance&gt;&lt;ZTolerance&gt;0.001&lt;/ZTolerance&gt;&lt;MTolerance&gt;0.001&lt;/MTolerance&gt;&lt;HighPrecision&gt;true&lt;/HighPrecision&gt;&lt;WKID&gt;27700&lt;/WKID&gt;&lt;LatestWKID&gt;27700&lt;/LatestWKID&gt;&lt;/ProjectedCoordinateSystem&gt;</peXml>
</coordRef>
</DataProperties>
<ModDate>20260205</ModDate>
<ModTime>12504800</ModTime>
<SyncOnce>FALSE</SyncOnce>
<SyncDate>20260205</SyncDate>
<SyncTime>12504800</SyncTime>
</Esri>
<dataIdInfo>
<idAbs>&lt;p&gt;Daily minimum and maximum temperature for T200 project. Collected between 1/1/1961 and 31/12/1980 for 75 stations. Data originates from AFRC ARCMET.&lt;/p&gt;</idAbs>
<idCitation>
<resTitle>T200temperature</resTitle>
<date>
<pubDate>2026-03-31T00:00:00</pubDate>
</date>
<presForm>
<PresFormCd value="005" Sync="TRUE">
</PresFormCd>
</presForm>
<collTitle>LandIS</collTitle>
</idCitation>
<dataExt>
<exDesc>England and Wales</exDesc>
<geoEle>
<GeoBndBox>
<westBL Sync="FALSE">-5.80</westBL>
<eastBL Sync="FALSE">1.80</eastBL>
<northBL Sync="FALSE">55.80</northBL>
<southBL Sync="FALSE">49.80</southBL>
<exTypeCode>1</exTypeCode>
</GeoBndBox>
</geoEle>
</dataExt>
<searchKeys>
<keyword>Temperature</keyword>
</searchKeys>
<idPurp>Daily minimum and maximum temperature for T200 project. Collected between 1/1/1961 and 31/12/1980 for 75 stations</idPurp>
<idCredit>© Cranfield University and the Controller of HMSO</idCredit>
<resConst>
<Consts>
<useLimit>&lt;p&gt;The information contained in LandIS is copyright and its use is therefore subject to a specific licensing agreement between Cranfield University and the user. Depending on the status of the user, the cost can vary from a fully commercial charge for data lease to being royalty free with a small charge for extraction and preparation of the data to meet the user's needs.&lt;/p&gt;</useLimit>
</Consts>
</resConst>
<dataLang>
<languageCode value="eng">
</languageCode>
<countryCode value="GB" Sync="TRUE">
</countryCode>
</dataLang>
<dataChar>
<CharSetCd value="004">
</CharSetCd>
</dataChar>
<spatRpType>
<SpatRepTypCd value="001">
</SpatRepTypCd>
</spatRpType>
<dataScale>
<equScale>
<rfDenom>250000</rfDenom>
</equScale>
</dataScale>
<envirDesc Sync="FALSE">Esri ArcGIS 13.5.0.57366</envirDesc>
<otherKeys>
<thesaName>
<resTitle>GEMET - INSPIRE themes, version 1.0</resTitle>
</thesaName>
<keyword>Meteorological geographical features</keyword>
</otherKeys>
<otherKeys>
<thesaName>
<resTitle>GEMET - Concepts, version 2.3</resTitle>
</thesaName>
<keyword>temperature</keyword>
</otherKeys>
<tpCat>
<TopicCatCd value="004">
</TopicCatCd>
</tpCat>
</dataIdInfo>
<mdLang>
<languageCode value="eng">
</languageCode>
<countryCode value="GBR" Sync="TRUE">
</countryCode>
</mdLang>
<mdHrLv>
<ScopeCd value="005">
</ScopeCd>
</mdHrLv>
<mdHrLvName>dataset</mdHrLvName>
<mdFileID>T200temperature</mdFileID>
<mdChar>
<CharSetCd value="004">
</CharSetCd>
</mdChar>
<mdDateSt>2026-03-31</mdDateSt>
<mdContact>
<role>
<RoleCd value="007">
</RoleCd>
</role>
<rpCntInfo>
<cntAddress addressType="postal">
<eMailAdd>landis@cranfield.ac.uk</eMailAdd>
<delPoint>Building 121, Cranfield Campus</delPoint>
<city>Cranfield</city>
<adminArea>Bedfordshire</adminArea>
<postCode>MK43 0AL</postCode>
<country>GB</country>
</cntAddress>
<cntPhone>
<voiceNum>+44 (0)1234 750111</voiceNum>
</cntPhone>
<cntOnlineRes>
<linkage>https://www.landis.org.uk</linkage>
</cntOnlineRes>
<cntHours>9am-5pm (United Kingdom Time)</cntHours>
<cntInstr>Please email us in the first instance.</cntInstr>
</rpCntInfo>
<rpOrgName>Cranfield University</rpOrgName>
<rpPosName>Administrator</rpPosName>
<rpIndName>LandIS Administrator</rpIndName>
</mdContact>
<dqInfo>
<dqScope>
<scpLvl>
<ScopeCd value="005">
</ScopeCd>
</scpLvl>
</dqScope>
<dataLineage>
<statement>The agroclimatic data represents a statistical summary of measured properties interpolated across England and Wales and therefore has the inherent limitations of interpolated data.

The data originates from AFRC ARCMET, and covers the period 1961-1980. MAFF Project code CC0309; LE0309; SR0105.</statement>
</dataLineage>
</dqInfo>
<distInfo>
<distFormat>
<formatName>File Geodatabase Feature Class</formatName>
<formatVer>1</formatVer>
</distFormat>
</distInfo>
<refSysInfo>
<RefSystem>
<refSysID>
<identCode code="British National Grid" Sync="FALSE">
</identCode>
<idCodeSpace>EPSG</idCodeSpace>
<idVersion>6.3(3.0.1)</idVersion>
</refSysID>
</RefSystem>
</refSysInfo>
<mdMaint>
<maintFreq>
<MaintFreqCd value="010">
</MaintFreqCd>
</maintFreq>
</mdMaint>
<eainfo>
<detailed Name="T200temperature">
<attr>
<attrlabl>OBJECTID</attrlabl>
<attrtype>OID</attrtype>
<attrdef>Object Identifier</attrdef>
<attwidth>4</attwidth>
<atprecis>0</atprecis>
<attrdefs>Esri</attrdefs>
<attalias>OBJECTID</attalias>
<attscale>0</attscale>
<attrdomv>
<udom>Sequential unique whole numbers that are automatically generated.</udom>
</attrdomv>
</attr>
<attr>
<attrlabl>Shape</attrlabl>
<attrtype>Geometry</attrtype>
<attrdef>Shape</attrdef>
<attwidth>0</attwidth>
<atprecis>0</atprecis>
<attrdefs>Esri</attrdefs>
<attalias>Shape</attalias>
<attscale>0</attscale>
<attrdomv>
<udom>Coordinates defining the features.</udom>
</attrdomv>
</attr>
<attr>
<attrlabl>EAST_10M</attrlabl>
<attrtype>Integer</attrtype>
<attrdef>National Grid reference easting at 10 m resolution</attrdef>
<attwidth>4</attwidth>
<atprecis>0</atprecis>
<attrdefs>Esri</attrdefs>
<attalias>EAST_10M</attalias>
<attscale>0</attscale>
</attr>
<attr>
<attrlabl>NORTH_10M</attrlabl>
<attrtype>Integer</attrtype>
<attrdef>National Grid reference northing at 10 m resolution</attrdef>
<attwidth>4</attwidth>
<atprecis>0</atprecis>
<attrdefs>Esri</attrdefs>
<attalias>NORTH_10M</attalias>
<attscale>0</attscale>
</attr>
<attr>
<attrlabl>STATION_CODE</attrlabl>
<attrtype>String</attrtype>
<attrdef>Three letter code used to identify Meteorological stations</attrdef>
<attwidth>3</attwidth>
<atprecis>0</atprecis>
<attrdefs>Esri</attrdefs>
<attalias>STATION_CODE</attalias>
<attscale>0</attscale>
</attr>
<attr>
<attrlabl>YEAR</attrlabl>
<attrtype>SmallInteger</attrtype>
<attrdef>Year</attrdef>
<attwidth>4</attwidth>
<atprecis>0</atprecis>
<attrdefs>Esri</attrdefs>
<attalias>YEAR</attalias>
<attscale>0</attscale>
</attr>
<attr>
<attrlabl>DAY_NO</attrlabl>
<attrtype>SmallInteger</attrtype>
<attrdef>Sequential number for days of the year from 1 to 365</attrdef>
<attwidth>3</attwidth>
<atprecis>0</atprecis>
<attrdefs>Esri</attrdefs>
<attalias>DAY_NO</attalias>
<attscale>0</attscale>
</attr>
<attr>
<attrlabl>MAX_TEMP</attrlabl>
<attrtype>Single</attrtype>
<attrdef>Maximum temperature (degrees C)</attrdef>
<attwidth>4</attwidth>
<atprecis>0</atprecis>
<attrdefs>Esri</attrdefs>
<attalias>MAX_TEMP</attalias>
<attscale>0</attscale>
</attr>
<attr>
<attrlabl>MIN_TEMP</attrlabl>
<attrtype>Single</attrtype>
<attrdef>Minimum temperature (degrees C)</attrdef>
<attwidth>4</attwidth>
<atprecis>0</atprecis>
<attrdefs>Esri</attrdefs>
<attalias>MIN_TEMP</attalias>
<attscale>0</attscale>
</attr>
<enttyp>
<enttypl>T200temperature</enttypl>
<enttypt>Feature Class</enttypt>
<enttypc>795700</enttypc>
</enttyp>
</detailed>
</eainfo>
<spatRepInfo>
<VectSpatRep>
<topLvl>
<TopoLevCd value="001" Sync="TRUE">
</TopoLevCd>
</topLvl>
<geometObjs Name="T200temperature">
<geoObjTyp>
<GeoObjTypCd value="004" Sync="TRUE">
</GeoObjTypCd>
</geoObjTyp>
<geoObjCnt>795700</geoObjCnt>
</geometObjs>
</VectSpatRep>
</spatRepInfo>
<mdParentID>LandIS</mdParentID>
<spdoinfo>
<ptvctinf>
<esriterm Name="T200temperature">
<efeatyp Sync="TRUE">Simple</efeatyp>
<efeageom code="1" Sync="TRUE">
</efeageom>
<esritopo Sync="TRUE">FALSE</esritopo>
<efeacnt Sync="TRUE">795700</efeacnt>
<spindex Sync="TRUE">TRUE</spindex>
<linrefer Sync="TRUE">FALSE</linrefer>
</esriterm>
</ptvctinf>
</spdoinfo>
</metadata>
