<?xml version="1.0" encoding="UTF-8"?>
<metadata xml:lang="en">
<Esri>
<CreaDate>20070620</CreaDate>
<CreaTime>12101600</CreaTime>
<ArcGISFormat>1.0</ArcGISFormat>
<ArcGISProfile>ISO19139</ArcGISProfile>
<DataProperties>
<itemProps>
<imsContentType Sync="TRUE">002</imsContentType>
<itemName Sync="TRUE">UK_FC4170_1K</itemName>
<nativeExtBox>
<westBL Sync="TRUE">5000.000000</westBL>
<eastBL Sync="TRUE">659000.000000</eastBL>
<southBL Sync="TRUE">5000.000000</southBL>
<northBL Sync="TRUE">1221000.000000</northBL>
<exTypeCode Sync="TRUE">1</exTypeCode>
</nativeExtBox>
<itemSize Sync="TRUE">7.589</itemSize>
</itemProps>
<coordRef>
<type Sync="TRUE">Projected</type>
<geogcsn Sync="TRUE">GCS_OSGB_1936</geogcsn>
<csUnits Sync="TRUE">Linear Unit: Meter (1.000000)</csUnits>
<projcsn Sync="TRUE">British_National_Grid</projcsn>
<peXml Sync="TRUE">&lt;ProjectedCoordinateSystem xsi:type='typens:ProjectedCoordinateSystem' xmlns:xsi='http://www.w3.org/2001/XMLSchema-instance' xmlns:xs='http://www.w3.org/2001/XMLSchema' xmlns:typens='http://www.esri.com/schemas/ArcGIS/3.5.0'&gt;&lt;WKT&gt;PROJCS[&amp;quot;British_National_Grid&amp;quot;,GEOGCS[&amp;quot;GCS_OSGB_1936&amp;quot;,DATUM[&amp;quot;D_OSGB_1936&amp;quot;,SPHEROID[&amp;quot;Airy_1830&amp;quot;,6377563.396,299.3249646]],PRIMEM[&amp;quot;Greenwich&amp;quot;,0.0],UNIT[&amp;quot;Degree&amp;quot;,0.0174532925199433]],PROJECTION[&amp;quot;Transverse_Mercator&amp;quot;],PARAMETER[&amp;quot;False_Easting&amp;quot;,400000.0],PARAMETER[&amp;quot;False_Northing&amp;quot;,-100000.0],PARAMETER[&amp;quot;Central_Meridian&amp;quot;,-2.0],PARAMETER[&amp;quot;Scale_Factor&amp;quot;,0.9996012717],PARAMETER[&amp;quot;Latitude_Of_Origin&amp;quot;,49.0],UNIT[&amp;quot;Meter&amp;quot;,1.0],AUTHORITY[&amp;quot;EPSG&amp;quot;,27700]]&lt;/WKT&gt;&lt;XOrigin&gt;-5220400&lt;/XOrigin&gt;&lt;YOrigin&gt;-15524400&lt;/YOrigin&gt;&lt;XYScale&gt;10000&lt;/XYScale&gt;&lt;ZOrigin&gt;-100000&lt;/ZOrigin&gt;&lt;ZScale&gt;10000&lt;/ZScale&gt;&lt;MOrigin&gt;-100000&lt;/MOrigin&gt;&lt;MScale&gt;10000&lt;/MScale&gt;&lt;XYTolerance&gt;0.001&lt;/XYTolerance&gt;&lt;ZTolerance&gt;0.001&lt;/ZTolerance&gt;&lt;MTolerance&gt;0.001&lt;/MTolerance&gt;&lt;HighPrecision&gt;true&lt;/HighPrecision&gt;&lt;WKID&gt;27700&lt;/WKID&gt;&lt;LatestWKID&gt;27700&lt;/LatestWKID&gt;&lt;/ProjectedCoordinateSystem&gt;</peXml>
</coordRef>
</DataProperties>
<ModDate>20260205</ModDate>
<ModTime>12522500</ModTime>
<SyncOnce>FALSE</SyncOnce>
<SyncDate>20260205</SyncDate>
<SyncTime>12522500</SyncTime>
<MetaID>{761EF5FF-7AC4-4D64-B5FA-87635EADA2D6}</MetaID>
</Esri>
<dataIdInfo>
<idAbs>&lt;p&gt;Field Capacity for UK 1941-1970 at 1 km resolution (interpolated from 5 km resolution data adjusted by 1 km resolution altitude)&lt;/p&gt;</idAbs>
<idCitation>
<resTitle>UK_FC4170_1K</resTitle>
<date>
<pubDate>2026-03-31T00:00:00</pubDate>
</date>
<presForm>
<PresFormCd value="005" Sync="TRUE">
</PresFormCd>
</presForm>
<collTitle>LandIS</collTitle>
</idCitation>
<dataExt>
<exDesc>United Kingdom</exDesc>
<geoEle>
<GeoBndBox Sync="FALSE">
<westBL>-9.20</westBL>
<eastBL>2.80</eastBL>
<northBL>60.80</northBL>
<southBL>49.80</southBL>
<exTypeCode>1</exTypeCode>
</GeoBndBox>
</geoEle>
</dataExt>
<searchKeys>
<keyword>Soil</keyword>
<keyword>Field capacity</keyword>
</searchKeys>
<idPurp>Field Capacity for UK 1941-1970 at 1 km resolution</idPurp>
<idCredit>© Cranfield University and the Controller of HMSO</idCredit>
<resConst>
<Consts>
<useLimit>&lt;p&gt;The information contained in LandIS is copyright and its use is therefore subject to a specific licensing agreement between Cranfield University and the user. Depending on the status of the user, the cost can vary from a fully commercial charge for data lease to being royalty free with a small charge for extraction and preparation of the data to meet the user's needs.&lt;/p&gt;</useLimit>
</Consts>
</resConst>
<dataLang>
<languageCode value="eng" Sync="TRUE">
</languageCode>
<countryCode value="GB" Sync="FALSE">
</countryCode>
</dataLang>
<dataChar>
<CharSetCd value="004">
</CharSetCd>
</dataChar>
<spatRpType>
<SpatRepTypCd value="001" Sync="TRUE">
</SpatRepTypCd>
</spatRpType>
<dataScale>
<equScale>
<rfDenom>250000</rfDenom>
</equScale>
</dataScale>
<envirDesc Sync="FALSE">Esri ArcGIS 13.5.0.57366</envirDesc>
<otherKeys>
<thesaName>
<resTitle>GEMET - INSPIRE themes, version 1.0</resTitle>
</thesaName>
<keyword>Meteorological geographical features</keyword>
</otherKeys>
<otherKeys>
<thesaName>
<resTitle>GEMET - Concepts, version 2.3</resTitle>
</thesaName>
<keyword>soil moisture regime</keyword>
</otherKeys>
<tpCat>
<TopicCatCd value="008">
</TopicCatCd>
</tpCat>
<geoBox esriExtentType="decdegrees">
<westBL Sync="TRUE">-9.240586</westBL>
<eastBL Sync="TRUE">2.760348</eastBL>
<northBL Sync="TRUE">60.872383</northBL>
<southBL Sync="TRUE">49.814259</southBL>
<exTypeCode Sync="TRUE">1</exTypeCode>
</geoBox>
</dataIdInfo>
<mdLang>
<languageCode value="eng" Sync="TRUE">
</languageCode>
<countryCode value="GBR" Sync="TRUE">
</countryCode>
</mdLang>
<mdHrLv>
<ScopeCd value="005" Sync="TRUE">
</ScopeCd>
</mdHrLv>
<mdHrLvName>dataset</mdHrLvName>
<mdFileID>UK_FC4170_1K</mdFileID>
<mdChar>
<CharSetCd value="004" Sync="TRUE">
</CharSetCd>
</mdChar>
<mdDateSt>2026-03-31</mdDateSt>
<mdContact>
<role>
<RoleCd value="007">
</RoleCd>
</role>
<rpCntInfo>
<cntAddress addressType="postal">
<eMailAdd>landis@cranfield.ac.uk</eMailAdd>
<delPoint>Building 121, Cranfield Campus</delPoint>
<city>Cranfield</city>
<adminArea>Bedfordshire</adminArea>
<postCode>MK43 0AL</postCode>
<country>GB</country>
</cntAddress>
<cntPhone>
<voiceNum>+44 (0)1234 750111</voiceNum>
</cntPhone>
<cntOnlineRes>
<linkage>https://www.landis.org.uk</linkage>
</cntOnlineRes>
<cntHours>9am-5pm (United Kingdom Time)</cntHours>
<cntInstr>Please email us in the first instance.</cntInstr>
</rpCntInfo>
<rpOrgName>Cranfield University</rpOrgName>
<rpPosName>Administrator</rpPosName>
<rpIndName>LandIS Administrator</rpIndName>
</mdContact>
<dqInfo>
<dqScope>
<scpLvl>
<ScopeCd value="005">
</ScopeCd>
</scpLvl>
</dqScope>
<dataLineage>
<statement>The agroclimatic data represents a statistical summary of measured properties interpolated across England and Wales and therefore has the inherent limitations of interpolated data.</statement>
</dataLineage>
</dqInfo>
<distInfo>
<distTranOps>
<transSize Sync="TRUE">7.589</transSize>
</distTranOps>
<distFormat>
<formatName>File Geodatabase Feature Class</formatName>
<formatVer>1</formatVer>
</distFormat>
</distInfo>
<refSysInfo>
<RefSystem>
<refSysID>
<identCode code="27700" Sync="TRUE">British_National_Grid</identCode>
<idCodeSpace>EPSG</idCodeSpace>
<idVersion>6.3(3.0.1)</idVersion>
</refSysID>
</RefSystem>
</refSysInfo>
<mdMaint>
<maintFreq>
<MaintFreqCd value="010">
</MaintFreqCd>
</maintFreq>
</mdMaint>
<eainfo>
<detailed Name="UK_FC4170_1K">
<enttyp>
<enttypl>UK_FC4170_1K</enttypl>
<enttypt>Feature Class</enttypt>
<enttypc>284195</enttypc>
</enttyp>
<attr>
<attrlabl>OBJECTID</attrlabl>
<attalias>OBJECTID</attalias>
<attrtype>OID</attrtype>
<attwidth>4</attwidth>
<atprecis>0</atprecis>
<attscale>0</attscale>
<attrdef>Internal feature number.</attrdef>
<attrdefs>Esri</attrdefs>
<attrdomv>
<udom>Sequential unique whole numbers that are automatically generated.</udom>
</attrdomv>
</attr>
<attr>
<attrlabl>Shape</attrlabl>
<attalias>Shape</attalias>
<attrtype>Geometry</attrtype>
<attwidth>0</attwidth>
<atprecis>0</atprecis>
<attscale>0</attscale>
<attrdef>Feature Identification for shape object for referencing with the Feature and Spatial tables</attrdef>
<attrdefs>Esri</attrdefs>
<attrdomv>
<udom>Coordinates defining the features.</udom>
</attrdomv>
</attr>
<attr>
<attrlabl>ID_1K</attrlabl>
<attalias>ID_1K</attalias>
<attrtype>Integer</attrtype>
<attwidth>4</attwidth>
<atprecis>0</atprecis>
<attscale>0</attscale>
<attrdef>Id column added to a table identified as an SDE GEODATABASE</attrdef>
<attrdefs>Esri</attrdefs>
</attr>
<attr>
<attrlabl>EAST_1K</attrlabl>
<attalias>EAST_1K</attalias>
<attrtype>Integer</attrtype>
<attwidth>4</attwidth>
<atprecis>0</atprecis>
<attscale>0</attscale>
<attrdef>National Grid reference easting at 1 km resolution</attrdef>
<attrdefs>Esri</attrdefs>
</attr>
<attr>
<attrlabl>NORTH_1K</attrlabl>
<attalias>NORTH_1K</attalias>
<attrtype>Integer</attrtype>
<attwidth>4</attwidth>
<atprecis>0</atprecis>
<attscale>0</attscale>
<attrdef>National Grid reference northing at 1 km resolution</attrdef>
<attrdefs>Esri</attrdefs>
</attr>
<attr>
<attrlabl>RFC_MED</attrlabl>
<attalias>RFC_MED</attalias>
<attrtype>SmallInteger</attrtype>
<attwidth>2</attwidth>
<atprecis>0</atprecis>
<attscale>0</attscale>
<attrdef>Return to field capacity expressed as number of days after the 31st December (Median)</attrdef>
<attrdefs>Esri</attrdefs>
</attr>
<attr>
<attrlabl>EFC_MED</attrlabl>
<attalias>EFC_MED</attalias>
<attrtype>SmallInteger</attrtype>
<attwidth>2</attwidth>
<atprecis>0</atprecis>
<attscale>0</attscale>
<attrdef>Median end of field capacity expressed as number of days before the 31st December</attrdef>
<attrdefs>Esri</attrdefs>
</attr>
<attr>
<attrlabl>FCD_MED</attrlabl>
<attalias>FCD_MED</attalias>
<attrtype>SmallInteger</attrtype>
<attwidth>2</attwidth>
<atprecis>0</atprecis>
<attscale>0</attscale>
<attrdef>Duration (days) of field capacity (median)</attrdef>
<attrdefs>Esri</attrdefs>
</attr>
<attr>
<attrlabl>RFC_WETQ</attrlabl>
<attalias>RFC_WETQ</attalias>
<attrtype>SmallInteger</attrtype>
<attwidth>2</attwidth>
<atprecis>0</atprecis>
<attscale>0</attscale>
<attrdef>Return to field capacity expressed as number of days after 31st December (Wet quartile)</attrdef>
<attrdefs>Esri</attrdefs>
</attr>
<attr>
<attrlabl>EFC_WETQ</attrlabl>
<attalias>EFC_WETQ</attalias>
<attrtype>SmallInteger</attrtype>
<attwidth>2</attwidth>
<atprecis>0</atprecis>
<attscale>0</attscale>
<attrdef>Wet quartile end of field capacity expressed as number of days before 31st December</attrdef>
<attrdefs>Esri</attrdefs>
</attr>
<attr>
<attrlabl>FCD_WETQ</attrlabl>
<attalias>FCD_WETQ</attalias>
<attrtype>SmallInteger</attrtype>
<attwidth>2</attwidth>
<atprecis>0</atprecis>
<attscale>0</attscale>
<attrdef>Duration (days) of field capacity (Wet Quartile)</attrdef>
<attrdefs>Esri</attrdefs>
</attr>
<attr>
<attrlabl>RFC_DRYQ</attrlabl>
<attalias>RFC_DRYQ</attalias>
<attrtype>SmallInteger</attrtype>
<attwidth>2</attwidth>
<atprecis>0</atprecis>
<attscale>0</attscale>
<attrdef>Return to field capacity expressed as number of days after the 31st December (Dry Quartile)</attrdef>
<attrdefs>Esri</attrdefs>
</attr>
<attr>
<attrlabl>EFC_DRYQ</attrlabl>
<attalias>EFC_DRYQ</attalias>
<attrtype>SmallInteger</attrtype>
<attwidth>2</attwidth>
<atprecis>0</atprecis>
<attscale>0</attscale>
<attrdef>Dry quartile end of field capacity expressed as number of days before the 31st December</attrdef>
<attrdefs>Esri</attrdefs>
</attr>
<attr>
<attrlabl>FCD_DRYQ</attrlabl>
<attalias>FCD_DRYQ</attalias>
<attrtype>SmallInteger</attrtype>
<attwidth>2</attwidth>
<atprecis>0</atprecis>
<attscale>0</attscale>
<attrdef>Duration (days) of field capacity (Dry Quartile)</attrdef>
<attrdefs>Esri</attrdefs>
</attr>
<attr>
<attrlabl>ORIG_FID</attrlabl>
<attalias>ORIG_FID</attalias>
<attrtype>Integer</attrtype>
<attwidth>4</attwidth>
<atprecis>0</atprecis>
<attscale>0</attscale>
<attrdef>Original Feature Identifier</attrdef>
<attrdefs>Esri</attrdefs>
</attr>
</detailed>
</eainfo>
<spatRepInfo>
<VectSpatRep>
<topLvl>
<TopoLevCd value="001" Sync="TRUE">
</TopoLevCd>
</topLvl>
<geometObjs Name="UK_FC4170_1K">
<geoObjTyp>
<GeoObjTypCd value="004" Sync="TRUE">
</GeoObjTypCd>
</geoObjTyp>
<geoObjCnt>284195</geoObjCnt>
</geometObjs>
</VectSpatRep>
</spatRepInfo>
<mdParentID>LandIS</mdParentID>
<idinfo>
<native Sync="FALSE">ESRI ArcCatalog 9.2.2.1350</native>
<descript>
<langdata Sync="TRUE">en</langdata>
<abstract>REQUIRED: A brief narrative summary of the data set.</abstract>
<purpose>REQUIRED: A summary of the intentions with which the data set was developed.</purpose>
</descript>
<citation>
<citeinfo>
<origin>REQUIRED: The name of an organization or individual that developed the data set.</origin>
<pubdate>REQUIRED: The date when the data set is published or otherwise made available for release.</pubdate>
<title Sync="TRUE">UK_FC4170_1K</title>
<ftname Sync="TRUE">UK_FC4170_1K</ftname>
<geoform Sync="TRUE">vector digital data</geoform>
<onlink Sync="FALSE">withheld</onlink>
</citeinfo>
</citation>
<timeperd>
<current>REQUIRED: The basis on which the time period of content information is determined.</current>
<timeinfo>
<sngdate>
<caldate>REQUIRED: The year (and optionally month, or month and day) for which the data set corresponds to the ground.</caldate>
</sngdate>
</timeinfo>
</timeperd>
<status>
<progress>REQUIRED: The state of the data set.</progress>
<update>REQUIRED: The frequency with which changes and additions are made to the data set after the initial data set is completed.</update>
</status>
<spdom>
<bounding>
<westbc Sync="TRUE">-9.240586</westbc>
<eastbc Sync="TRUE">2.760348</eastbc>
<northbc Sync="TRUE">60.872383</northbc>
<southbc Sync="TRUE">49.814259</southbc>
</bounding>
<lboundng>
<leftbc Sync="TRUE">5000.000000</leftbc>
<rightbc Sync="TRUE">659000.000000</rightbc>
<bottombc Sync="TRUE">5000.000000</bottombc>
<topbc Sync="TRUE">1221000.000000</topbc>
</lboundng>
</spdom>
<keywords>
<theme>
<themekt>REQUIRED: Reference to a formally registered thesaurus or a similar authoritative source of theme keywords.</themekt>
<themekey>REQUIRED: Common-use word or phrase used to describe the subject of the data set.</themekey>
</theme>
</keywords>
<accconst>REQUIRED: Restrictions and legal prerequisites for accessing the data set.</accconst>
<useconst>REQUIRED: Restrictions and legal prerequisites for using the data set after access is granted.</useconst>
<natvform Sync="TRUE">Shapefile</natvform>
</idinfo>
<metainfo>
<langmeta Sync="TRUE">en</langmeta>
<metstdn Sync="TRUE">FGDC Content Standards for Digital Geospatial Metadata</metstdn>
<metstdv Sync="TRUE">FGDC-STD-001-1998</metstdv>
<mettc Sync="TRUE">local time</mettc>
<metc>
<cntinfo>
<cntorgp>
<cntper>REQUIRED: The person responsible for the metadata information.</cntper>
<cntorg>REQUIRED: The organization responsible for the metadata information.</cntorg>
</cntorgp>
<cntaddr>
<addrtype>REQUIRED: The mailing and/or physical address for the organization or individual.</addrtype>
<city>REQUIRED: The city of the address.</city>
<state>REQUIRED: The state or province of the address.</state>
<postal>REQUIRED: The ZIP or other postal code of the address.</postal>
</cntaddr>
<cntvoice>REQUIRED: The telephone number by which individuals can speak to the organization or individual.</cntvoice>
</cntinfo>
</metc>
<metd Sync="TRUE">20070621</metd>
</metainfo>
<mdStanName Sync="TRUE">ISO 19115 Geographic Information - Metadata</mdStanName>
<mdStanVer Sync="TRUE">DIS_ESRI1.0</mdStanVer>
<distinfo>
<resdesc Sync="TRUE">Downloadable Data</resdesc>
<stdorder>
<digform>
<digtinfo>
<transize Sync="TRUE">7.589</transize>
<dssize Sync="TRUE">7.589</dssize>
</digtinfo>
</digform>
</stdorder>
</distinfo>
<spdoinfo>
<direct Sync="TRUE">Vector</direct>
<ptvctinf>
<esriterm Name="UK_FC4170_1K">
<efeatyp Sync="TRUE">Simple</efeatyp>
<efeageom code="1" Sync="TRUE">
</efeageom>
<esritopo Sync="TRUE">FALSE</esritopo>
<efeacnt Sync="TRUE">284195</efeacnt>
<spindex Sync="TRUE">TRUE</spindex>
<linrefer Sync="TRUE">FALSE</linrefer>
</esriterm>
</ptvctinf>
</spdoinfo>
<spref>
<horizsys>
<cordsysn>
<geogcsn Sync="TRUE">GCS_OSGB_1936</geogcsn>
<projcsn Sync="TRUE">British_National_Grid</projcsn>
</cordsysn>
<planar>
<planci>
<plance Sync="TRUE">coordinate pair</plance>
<plandu Sync="TRUE">meters</plandu>
<coordrep>
<absres Sync="TRUE">0.000100</absres>
<ordres Sync="TRUE">0.000100</ordres>
</coordrep>
</planci>
</planar>
<geodetic>
<horizdn Sync="TRUE">D_OSGB_1936</horizdn>
<ellips Sync="TRUE">Airy_1830</ellips>
<semiaxis Sync="TRUE">6377563.396000</semiaxis>
<denflat Sync="TRUE">299.324965</denflat>
</geodetic>
</horizsys>
</spref>
<dataqual>
<lineage>
<procstep>
<procdesc Sync="TRUE">Dataset copied.</procdesc>
<date Sync="TRUE">20070620</date>
<time Sync="TRUE">12101600</time>
</procstep>
</lineage>
</dataqual>
</metadata>
