<?xml version="1.0" encoding="UTF-8"?>
<metadata xml:lang="en">
<Esri>
<CreaDate>20251023</CreaDate>
<CreaTime>14520800</CreaTime>
<ArcGISFormat>1.0</ArcGISFormat>
<ArcGISProfile>ISO19139</ArcGISProfile>
<DataProperties>
<itemProps>
<imsContentType>002</imsContentType>
<itemName Sync="TRUE">UKCP09_2080H</itemName>
<nativeExtBox>
<westBL Sync="TRUE">137500.000000</westBL>
<eastBL Sync="TRUE">657500.000000</eastBL>
<southBL Sync="TRUE">12500.000000</southBL>
<northBL Sync="TRUE">662500.000000</northBL>
<exTypeCode Sync="TRUE">1</exTypeCode>
</nativeExtBox>
</itemProps>
<coordRef>
<type Sync="TRUE">Projected</type>
<geogcsn Sync="TRUE">Ordnance Survey Great Brit</geogcsn>
<csUnits Sync="TRUE">Linear Unit: Meter (1.000000)</csUnits>
<projcsn Sync="TRUE">British National Grid</projcsn>
<peXml Sync="TRUE">&lt;ProjectedCoordinateSystem xsi:type='typens:ProjectedCoordinateSystem' xmlns:xsi='http://www.w3.org/2001/XMLSchema-instance' xmlns:xs='http://www.w3.org/2001/XMLSchema' xmlns:typens='http://www.esri.com/schemas/ArcGIS/3.5.0'&gt;&lt;WKT&gt;PROJCS[&amp;quot;British National Grid&amp;quot;,GEOGCS[&amp;quot;Ordnance Survey Great Brit&amp;quot;,DATUM[&amp;quot;Ordnance Survey Great Brit&amp;quot;,SPHEROID[&amp;quot;Airy 1930&amp;quot;,6377563.396,299.3249646]],PRIMEM[&amp;quot;Greenwich&amp;quot;,0.0],UNIT[&amp;quot;Decimal Degree&amp;quot;,0.0174532925199433]],PROJECTION[&amp;quot;Transverse_Mercator&amp;quot;],PARAMETER[&amp;quot;False_Easting&amp;quot;,400000.0],PARAMETER[&amp;quot;False_Northing&amp;quot;,-100000.0],PARAMETER[&amp;quot;Central_Meridian&amp;quot;,-2.0],PARAMETER[&amp;quot;Scale_Factor&amp;quot;,0.9996012717],PARAMETER[&amp;quot;Latitude_Of_Origin&amp;quot;,49.0],UNIT[&amp;quot;Meter&amp;quot;,1.0]]&lt;/WKT&gt;&lt;XOrigin&gt;-5220400&lt;/XOrigin&gt;&lt;YOrigin&gt;-15524400&lt;/YOrigin&gt;&lt;XYScale&gt;10000&lt;/XYScale&gt;&lt;ZOrigin&gt;-100000&lt;/ZOrigin&gt;&lt;ZScale&gt;10000&lt;/ZScale&gt;&lt;MOrigin&gt;-100000&lt;/MOrigin&gt;&lt;MScale&gt;10000&lt;/MScale&gt;&lt;XYTolerance&gt;0.001&lt;/XYTolerance&gt;&lt;ZTolerance&gt;0.001&lt;/ZTolerance&gt;&lt;MTolerance&gt;0.001&lt;/MTolerance&gt;&lt;HighPrecision&gt;true&lt;/HighPrecision&gt;&lt;/ProjectedCoordinateSystem&gt;</peXml>
</coordRef>
</DataProperties>
<scaleRange>
<minScale>11139820.134329</minScale>
<maxScale>4986.092267</maxScale>
</scaleRange>
<ModDate>20260205</ModDate>
<ModTime>13135400</ModTime>
<SyncOnce>FALSE</SyncOnce>
<SyncDate>20260205</SyncDate>
<SyncTime>13135400</SyncTime>
</Esri>
<dataIdInfo>
<idAbs>&lt;p&gt;The UKCP09 Climate Change projection data, computed onto a 5km &amp;nbsp;grid and with agrometeorological parameters calculated for each grid. 2080 High emissions scenario.&lt;/p&gt;</idAbs>
<idCitation>
<resTitle>UKCP09_2080H</resTitle>
<date>
<pubDate>2026-03-31T00:00:00</pubDate>
</date>
<presForm>
<PresFormCd value="005" Sync="TRUE">
</PresFormCd>
</presForm>
<collTitle>LandIS</collTitle>
</idCitation>
<dataExt>
<exDesc>England and Wales</exDesc>
<geoEle>
<GeoBndBox>
<westBL Sync="FALSE">-5.80</westBL>
<eastBL Sync="FALSE">1.80</eastBL>
<northBL Sync="FALSE">55.80</northBL>
<southBL Sync="FALSE">49.80</southBL>
<exTypeCode>1</exTypeCode>
</GeoBndBox>
</geoEle>
</dataExt>
<searchKeys>
<keyword>Climate Change projection</keyword>
</searchKeys>
<idPurp>The UKCP09 Climate Change projection data, computed onto a 5km  grid and with agrometeorological parameters calculated for each grid. 2080 High emissions scenario.</idPurp>
<idCredit>Source data UK Climate Projections 2009 (UKCP09)</idCredit>
<resConst>
<Consts>
<useLimit>&lt;p&gt;See https://catalogue.ceda.ac.uk/uuid/077fd790439c44b99962552af8d37a22/&lt;/p&gt;</useLimit>
</Consts>
</resConst>
<dataLang>
<languageCode value="eng">
</languageCode>
<countryCode value="GB" Sync="FALSE">
</countryCode>
</dataLang>
<dataChar>
<CharSetCd value="004">
</CharSetCd>
</dataChar>
<spatRpType>
<SpatRepTypCd value="002" Sync="FALSE">
</SpatRepTypCd>
</spatRpType>
<dataScale>
<equScale>
<rfDenom>250000</rfDenom>
</equScale>
</dataScale>
<envirDesc Sync="FALSE">Esri ArcGIS 13.5.0.57366</envirDesc>
<tpCat>
<TopicCatCd value="004">
</TopicCatCd>
</tpCat>
</dataIdInfo>
<mdLang>
<languageCode value="eng">
</languageCode>
<countryCode value="GBR" Sync="TRUE">
</countryCode>
</mdLang>
<mdHrLv>
<ScopeCd value="005">
</ScopeCd>
</mdHrLv>
<mdHrLvName>dataset</mdHrLvName>
<mdFileID>UKCP09_2080H</mdFileID>
<mdChar>
<CharSetCd value="004">
</CharSetCd>
</mdChar>
<mdDateSt>2026-03-31</mdDateSt>
<mdContact>
<role>
<RoleCd value="007">
</RoleCd>
</role>
<rpCntInfo>
<cntAddress addressType="postal">
<eMailAdd>landis@cranfield.ac.uk</eMailAdd>
<delPoint>Building 121, Cranfield Campus</delPoint>
<city>Cranfield</city>
<adminArea>Bedfordshire</adminArea>
<postCode>MK43 0AL</postCode>
<country>GB</country>
</cntAddress>
<cntPhone>
<voiceNum>+44(0)1234 750111</voiceNum>
</cntPhone>
<cntOnlineRes>
<linkage>https://www.landis.org.uk</linkage>
</cntOnlineRes>
<cntHours>9am-5pm (United Kingdom Time)</cntHours>
<cntInstr>Please email us in the first instance.</cntInstr>
</rpCntInfo>
<rpOrgName>Cranfield University</rpOrgName>
<rpPosName>Administrator</rpPosName>
<rpIndName>LandIS Administrator</rpIndName>
</mdContact>
<dqInfo>
<dqScope>
<scpLvl>
<ScopeCd value="005">
</ScopeCd>
</scpLvl>
</dqScope>
<dataLineage>
<statement>See https://catalogue.ceda.ac.uk/uuid/077fd790439c44b99962552af8d37a22/</statement>
</dataLineage>
</dqInfo>
<distInfo>
<distFormat>
<formatName>File Geodatabase Feature Class</formatName>
<formatVer>1</formatVer>
</distFormat>
</distInfo>
<refSysInfo>
<RefSystem>
<refSysID>
<identCode code="British National Grid" Sync="FALSE">
</identCode>
<idCodeSpace>EPSG</idCodeSpace>
<idVersion>6.3(3.0.1)</idVersion>
</refSysID>
</RefSystem>
</refSysInfo>
<mdMaint>
<maintFreq>
<MaintFreqCd value="010">
</MaintFreqCd>
</maintFreq>
</mdMaint>
<eainfo>
<detailed Name="UKCP09_2080H">
<attr>
<attrlabl>OBJECTID</attrlabl>
<attrdef>Internal feature number.</attrdef>
<attwidth>4</attwidth>
<attrdefs>Esri</attrdefs>
<attalias>OBJECTID</attalias>
<attrtype>OID</attrtype>
<atprecis>0</atprecis>
<attscale>0</attscale>
<attrdomv>
<udom>Sequential unique whole numbers that are automatically generated.</udom>
</attrdomv>
</attr>
<attr>
<attrlabl>Shape</attrlabl>
<attrdef>Feature geometry.</attrdef>
<attwidth>0</attwidth>
<attrdefs>Esri</attrdefs>
<attalias>Shape</attalias>
<attrtype>Geometry</attrtype>
<atprecis>0</atprecis>
<attscale>0</attscale>
<attrdomv>
<udom>Coordinates defining the features.</udom>
</attrdomv>
</attr>
<attr>
<attrlabl>GRID5K</attrlabl>
<attrdef>5 km grid</attrdef>
<attwidth>4</attwidth>
<attrdefs>UKCP</attrdefs>
<attalias>GRID5K</attalias>
<attrtype>Integer</attrtype>
<atprecis>0</atprecis>
<attscale>0</attscale>
</attr>
<attr>
<attrlabl>UNIQUEID</attrlabl>
<attrdef>Unique Identifier</attrdef>
<attwidth>4</attwidth>
<attrdefs>UKCP</attrdefs>
<attalias>UNIQUEID</attalias>
<attrtype>Integer</attrtype>
<atprecis>0</atprecis>
<attscale>0</attscale>
</attr>
<attr>
<attrlabl>EASTING</attrlabl>
<attrdef>National Grid reference easting</attrdef>
<attwidth>4</attwidth>
<attrdefs>UKCP</attrdefs>
<attalias>EASTING</attalias>
<attrtype>Integer</attrtype>
<atprecis>0</atprecis>
<attscale>0</attscale>
</attr>
<attr>
<attrlabl>NORTHING</attrlabl>
<attrdef>National Grid reference northing</attrdef>
<attwidth>4</attwidth>
<attrdefs>UKCP</attrdefs>
<attalias>NORTHING</attalias>
<attrtype>Integer</attrtype>
<atprecis>0</atprecis>
<attscale>0</attscale>
</attr>
<attr>
<attrlabl>ALT</attrlabl>
<attrdef>Altitude (m) above Ordnance Datum (OD)</attrdef>
<attwidth>8</attwidth>
<attrdefs>UKCP</attrdefs>
<attalias>ALT</attalias>
<attrtype>Double</attrtype>
<atprecis>0</atprecis>
<attscale>0</attscale>
</attr>
<attr>
<attrlabl>AT0</attrlabl>
<attrdef>Accumulated Temperature above 0 °C</attrdef>
<attwidth>8</attwidth>
<attrdefs>UKCP</attrdefs>
<attalias>AT0</attalias>
<attrtype>Double</attrtype>
<atprecis>0</atprecis>
<attscale>0</attscale>
</attr>
<attr>
<attrlabl>ATS</attrlabl>
<attrdef>Accumulated Temperature above 0 °C, April to September</attrdef>
<attwidth>8</attwidth>
<attrdefs>UKCP</attrdefs>
<attalias>ATS</attalias>
<attrtype>Double</attrtype>
<atprecis>0</atprecis>
<attscale>0</attscale>
</attr>
<attr>
<attrlabl>AAR</attrlabl>
<attrdef>Average Annual Rainfall (mm)</attrdef>
<attwidth>8</attwidth>
<attrdefs>UKCP</attrdefs>
<attalias>AAR</attalias>
<attrtype>Double</attrtype>
<atprecis>0</atprecis>
<attscale>0</attscale>
</attr>
<attr>
<attrlabl>ASR</attrlabl>
<attrdef>Average Summer Rain (mm)</attrdef>
<attwidth>8</attwidth>
<attrdefs>UKCP</attrdefs>
<attalias>ASR</attalias>
<attrtype>Double</attrtype>
<atprecis>0</atprecis>
<attscale>0</attscale>
</attr>
<attr>
<attrlabl>FCD</attrlabl>
<attrdef>Field Capacity Days</attrdef>
<attwidth>8</attwidth>
<attrdefs>UKCP</attrdefs>
<attalias>FCD</attalias>
<attrtype>Double</attrtype>
<atprecis>0</atprecis>
<attscale>0</attscale>
</attr>
<attr>
<attrlabl>MDW</attrlabl>
<attrdef>Machinery Work Days Wheat</attrdef>
<attwidth>8</attwidth>
<attrdefs>UKCP</attrdefs>
<attalias>MDW</attalias>
<attrtype>Double</attrtype>
<atprecis>0</atprecis>
<attscale>0</attscale>
</attr>
<attr>
<attrlabl>MDP</attrlabl>
<attrdef>Machinery Work Days Potatoes</attrdef>
<attwidth>8</attwidth>
<attrdefs>UKCP</attrdefs>
<attalias>MDP</attalias>
<attrtype>Double</attrtype>
<atprecis>0</atprecis>
<attscale>0</attscale>
</attr>
<attr>
<attrlabl>SIMULATED</attrlabl>
<attrdef>Simulated</attrdef>
<attwidth>1</attwidth>
<attrdefs>UKCP</attrdefs>
<attalias>SIMULATED</attalias>
<attrtype>String</attrtype>
<atprecis>0</atprecis>
<attscale>0</attscale>
</attr>
<enttyp>
<enttypl>UKCP09_2080H</enttypl>
<enttypt>Feature Class</enttypt>
<enttypc>6484</enttypc>
</enttyp>
</detailed>
</eainfo>
<spatRepInfo>
<VectSpatRep>
<topLvl>
<TopoLevCd value="001" Sync="TRUE">
</TopoLevCd>
</topLvl>
<geometObjs Name="UKCP09_2080H">
<geoObjTyp>
<GeoObjTypCd value="004" Sync="TRUE">
</GeoObjTypCd>
</geoObjTyp>
<geoObjCnt>6484</geoObjCnt>
</geometObjs>
</VectSpatRep>
</spatRepInfo>
<mdParentID>LandIS</mdParentID>
<spdoinfo>
<ptvctinf>
<esriterm Name="UKCP09_2080H">
<efeatyp Sync="TRUE">Simple</efeatyp>
<efeageom code="1" Sync="TRUE">
</efeageom>
<esritopo Sync="TRUE">FALSE</esritopo>
<efeacnt Sync="TRUE">6484</efeacnt>
<spindex Sync="TRUE">TRUE</spindex>
<linrefer Sync="TRUE">FALSE</linrefer>
</esriterm>
</ptvctinf>
</spdoinfo>
</metadata>
