<?xml version="1.0" encoding="UTF-8"?>
<metadata xml:lang="en">
<Esri>
<CreaDate>20250925</CreaDate>
<CreaTime>12170700</CreaTime>
<ArcGISFormat>1.0</ArcGISFormat>
<ArcGISProfile>ISO19139</ArcGISProfile>
<DataProperties>
<itemProps>
<imsContentType Sync="TRUE">002</imsContentType>
<itemName Sync="TRUE">HORIZONhydraulics</itemName>
</itemProps>
</DataProperties>
<scaleRange>
<minScale>9360124.083828</minScale>
<maxScale>5000</maxScale>
</scaleRange>
<ModDate>20251001</ModDate>
<ModTime>12065800</ModTime>
<SyncOnce>FALSE</SyncOnce>
<SyncDate>20251001</SyncDate>
<SyncTime>11392900</SyncTime>
</Esri>
<dataIdInfo>
<idAbs>&lt;DIV STYLE="text-align:Left;"&gt;&lt;DIV&gt;&lt;DIV&gt;&lt;P&gt;&lt;SPAN&gt;This product contains soil series-layer properties which describe the respective properties of four successive nominal layers within each soil topsoil, upper subsoil, lower subsoil and substrate. In addition, there are separate values for every soil series under each of four land use classes. Calculated values for water content (theta), bulk and particle density from Pedo-transfer functions derived by Van-Genuchten are available for each soil series under arable, ley   grass, permanent grass and other land use (woodland and semi-natural vegetation)&lt;/SPAN&gt;&lt;/P&gt;&lt;/DIV&gt;&lt;/DIV&gt;&lt;/DIV&gt;</idAbs>
<idCitation>
<resTitle>HORIZONhydraulics</resTitle>
<date>
<pubDate>2026-03-31T00:00:00</pubDate>
</date>
<presForm>
<PresFormCd value="005">
</PresFormCd>
</presForm>
<resAltTitle>HORIZONhydraulics</resAltTitle>
<collTitle>LandIS</collTitle>
</idCitation>
<dataExt>
<exDesc>England and Wales</exDesc>
<geoEle>
<GeoBndBox>
<westBL>-5.80</westBL>
<eastBL>1.80</eastBL>
<northBL>55.80</northBL>
<southBL>49.80</southBL>
<exTypeCode>1</exTypeCode>
</GeoBndBox>
</geoEle>
</dataExt>
<searchKeys>
<keyword>NATMAP</keyword>
<keyword>SOILSERIES</keyword>
<keyword>HORIZONS</keyword>
<keyword>Soil</keyword>
<keyword>soil water</keyword>
<keyword>peat</keyword>
</searchKeys>
<idPurp>Tabular data that can be used in conjunction with any of the NATMAP products except NATMAP soilscapes. Used in assessing or modelling the capability or vulnerability of land. HORIZON hydraulics provides a range of hydraulic properties, for example water content, for each soil series-layer (soil horizon).</idPurp>
<idCredit>© Cranfield University and the Controller of HMSO</idCredit>
<resConst>
<Consts>
<useLimit>&lt;div style="text-align:Left;"&gt;&lt;div&gt;&lt;div&gt;&lt;p&gt;&lt;span&gt;Data originated from the Cranfield University, Land Information System LandIS® Portal licensed under "Cranfield &amp;amp; Defra Open Data Licence v1.0" 2026&lt;/span&gt;&lt;/p&gt;&lt;/div&gt;&lt;/div&gt;&lt;/div&gt;</useLimit>
</Consts>
</resConst>
<resConst>
<LegConsts>
<accessConsts>
<RestrictCd value="005">
</RestrictCd>
</accessConsts>
<useConsts>
<RestrictCd value="005">
</RestrictCd>
</useConsts>
<useLimit>Data originated from the Cranfield University, Land Information System LandIS® Portal licensed under "Cranfield &amp; Defra Open Data Licence v1.0" 2026</useLimit>
<othConsts>Data originated from the Cranfield University, Land Information System LandIS® Portal licensed under "Cranfield &amp; Defra Open Data Licence v1.0" 2026</othConsts>
</LegConsts>
</resConst>
<dataLang>
<languageCode value="eng">
</languageCode>
<countryCode value="GB" Sync="FALSE">
</countryCode>
</dataLang>
<dataChar>
<CharSetCd value="004">
</CharSetCd>
</dataChar>
<spatRpType>
<SpatRepTypCd value="003" Sync="TRUE">
</SpatRepTypCd>
</spatRpType>
<dataScale>
<equScale>
<rfDenom>250000</rfDenom>
</equScale>
</dataScale>
<envirDesc Sync="FALSE">Esri ArcGIS 13.4.0.55405</envirDesc>
<idStatus>
<ProgCd value="001">
</ProgCd>
</idStatus>
<graphOver>
<bgFileName>http://www.soil-net.com/sm3objects/Secondary/Horizons.jpg</bgFileName>
<bgFileDesc>thumbnail</bgFileDesc>
<bgFileType>png</bgFileType>
</graphOver>
<resMaint>
<maintFreq>
<MaintFreqCd value="010">
</MaintFreqCd>
</maintFreq>
</resMaint>
<otherKeys>
<thesaName>
<resTitle>GEMET - INSPIRE themes, version 1.0</resTitle>
</thesaName>
<keyword>Soil</keyword>
</otherKeys>
<otherKeys>
<thesaName>
<resTitle>GEMET - Concepts, version 2.3</resTitle>
</thesaName>
<keyword>soil water</keyword>
<keyword>peat</keyword>
</otherKeys>
<tpCat>
<TopicCatCd value="008">
</TopicCatCd>
</tpCat>
</dataIdInfo>
<mdLang>
<languageCode value="eng">
</languageCode>
<countryCode value="GBR" Sync="TRUE">
</countryCode>
</mdLang>
<mdHrLv>
<ScopeCd value="005">
</ScopeCd>
</mdHrLv>
<mdHrLvName>dataset</mdHrLvName>
<mdFileID>HORIZONhydraulics</mdFileID>
<mdChar>
<CharSetCd value="004">
</CharSetCd>
</mdChar>
<mdDateSt>2026-03-31</mdDateSt>
<mdContact>
<rpIndName>LandIS Administrator</rpIndName>
<rpOrgName>Cranfield University</rpOrgName>
<rpPosName>Administrator</rpPosName>
<rpCntInfo>
<cntAddress addressType="postal">
<eMailAdd>landis@cranfield.ac.uk</eMailAdd>
<delPoint>Building 121, Cranfield University</delPoint>
<city>Cranfield</city>
<adminArea>Bedfordshire</adminArea>
<postCode>MK43 0AL</postCode>
<country>GB</country>
</cntAddress>
<cntPhone>
<voiceNum>+44 (0) 1234 750111</voiceNum>
</cntPhone>
<cntOnlineRes>
<linkage>https://www.landis.org.uk</linkage>
</cntOnlineRes>
<cntHours>9am-5pm (United Kingdom Time)</cntHours>
<cntInstr>Please email us in the first instance.</cntInstr>
</rpCntInfo>
<role>
<RoleCd value="007">
</RoleCd>
</role>
</mdContact>
<dqInfo>
<dqScope>
<scpLvl>
<ScopeCd value="005">
</ScopeCd>
</scpLvl>
</dqScope>
<dataLineage>
<statement>The fundamental horizon information provided here is a statistical summary of actual measured data where it exists, this data has been thoroughly checked by soil experts and where no measured data was available an appropriate value was entered which was deemed by the expert to best represent the soil horizon. The hydraulic properties of each horizon are derived from the fundamental properties by pedotransfer functions.</statement>
</dataLineage>
<report type="DQDomConsis">
<measResult>
<ConResult>
<conSpec>
<resTitle>INSPIRE Metadata Implementing Rules: Technical Guidelines based on EN ISO 19115 and EN ISO 19119 ( Revised edition)</resTitle>
<date>
<pubDate>2026-03-31T00:00:00</pubDate>
</date>
</conSpec>
<conExpl>See the referenced specification</conExpl>
<conPass>true</conPass>
</ConResult>
</measResult>
</report>
</dqInfo>
<distInfo>
<distTranOps>
<onLineSrc>
<linkage>http://www.landis.org.uk/</linkage>
<protocol>WWW:LINK-1.0-http--samples</protocol>
<orName>LandIS website</orName>
<orDesc>LandIS website</orDesc>
</onLineSrc>
</distTranOps>
</distInfo>
<refSysInfo>
<RefSystem>
<refSysID>
<identCode code="British National Grid">
</identCode>
</refSysID>
</RefSystem>
</refSysInfo>
<mdMaint>
<maintFreq>
<MaintFreqCd value="010">
</MaintFreqCd>
</maintFreq>
</mdMaint>
<eainfo>
<detailed Name="HORIZONhydraulics">
<enttyp>
<enttypl>HORIZONhydraulics</enttypl>
<enttypt>Table</enttypt>
<enttypc>6591</enttypc>
</enttyp>
<attr>
<attrlabl>OBJECTID</attrlabl>
<attalias>OBJECTID</attalias>
<attrtype>OID</attrtype>
<attwidth>4</attwidth>
<atprecis>0</atprecis>
<attscale>0</attscale>
<attrdef>Internal feature number.</attrdef>
<attrdefs>Esri</attrdefs>
<attrdomv>
<udom>Sequential unique whole numbers that are automatically generated.</udom>
</attrdomv>
</attr>
<attr>
<attrlabl>HORID</attrlabl>
<attalias>HORID</attalias>
<attrtype>String</attrtype>
<attwidth>11</attwidth>
<atprecis>0</atprecis>
<attscale>0</attscale>
<attrdef>Horizon Identifier</attrdef>
<attrdefs>Esri</attrdefs>
</attr>
<attr>
<attrlabl>SERIES</attrlabl>
<attalias>SERIES</attalias>
<attrtype>Integer</attrtype>
<attwidth>4</attwidth>
<atprecis>0</atprecis>
<attscale>0</attscale>
<attrdef>Soil series code for each series, this is a 4 digit numeric code</attrdef>
<attrdefs>Esri</attrdefs>
</attr>
<attr>
<attrlabl>SERIES_NAME</attrlabl>
<attalias>SERIES_NAME</attalias>
<attrtype>String</attrtype>
<attwidth>25</attwidth>
<atprecis>0</atprecis>
<attscale>0</attscale>
<attrdef>Soil series name</attrdef>
<attrdefs>Esri</attrdefs>
</attr>
<attr>
<attrlabl>LU_GROUP</attrlabl>
<attalias>LU_GROUP</attalias>
<attrtype>String</attrtype>
<attwidth>2</attwidth>
<atprecis>0</atprecis>
<attscale>0</attscale>
<attrdef>Land Use Group</attrdef>
<attrdefs>Esri</attrdefs>
</attr>
<attr>
<attrlabl>DESIGNATN</attrlabl>
<attalias>DESIGNATION</attalias>
<attrtype>String</attrtype>
<attwidth>5</attwidth>
<atprecis>0</atprecis>
<attscale>0</attscale>
<attrdef>Horizon Designation - At a basic level A (Topsoil) B (subsoil) C (Parent Material) E (Elluvial) O (Organic)</attrdef>
<attrdefs>Esri</attrdefs>
</attr>
<attr>
<attrlabl>UPPERDEPTH</attrlabl>
<attalias>UPPER_DEPTH</attalias>
<attrtype>Integer</attrtype>
<attwidth>4</attwidth>
<atprecis>0</atprecis>
<attscale>0</attscale>
<attrdef>Horizon upper depth in cm (&lt;0 indicated litter layer)</attrdef>
<attrdefs>Esri</attrdefs>
</attr>
<attr>
<attrlabl>LOWERDEPTH</attrlabl>
<attalias>LOWER_DEPTH</attalias>
<attrtype>Integer</attrtype>
<attwidth>4</attwidth>
<atprecis>0</atprecis>
<attscale>0</attscale>
<attrdef>Horizon lower depth in cm (999 implies depth below bottom of profile)</attrdef>
<attrdefs>Esri</attrdefs>
</attr>
<attr>
<attrlabl>BULKD</attrlabl>
<attalias>BULK_DENSITY</attalias>
<attrtype>Double</attrtype>
<attwidth>8</attwidth>
<atprecis>0</atprecis>
<attscale>0</attscale>
<attrdef>Bulk density (g/cm3) - calculated using pedotransfer functions</attrdef>
<attrdefs>Esri</attrdefs>
</attr>
<attr>
<attrlabl>PD</attrlabl>
<attalias>PARTICLE_DENSITY</attalias>
<attrtype>Double</attrtype>
<attwidth>8</attwidth>
<atprecis>0</atprecis>
<attscale>0</attscale>
<attrdef>Particle density (g/cm3) - calculated using pedotransfer functions</attrdef>
<attrdefs>Esri</attrdefs>
</attr>
<attr>
<attrlabl>TP</attrlabl>
<attalias>TOTAL_POROSITY</attalias>
<attrtype>Double</attrtype>
<attwidth>8</attwidth>
<atprecis>0</atprecis>
<attscale>0</attscale>
<attrdef>Total pore space (%vol) - calculated using pedotransfer functions</attrdef>
<attrdefs>Esri</attrdefs>
</attr>
<attr>
<attrlabl>THV0</attrlabl>
<attalias>THV0</attalias>
<attrtype>Double</attrtype>
<attwidth>8</attwidth>
<atprecis>0</atprecis>
<attscale>0</attscale>
<attrdef>Water content at saturation (% vol) - calculated using pedotransfer functions</attrdef>
<attrdefs>Esri</attrdefs>
</attr>
<attr>
<attrlabl>THV1</attrlabl>
<attalias>THV1</attalias>
<attrtype>Double</attrtype>
<attwidth>8</attwidth>
<atprecis>0</atprecis>
<attscale>0</attscale>
<attrdef>Empirical water content at 1 kPa tension (% vol) - calculated using pedotransfer functions</attrdef>
<attrdefs>Esri</attrdefs>
</attr>
<attr>
<attrlabl>THV5</attrlabl>
<attalias>THV5</attalias>
<attrtype>Double</attrtype>
<attwidth>8</attwidth>
<atprecis>0</atprecis>
<attscale>0</attscale>
<attrdef>Empirical water content at 5 kPa tension (% vol) - calculated using pedotransfer functions</attrdef>
<attrdefs>Esri</attrdefs>
</attr>
<attr>
<attrlabl>THV10</attrlabl>
<attalias>THV10</attalias>
<attrtype>Double</attrtype>
<attwidth>8</attwidth>
<atprecis>0</atprecis>
<attscale>0</attscale>
<attrdef>Empirical water content at 10 kPa tension (% vol)- calculated using pedotransfer functions</attrdef>
<attrdefs>Esri</attrdefs>
</attr>
<attr>
<attrlabl>THV40</attrlabl>
<attalias>THV40</attalias>
<attrtype>Double</attrtype>
<attwidth>8</attwidth>
<atprecis>0</atprecis>
<attscale>0</attscale>
<attrdef>Empirical water content at 40 kPa tension (% vol) - calculated using pedotransfer functions</attrdef>
<attrdefs>Esri</attrdefs>
</attr>
<attr>
<attrlabl>THV200</attrlabl>
<attalias>THV200</attalias>
<attrtype>Double</attrtype>
<attwidth>8</attwidth>
<atprecis>0</atprecis>
<attscale>0</attscale>
<attrdef>Empirical water content at 200 kPa tension (% vol) - calculated using pedotransfer functions</attrdef>
<attrdefs>Esri</attrdefs>
</attr>
<attr>
<attrlabl>THV1500</attrlabl>
<attalias>THV1500</attalias>
<attrtype>Double</attrtype>
<attwidth>8</attwidth>
<atprecis>0</atprecis>
<attscale>0</attscale>
<attrdef>Empirical water content at 1500 kPa tension (% vol) - calculated using pedotransfer functions</attrdef>
<attrdefs>Esri</attrdefs>
</attr>
<attr>
<attrlabl>KSAT_SUB</attrlabl>
<attalias>KSAT_SUBVERT</attalias>
<attrtype>Double</attrtype>
<attwidth>8</attwidth>
<atprecis>0</atprecis>
<attscale>0</attscale>
<attrdef>Saturated hydraulic conductivity (sub-vertical)  - calculated from pedotransfer functions</attrdef>
<attrdefs>Esri</attrdefs>
</attr>
<attr>
<attrlabl>KSAT_LAT</attrlabl>
<attalias>KSAT_LAT</attalias>
<attrtype>Double</attrtype>
<attwidth>8</attwidth>
<atprecis>0</atprecis>
<attscale>0</attscale>
<attrdef>Saturated hydraulic conductivity (lateral) - calculated from pedotransfer functions</attrdef>
<attrdefs>Esri</attrdefs>
</attr>
<attr>
<attrlabl>VG_TH_S</attrlabl>
<attalias>VG_TH_S</attalias>
<attrtype>Double</attrtype>
<attwidth>8</attwidth>
<atprecis>0</atprecis>
<attscale>0</attscale>
<attrdef>Van Genuchten's water content at saturation (w/w)</attrdef>
<attrdefs>Esri</attrdefs>
</attr>
<attr>
<attrlabl>VG_TH_R</attrlabl>
<attalias>VG_TH_R</attalias>
<attrtype>Double</attrtype>
<attwidth>8</attwidth>
<atprecis>0</atprecis>
<attscale>0</attscale>
<attrdef>Van Genuchten's residual water content (w/w)</attrdef>
<attrdefs>Esri</attrdefs>
</attr>
<attr>
<attrlabl>VG_ALPHA</attrlabl>
<attalias>VG_ALPHA</attalias>
<attrtype>Double</attrtype>
<attwidth>8</attwidth>
<atprecis>0</atprecis>
<attscale>0</attscale>
<attrdef>Van Genuchten's 'alpha' parameter</attrdef>
<attrdefs>Esri</attrdefs>
</attr>
<attr>
<attrlabl>VG_N</attrlabl>
<attalias>VG_N</attalias>
<attrtype>Double</attrtype>
<attwidth>8</attwidth>
<atprecis>0</atprecis>
<attscale>0</attscale>
<attrdef>Van Genuchten's 'n' parameter</attrdef>
<attrdefs>Esri</attrdefs>
</attr>
<attr>
<attrlabl>VG_M</attrlabl>
<attalias>VG_M</attalias>
<attrtype>Double</attrtype>
<attwidth>8</attwidth>
<atprecis>0</atprecis>
<attscale>0</attscale>
<attrdef>Van Genuchten's 'm' parameter</attrdef>
<attrdefs>Esri</attrdefs>
</attr>
<attr>
<attrlabl>BC_TH_S</attrlabl>
<attalias>BC_TH_S</attalias>
<attrtype>Double</attrtype>
<attwidth>8</attwidth>
<atprecis>0</atprecis>
<attscale>0</attscale>
<attrdef>Brook's Corey water content at saturation (vol fraction)</attrdef>
<attrdefs>Esri</attrdefs>
</attr>
<attr>
<attrlabl>BC_ALPHA</attrlabl>
<attalias>BC_ALPHA</attalias>
<attrtype>Double</attrtype>
<attwidth>8</attwidth>
<atprecis>0</atprecis>
<attscale>0</attscale>
<attrdef>Brook's Corey 'a' parameter</attrdef>
<attrdefs>Esri</attrdefs>
</attr>
<attr>
<attrlabl>BC_BETA</attrlabl>
<attalias>BC_BETA</attalias>
<attrtype>Double</attrtype>
<attwidth>8</attwidth>
<atprecis>0</atprecis>
<attscale>0</attscale>
<attrdef>Brook's Corey 'b' parameter</attrdef>
<attrdefs>Esri</attrdefs>
</attr>
</detailed>
</eainfo>
<mdParentID>LandIS</mdParentID>
<mdStanName>ArcGIS Metadata</mdStanName>
<mdStanVer>1.0</mdStanVer>
</metadata>
