<?xml version="1.0" encoding="UTF-8"?>
<metadata xml:lang="en">
<Esri>
<CreaDate>20250911</CreaDate>
<CreaTime>11463300</CreaTime>
<ArcGISFormat>1.0</ArcGISFormat>
<ArcGISProfile>ISO19139</ArcGISProfile>
<DataProperties>
<itemProps>
<imsContentType Sync="TRUE">002</imsContentType>
<itemName Sync="TRUE">NATMAP2000</itemName>
<nativeExtBox>
<westBL Sync="TRUE">82000.000002</westBL>
<eastBL Sync="TRUE">656000.000002</eastBL>
<southBL Sync="TRUE">4000.000002</southBL>
<northBL Sync="TRUE">660000.000002</northBL>
<exTypeCode Sync="TRUE">1</exTypeCode>
</nativeExtBox>
</itemProps>
<coordRef>
<type Sync="TRUE">Projected</type>
<geogcsn Sync="TRUE">GCS_OSGB_1936</geogcsn>
<csUnits Sync="TRUE">Linear Unit: Meter (1.000000)</csUnits>
<projcsn Sync="TRUE">British_National_Grid</projcsn>
<peXml Sync="TRUE">&lt;ProjectedCoordinateSystem xsi:type='typens:ProjectedCoordinateSystem' xmlns:xsi='http://www.w3.org/2001/XMLSchema-instance' xmlns:xs='http://www.w3.org/2001/XMLSchema' xmlns:typens='http://www.esri.com/schemas/ArcGIS/3.4.0'&gt;&lt;WKT&gt;PROJCS[&amp;quot;British_National_Grid&amp;quot;,GEOGCS[&amp;quot;GCS_OSGB_1936&amp;quot;,DATUM[&amp;quot;D_OSGB_1936&amp;quot;,SPHEROID[&amp;quot;Airy_1830&amp;quot;,6377563.396,299.3249646]],PRIMEM[&amp;quot;Greenwich&amp;quot;,0.0],UNIT[&amp;quot;Degree&amp;quot;,0.0174532925199433]],PROJECTION[&amp;quot;Transverse_Mercator&amp;quot;],PARAMETER[&amp;quot;False_Easting&amp;quot;,400000.0],PARAMETER[&amp;quot;False_Northing&amp;quot;,-100000.0],PARAMETER[&amp;quot;Central_Meridian&amp;quot;,-2.0],PARAMETER[&amp;quot;Scale_Factor&amp;quot;,0.9996012717],PARAMETER[&amp;quot;Latitude_Of_Origin&amp;quot;,49.0],UNIT[&amp;quot;Meter&amp;quot;,1.0],AUTHORITY[&amp;quot;EPSG&amp;quot;,27700]]&lt;/WKT&gt;&lt;XOrigin&gt;-5220400&lt;/XOrigin&gt;&lt;YOrigin&gt;-15524400&lt;/YOrigin&gt;&lt;XYScale&gt;450481592.76709664&lt;/XYScale&gt;&lt;ZOrigin&gt;-100000&lt;/ZOrigin&gt;&lt;ZScale&gt;10000&lt;/ZScale&gt;&lt;MOrigin&gt;-100000&lt;/MOrigin&gt;&lt;MScale&gt;10000&lt;/MScale&gt;&lt;XYTolerance&gt;0.001&lt;/XYTolerance&gt;&lt;ZTolerance&gt;0.001&lt;/ZTolerance&gt;&lt;MTolerance&gt;0.001&lt;/MTolerance&gt;&lt;HighPrecision&gt;true&lt;/HighPrecision&gt;&lt;WKID&gt;27700&lt;/WKID&gt;&lt;LatestWKID&gt;27700&lt;/LatestWKID&gt;&lt;/ProjectedCoordinateSystem&gt;</peXml>
</coordRef>
</DataProperties>
<scaleRange>
<minScale>11236080.534501</minScale>
<maxScale>5000</maxScale>
</scaleRange>
<ModDate>20251001</ModDate>
<ModTime>11590200</ModTime>
<SyncOnce>FALSE</SyncOnce>
<SyncDate>20251001</SyncDate>
<SyncTime>11401100</SyncTime>
</Esri>
<dataIdInfo>
<idAbs>&lt;div style="text-align:Left;"&gt;&lt;div&gt;&lt;p&gt;&lt;span&gt;NATMAP 2000 is a series based, 2 km2 grid vector spatial data set covering the whole of Wales and England. (relative % of soil series flattened in a table for easy database querying).&lt;/span&gt;&lt;/p&gt;&lt;p&gt;&lt;/p&gt;&lt;p&gt;&lt;span&gt;NATMAP 2000 comes from the National Soil Map. The National Soil Map was published in 1983 after four years of intensive work by the field survey teams of the National Soil Resources Institute. It is the product of ""free"" survey with an average of 2 to 3 soil observations per sq km outside areas mapped during more detailed soil survey. A new improved version of the National Soil Map was introduced in 2001. It includes complete urban soil coverage and increased accuracy of line work.&lt;/span&gt;&lt;/p&gt;&lt;/div&gt;&lt;/div&gt;</idAbs>
<idCitation>
<resTitle>NATMAP2000</resTitle>
<date>
<pubDate>2026-03-31T00:00:00</pubDate>
</date>
<collTitle>LandIS</collTitle>
</idCitation>
<dataExt>
<exDesc>England and Wales</exDesc>
<geoEle>
<GeoBndBox>
<westBL Sync="FALSE">-5.80</westBL>
<eastBL Sync="FALSE">1.80</eastBL>
<northBL Sync="FALSE">55.80</northBL>
<southBL Sync="FALSE">49.80</southBL>
<exTypeCode>1</exTypeCode>
</GeoBndBox>
</geoEle>
</dataExt>
<searchKeys>
<keyword>NATMAP</keyword>
<keyword>Soil</keyword>
<keyword>Soil Type</keyword>
<keyword>Soil Map</keyword>
<keyword>Soil Grid</keyword>
<keyword>Peat</keyword>
</searchKeys>
<idPurp>This product is useful for anyone wanting a general understanding of the soil series within a region, for those who are not too concerned with actual line work, but only require the overall breakdown of soils within their area.</idPurp>
<idCredit>© Cranfield University and the Controller of HMSO</idCredit>
<resConst>
<Consts>
<useLimit>&lt;div style="text-align:Left;"&gt;&lt;div&gt;&lt;p&gt;&lt;span&gt;Data originated from the Cranfield University, Land Information System LandIS® Portal licensed under "Cranfield &amp;amp; Defra Open Data Licence v1.0" 2026&lt;/span&gt;&lt;/p&gt;&lt;/div&gt;&lt;/div&gt;</useLimit>
</Consts>
</resConst>
<resConst>
<LegConsts>
<accessConsts>
<RestrictCd value="005">
</RestrictCd>
</accessConsts>
<useConsts>
<RestrictCd value="005">
</RestrictCd>
</useConsts>
<useLimit>Data originated from the Cranfield University, Land Information System LandIS® Portal licensed under "Cranfield &amp; Defra Open Data Licence v1.0" 2026</useLimit>
<othConsts>Data originated from the Cranfield University, Land Information System LandIS® Portal licensed under "Cranfield &amp; Defra Open Data Licence v1.0" 2026</othConsts>
</LegConsts>
</resConst>
<dataLang>
<languageCode value="eng">
</languageCode>
<countryCode value="GB" Sync="FALSE">
</countryCode>
</dataLang>
<dataChar>
<CharSetCd value="004">
</CharSetCd>
</dataChar>
<spatRpType>
<SpatRepTypCd value="002" Sync="FALSE">
</SpatRepTypCd>
</spatRpType>
<dataScale>
<equScale>
<rfDenom>250000</rfDenom>
</equScale>
</dataScale>
<envirDesc Sync="FALSE">Esri ArcGIS 13.4.0.55405</envirDesc>
<graphOver>
<bgFileName>http://www.landis.org.uk/data/images/nm1000anglesey.jpg</bgFileName>
<bgFileDesc>thumbnail</bgFileDesc>
<bgFileType>png</bgFileType>
</graphOver>
<resMaint>
<maintFreq>
<MaintFreqCd value="010">
</MaintFreqCd>
</maintFreq>
</resMaint>
<otherKeys>
<thesaName>
<resTitle>GEMET - INSPIRE themes, version 1.0</resTitle>
</thesaName>
<keyword>Soil</keyword>
</otherKeys>
<otherKeys>
<thesaName>
<resTitle>GEMET - Concepts, version 2.3</resTitle>
</thesaName>
<keyword>soil type</keyword>
<keyword>soil map</keyword>
<keyword>peat</keyword>
</otherKeys>
<tpCat>
<TopicCatCd value="008">
</TopicCatCd>
</tpCat>
</dataIdInfo>
<mdLang>
<languageCode value="eng">
</languageCode>
<countryCode value="GBR" Sync="TRUE">
</countryCode>
</mdLang>
<mdHrLv>
<ScopeCd value="005">
</ScopeCd>
</mdHrLv>
<mdHrLvName>dataset</mdHrLvName>
<mdFileID>NATMAP2000</mdFileID>
<mdChar>
<CharSetCd value="004">
</CharSetCd>
</mdChar>
<mdDateSt>2026-03-31</mdDateSt>
<mdContact>
<rpOrgName>Cranfield University</rpOrgName>
<rpPosName>Administrator</rpPosName>
<rpCntInfo>
<cntAddress addressType="postal">
<eMailAdd>landis@cranfield.ac.uk</eMailAdd>
<delPoint>Building 121, Cranfield University</delPoint>
<city>Cranfield</city>
<adminArea>Bedfordshire</adminArea>
<postCode>MK43 0AL</postCode>
<country>GB</country>
</cntAddress>
<cntPhone>
<voiceNum>+44 (0) 1234 75 0111</voiceNum>
</cntPhone>
<cntOnlineRes>
<linkage>https://www.landis.org.uk</linkage>
</cntOnlineRes>
<cntHours>9am-5pm (United Kingdom Time)</cntHours>
<cntInstr>Please email us in the first instance.</cntInstr>
</rpCntInfo>
<role>
<RoleCd value="007">
</RoleCd>
</role>
<rpIndName>LandIS Administrator</rpIndName>
</mdContact>
<dqInfo>
<dqScope>
<scpLvl>
<ScopeCd value="005">
</ScopeCd>
</scpLvl>
</dqScope>
<dataLineage>
<statement>The original NATMAP vector map was summarized onto a 1km grid using the TabulateArea functionality in ArcGIS to give the area of each soil association in a 1km grid. This was then combined with the NATMAPassociations table to calculate the proportion of each series in the 1km square. It must be noted that the proportion of series within each soil association is a vague estimate and therefore the proportions of series within any 1km square is also only an estimate
. The 1km summary data was then used to compose the 2km and 5km summaries.</statement>
</dataLineage>
<report type="DQDomConsis">
<measResult>
<ConResult>
<conSpec>
<resTitle>INSPIRE Metadata Implementing Rules: Technical Guidelines based on EN ISO 19115 and EN ISO 19119 ( Revised edition)</resTitle>
<date>
<pubDate>2026-03-31T00:00:00</pubDate>
</date>
</conSpec>
<conExpl>See the referenced specification</conExpl>
<conPass>1</conPass>
</ConResult>
</measResult>
</report>
</dqInfo>
<distInfo>
<distTranOps>
<onLineSrc>
<linkage>http://www.landis.org.uk/</linkage>
<protocol>WWW:LINK-1.0-http--samples</protocol>
<orName>LandIS website</orName>
<orDesc>LandIS website</orDesc>
</onLineSrc>
</distTranOps>
</distInfo>
<refSysInfo>
<RefSystem>
<refSysID>
<identCode code="British National Grid">
</identCode>
<idCodeSpace>EPSG</idCodeSpace>
<idVersion>6.3(3.0.1)</idVersion>
</refSysID>
</RefSystem>
</refSysInfo>
<mdMaint>
<maintFreq>
<MaintFreqCd value="010">
</MaintFreqCd>
</maintFreq>
</mdMaint>
<eainfo>
<detailed Name="NATMAP2000">
<enttyp>
<enttypl>NATMAP2000</enttypl>
<enttypt>Feature Class</enttypt>
<enttypc>39308</enttypc>
</enttyp>
<attr>
<attrlabl>OBJECTID</attrlabl>
<attalias>OBJECTID</attalias>
<attrtype>OID</attrtype>
<attwidth>4</attwidth>
<atprecis>0</atprecis>
<attscale>0</attscale>
<attrdef>Internal feature number.</attrdef>
<attrdefs>Esri</attrdefs>
<attrdomv>
<udom>Sequential unique whole numbers that are automatically generated.</udom>
</attrdomv>
</attr>
<attr>
<attrlabl>Shape</attrlabl>
<attalias>Shape</attalias>
<attrtype>Geometry</attrtype>
<attwidth>0</attwidth>
<atprecis>0</atprecis>
<attscale>0</attscale>
<attrdef>Feature geometry.</attrdef>
<attrdefs>Esri</attrdefs>
<attrdomv>
<udom>Coordinates defining the features.</udom>
</attrdomv>
</attr>
<attr>
<attrlabl>ID_2K</attrlabl>
<attalias>ID_2K</attalias>
<attrtype>Integer</attrtype>
<attwidth>4</attwidth>
<atprecis>0</atprecis>
<attscale>0</attscale>
<attrdef>Identification number for each 2 km cell</attrdef>
<attrdefs>Esri</attrdefs>
</attr>
<attr>
<attrlabl>EAST_2K</attrlabl>
<attalias>EAST_2K</attalias>
<attrtype>Integer</attrtype>
<attwidth>4</attwidth>
<atprecis>0</atprecis>
<attscale>0</attscale>
<attrdef>National Grid reference easting at 2 km resolution</attrdef>
<attrdefs>Esri</attrdefs>
</attr>
<attr>
<attrlabl>NORTH_2K</attrlabl>
<attalias>NORTH_2K</attalias>
<attrtype>Integer</attrtype>
<attwidth>4</attwidth>
<atprecis>0</atprecis>
<attscale>0</attscale>
<attrdef>National Grid reference northing at 2 km resolution</attrdef>
<attrdefs>Esri</attrdefs>
</attr>
<attr>
<attrlabl>SERIES1</attrlabl>
<attalias>SERIES1</attalias>
<attrtype>String</attrtype>
<attwidth>40</attwidth>
<atprecis>0</atprecis>
<attscale>0</attscale>
<attrdef>Series name of the dominant soil series</attrdef>
<attrdefs>Esri</attrdefs>
</attr>
<attr>
<attrlabl>SERIES1PC</attrlabl>
<attalias>SERIES1_PC</attalias>
<attrtype>Double</attrtype>
<attwidth>8</attwidth>
<atprecis>0</atprecis>
<attscale>0</attscale>
<attrdef>Percentage of the soil association (Map Unit) which is the dominant soil series</attrdef>
<attrdefs>Esri</attrdefs>
</attr>
<attr>
<attrlabl>SERIES2</attrlabl>
<attalias>SERIES2</attalias>
<attrtype>String</attrtype>
<attwidth>40</attwidth>
<atprecis>0</atprecis>
<attscale>0</attscale>
<attrdef>Series name of the second most dominant soil series</attrdef>
<attrdefs>Esri</attrdefs>
</attr>
<attr>
<attrlabl>SERIES2PC</attrlabl>
<attalias>SERIES2_PC</attalias>
<attrtype>Double</attrtype>
<attwidth>8</attwidth>
<atprecis>0</atprecis>
<attscale>0</attscale>
<attrdef>Percentage of the soil association (Map Unit) which is the second most dominant soil series</attrdef>
<attrdefs>Esri</attrdefs>
</attr>
<attr>
<attrlabl>SERIES3</attrlabl>
<attalias>SERIES3</attalias>
<attrtype>String</attrtype>
<attwidth>40</attwidth>
<atprecis>0</atprecis>
<attscale>0</attscale>
<attrdef>Series name of the third most dominant soil series</attrdef>
<attrdefs>Esri</attrdefs>
</attr>
<attr>
<attrlabl>SERIES3PC</attrlabl>
<attalias>SERIES3_PC</attalias>
<attrtype>Double</attrtype>
<attwidth>8</attwidth>
<atprecis>0</atprecis>
<attscale>0</attscale>
<attrdef>Percentage of the soil association (Map Unit) which is the third most dominant soil series</attrdef>
<attrdefs>Esri</attrdefs>
</attr>
<attr>
<attrlabl>SERIES4</attrlabl>
<attalias>SERIES4</attalias>
<attrtype>String</attrtype>
<attwidth>40</attwidth>
<atprecis>0</atprecis>
<attscale>0</attscale>
<attrdef>Series name of the fourth most dominant soil series</attrdef>
<attrdefs>Esri</attrdefs>
</attr>
<attr>
<attrlabl>SERIES4PC</attrlabl>
<attalias>SERIES4_PC</attalias>
<attrtype>Double</attrtype>
<attwidth>8</attwidth>
<atprecis>0</atprecis>
<attscale>0</attscale>
<attrdef>Percentage of the soil association (Map Unit) which is the fourth most dominant soil series</attrdef>
<attrdefs>Esri</attrdefs>
</attr>
<attr>
<attrlabl>SERIES5</attrlabl>
<attalias>SERIES5</attalias>
<attrtype>String</attrtype>
<attwidth>40</attwidth>
<atprecis>0</atprecis>
<attscale>0</attscale>
<attrdef>Series name of the fifth most dominant soil series</attrdef>
<attrdefs>Esri</attrdefs>
</attr>
<attr>
<attrlabl>SERIES5PC</attrlabl>
<attalias>SERIES5_PC</attalias>
<attrtype>Double</attrtype>
<attwidth>8</attwidth>
<atprecis>0</atprecis>
<attscale>0</attscale>
<attrdef>Percentage of the soil association (Map Unit) which is the fifth most dominant soil series</attrdef>
<attrdefs>Esri</attrdefs>
</attr>
<attr>
<attrlabl>SERIES6</attrlabl>
<attalias>SERIES6</attalias>
<attrtype>String</attrtype>
<attwidth>40</attwidth>
<atprecis>0</atprecis>
<attscale>0</attscale>
<attrdef>Series name of the sixth most dominant soil series</attrdef>
<attrdefs>Esri</attrdefs>
</attr>
<attr>
<attrlabl>SERIES6PC</attrlabl>
<attalias>SERIES6_PC</attalias>
<attrtype>Double</attrtype>
<attwidth>8</attwidth>
<atprecis>0</atprecis>
<attscale>0</attscale>
<attrdef>Percentage of the soil association (Map Unit) which is the sixth most dominant soil series</attrdef>
<attrdefs>Esri</attrdefs>
</attr>
<attr>
<attrlabl>SERIES7</attrlabl>
<attalias>SERIES7</attalias>
<attrtype>String</attrtype>
<attwidth>40</attwidth>
<atprecis>0</atprecis>
<attscale>0</attscale>
<attrdef>Series name of the seventh most dominant soil series</attrdef>
<attrdefs>Esri</attrdefs>
</attr>
<attr>
<attrlabl>SERIES7PC</attrlabl>
<attalias>SERIES7_PC</attalias>
<attrtype>Double</attrtype>
<attwidth>8</attwidth>
<atprecis>0</atprecis>
<attscale>0</attscale>
<attrdef>Percentage of the soil association (Map Unit) which is the seventh most dominant soil series</attrdef>
<attrdefs>Esri</attrdefs>
</attr>
<attr>
<attrlabl>SERIES8</attrlabl>
<attalias>SERIES8</attalias>
<attrtype>String</attrtype>
<attwidth>40</attwidth>
<atprecis>0</atprecis>
<attscale>0</attscale>
<attrdef>Series name of the eighth most dominant soil series</attrdef>
<attrdefs>Esri</attrdefs>
</attr>
<attr>
<attrlabl>SERIES8PC</attrlabl>
<attalias>SERIES8_PC</attalias>
<attrtype>Double</attrtype>
<attwidth>8</attwidth>
<atprecis>0</atprecis>
<attscale>0</attscale>
<attrdef>Percentage of the soil association (Map Unit) which is the eighth most dominant soil series</attrdef>
<attrdefs>Esri</attrdefs>
</attr>
<attr>
<attrlabl>SERIES9</attrlabl>
<attalias>SERIES9</attalias>
<attrtype>String</attrtype>
<attwidth>40</attwidth>
<atprecis>0</atprecis>
<attscale>0</attscale>
<attrdef>Series name of the ninth most dominant soil series</attrdef>
<attrdefs>Esri</attrdefs>
</attr>
<attr>
<attrlabl>SERIES9PC</attrlabl>
<attalias>SERIES9_PC</attalias>
<attrtype>Double</attrtype>
<attwidth>8</attwidth>
<atprecis>0</atprecis>
<attscale>0</attscale>
<attrdef>Percentage of the soil association (Map Unit) which is the ninth most dominant soil series</attrdef>
<attrdefs>Esri</attrdefs>
</attr>
<attr>
<attrlabl>SERIES10</attrlabl>
<attalias>SERIES10</attalias>
<attrtype>String</attrtype>
<attwidth>40</attwidth>
<atprecis>0</atprecis>
<attscale>0</attscale>
<attrdef>Series name of the tenth most dominant soil series</attrdef>
<attrdefs>Esri</attrdefs>
</attr>
<attr>
<attrlabl>SERIES10PC</attrlabl>
<attalias>SERIES10_PC</attalias>
<attrtype>Double</attrtype>
<attwidth>8</attwidth>
<atprecis>0</atprecis>
<attscale>0</attscale>
<attrdef>Percentage of the soil association (Map Unit) which is the tenth most dominant soil series</attrdef>
<attrdefs>Esri</attrdefs>
</attr>
<attr>
<attrlabl>SERIES11</attrlabl>
<attalias>SERIES11</attalias>
<attrtype>String</attrtype>
<attwidth>40</attwidth>
<atprecis>0</atprecis>
<attscale>0</attscale>
<attrdef>Series name of the eleventh most dominant soil series</attrdef>
<attrdefs>Esri</attrdefs>
</attr>
<attr>
<attrlabl>SERIES11PC</attrlabl>
<attalias>SERIES11_PC</attalias>
<attrtype>Double</attrtype>
<attwidth>8</attwidth>
<atprecis>0</atprecis>
<attscale>0</attscale>
<attrdef>Percentage of the soil association (Map Unit) which is the eleventh most dominant soil series</attrdef>
<attrdefs>Esri</attrdefs>
</attr>
<attr>
<attrlabl>SERIES12</attrlabl>
<attalias>SERIES12</attalias>
<attrtype>String</attrtype>
<attwidth>40</attwidth>
<atprecis>0</atprecis>
<attscale>0</attscale>
<attrdef>Series name of the twelfth most dominant soil series</attrdef>
<attrdefs>Esri</attrdefs>
</attr>
<attr>
<attrlabl>SERIES12PC</attrlabl>
<attalias>SERIES12_PC</attalias>
<attrtype>Double</attrtype>
<attwidth>8</attwidth>
<atprecis>0</atprecis>
<attscale>0</attscale>
<attrdef>Percentage of the soil association (Map Unit) which is the twelfth most dominant soil series</attrdef>
<attrdefs>Esri</attrdefs>
</attr>
<attr>
<attrlabl>SERIES13</attrlabl>
<attalias>SERIES13</attalias>
<attrtype>String</attrtype>
<attwidth>40</attwidth>
<atprecis>0</atprecis>
<attscale>0</attscale>
<attrdef>Series name of the thirteenth most dominant soil series</attrdef>
<attrdefs>Esri</attrdefs>
</attr>
<attr>
<attrlabl>SERIES13PC</attrlabl>
<attalias>SERIES13_PC</attalias>
<attrtype>Double</attrtype>
<attwidth>8</attwidth>
<atprecis>0</atprecis>
<attscale>0</attscale>
<attrdef>Percentage of the soil association (Map Unit) which is the thirteenth most dominant soil series</attrdef>
<attrdefs>Esri</attrdefs>
</attr>
<attr>
<attrlabl>SERIES14</attrlabl>
<attalias>SERIES14</attalias>
<attrtype>String</attrtype>
<attwidth>40</attwidth>
<atprecis>0</atprecis>
<attscale>0</attscale>
<attrdef>Series name of the fourteenth most dominant soil series</attrdef>
<attrdefs>Esri</attrdefs>
</attr>
<attr>
<attrlabl>SERIES14PC</attrlabl>
<attalias>SERIES14_PC</attalias>
<attrtype>Double</attrtype>
<attwidth>8</attwidth>
<atprecis>0</atprecis>
<attscale>0</attscale>
<attrdef>Percentage of the soil association (Map Unit) which is the fourteenth most dominant soil series</attrdef>
<attrdefs>Esri</attrdefs>
</attr>
<attr>
<attrlabl>SERIES15</attrlabl>
<attalias>SERIES15</attalias>
<attrtype>String</attrtype>
<attwidth>40</attwidth>
<atprecis>0</atprecis>
<attscale>0</attscale>
<attrdef>Series name of the fifteenth most dominant soil series</attrdef>
<attrdefs>Esri</attrdefs>
</attr>
<attr>
<attrlabl>SERIES15PC</attrlabl>
<attalias>SERIES15_PC</attalias>
<attrtype>Double</attrtype>
<attwidth>8</attwidth>
<atprecis>0</atprecis>
<attscale>0</attscale>
<attrdef>Percentage of the soil association (Map Unit) which is the fifteenth most dominant soil series</attrdef>
<attrdefs>Esri</attrdefs>
</attr>
<attr>
<attrlabl>SERIES16</attrlabl>
<attalias>SERIES16</attalias>
<attrtype>String</attrtype>
<attwidth>40</attwidth>
<atprecis>0</atprecis>
<attscale>0</attscale>
<attrdef>Series name of the sixteenth most dominant soil series</attrdef>
<attrdefs>Esri</attrdefs>
</attr>
<attr>
<attrlabl>SERIES16PC</attrlabl>
<attalias>SERIES16_PC</attalias>
<attrtype>Double</attrtype>
<attwidth>8</attwidth>
<atprecis>0</atprecis>
<attscale>0</attscale>
<attrdef>Percentage of the soil association (Map Unit) which is the sixteenth most dominant soil series</attrdef>
<attrdefs>Esri</attrdefs>
</attr>
<attr>
<attrlabl>SERIES17</attrlabl>
<attalias>SERIES17</attalias>
<attrtype>String</attrtype>
<attwidth>40</attwidth>
<atprecis>0</atprecis>
<attscale>0</attscale>
<attrdef>Series name of the seventeenth most dominant soil series</attrdef>
<attrdefs>Esri</attrdefs>
</attr>
<attr>
<attrlabl>SERIES17PC</attrlabl>
<attalias>SERIES17_PC</attalias>
<attrtype>Double</attrtype>
<attwidth>8</attwidth>
<atprecis>0</atprecis>
<attscale>0</attscale>
<attrdef>Percentage of the soil association (Map Unit) which is the seventeenth most dominant soil series</attrdef>
<attrdefs>Esri</attrdefs>
</attr>
<attr>
<attrlabl>SERIES18</attrlabl>
<attalias>SERIES18</attalias>
<attrtype>String</attrtype>
<attwidth>40</attwidth>
<atprecis>0</atprecis>
<attscale>0</attscale>
<attrdef>Series name of the eighteenth most dominant soil series</attrdef>
<attrdefs>Esri</attrdefs>
</attr>
<attr>
<attrlabl>SERIES18PC</attrlabl>
<attalias>SERIES18_PC</attalias>
<attrtype>Double</attrtype>
<attwidth>8</attwidth>
<atprecis>0</atprecis>
<attscale>0</attscale>
<attrdef>Percentage of the soil association (Map Unit) which is the eighteenth most dominant soil series</attrdef>
<attrdefs>Esri</attrdefs>
</attr>
<attr>
<attrlabl>SERIES19</attrlabl>
<attalias>SERIES19</attalias>
<attrtype>String</attrtype>
<attwidth>40</attwidth>
<atprecis>0</atprecis>
<attscale>0</attscale>
<attrdef>Series name of the nineteenth most dominant soil series</attrdef>
<attrdefs>Esri</attrdefs>
</attr>
<attr>
<attrlabl>SERIES19PC</attrlabl>
<attalias>SERIES19_PC</attalias>
<attrtype>Double</attrtype>
<attwidth>8</attwidth>
<atprecis>0</atprecis>
<attscale>0</attscale>
<attrdef>Percentage of the soil association (Map Unit) which is the nineteenth most dominant soil series</attrdef>
<attrdefs>Esri</attrdefs>
</attr>
<attr>
<attrlabl>SERIES20</attrlabl>
<attalias>SERIES20</attalias>
<attrtype>String</attrtype>
<attwidth>40</attwidth>
<atprecis>0</atprecis>
<attscale>0</attscale>
<attrdef>Series name of the twentieth most dominant soil series</attrdef>
<attrdefs>Esri</attrdefs>
</attr>
<attr>
<attrlabl>SERIES20PC</attrlabl>
<attalias>SERIES20_PC</attalias>
<attrtype>Double</attrtype>
<attwidth>8</attwidth>
<atprecis>0</atprecis>
<attscale>0</attscale>
<attrdef>Percentage of the soil association (Map Unit) which is the twentieth most dominant soil series</attrdef>
<attrdefs>Esri</attrdefs>
</attr>
<attr>
<attrlabl>OTHER_PC</attrlabl>
<attalias>OTHER_PC</attalias>
<attrtype>Double</attrtype>
<attwidth>8</attwidth>
<atprecis>0</atprecis>
<attscale>0</attscale>
<attrdef>Percentage of the soil association (Map Unit) which is made up by other soil series</attrdef>
<attrdefs>Esri</attrdefs>
</attr>
<attr>
<attrlabl>Shape_Length</attrlabl>
<attalias>Shape_Length</attalias>
<attrtype>Double</attrtype>
<attwidth>8</attwidth>
<atprecis>0</atprecis>
<attscale>0</attscale>
<attrdef>Length of feature in internal units.</attrdef>
<attrdefs>Esri</attrdefs>
<attrdomv>
<udom>Positive real numbers that are automatically generated.</udom>
</attrdomv>
</attr>
<attr>
<attrlabl>Shape_Area</attrlabl>
<attalias>Shape_Area</attalias>
<attrtype>Double</attrtype>
<attwidth>8</attwidth>
<atprecis>0</atprecis>
<attscale>0</attscale>
<attrdef>Area of feature in internal units squared.</attrdef>
<attrdefs>Esri</attrdefs>
<attrdomv>
<udom>Positive real numbers that are automatically generated.</udom>
</attrdomv>
</attr>
</detailed>
</eainfo>
<spatRepInfo>
<VectSpatRep>
<topLvl>
<TopoLevCd value="001" Sync="TRUE">
</TopoLevCd>
</topLvl>
<geometObjs Name="NATMAP2000">
<geoObjTyp>
<GeoObjTypCd value="002" Sync="TRUE">
</GeoObjTypCd>
</geoObjTyp>
<geoObjCnt>39308</geoObjCnt>
</geometObjs>
</VectSpatRep>
</spatRepInfo>
<mdParentID>LandIS</mdParentID>
<mdStanName>ArcGIS Metadata</mdStanName>
<mdStanVer>1.0</mdStanVer>
<spdoinfo>
<ptvctinf>
<esriterm Name="NATMAP2000">
<efeatyp Sync="TRUE">Simple</efeatyp>
<efeageom code="4" Sync="TRUE">
</efeageom>
<esritopo Sync="TRUE">FALSE</esritopo>
<efeacnt Sync="TRUE">39308</efeacnt>
<spindex Sync="TRUE">TRUE</spindex>
<linrefer Sync="TRUE">FALSE</linrefer>
</esriterm>
</ptvctinf>
</spdoinfo>
</metadata>
