<?xml version="1.0" encoding="UTF-8"?>
<metadata xml:lang="en">
<Esri>
<CreaDate>20180723</CreaDate>
<CreaTime>09413500</CreaTime>
<ArcGISFormat>1.0</ArcGISFormat>
<ArcGISProfile>ISO19139</ArcGISProfile>
<DataProperties>
<itemProps>
<imsContentType Sync="TRUE">002</imsContentType>
<itemName Sync="TRUE">NSIsite</itemName>
<itemSize Sync="TRUE">0.000</itemSize>
<nativeExtBox>
<westBL Sync="TRUE">91000.000000</westBL>
<eastBL Sync="TRUE">651000.000000</eastBL>
<southBL Sync="TRUE">11000.000000</southBL>
<northBL Sync="TRUE">656000.000000</northBL>
<exTypeCode Sync="TRUE">1</exTypeCode>
</nativeExtBox>
</itemProps>
<coordRef>
<type Sync="TRUE">Projected</type>
<geogcsn Sync="TRUE">GCS_OSGB_1936</geogcsn>
<csUnits Sync="TRUE">Linear Unit: Meter (1.000000)</csUnits>
<projcsn Sync="TRUE">British_National_Grid</projcsn>
<peXml Sync="TRUE">&lt;ProjectedCoordinateSystem xsi:type='typens:ProjectedCoordinateSystem' xmlns:xsi='http://www.w3.org/2001/XMLSchema-instance' xmlns:xs='http://www.w3.org/2001/XMLSchema' xmlns:typens='http://www.esri.com/schemas/ArcGIS/3.4.0'&gt;&lt;WKT&gt;PROJCS[&amp;quot;British_National_Grid&amp;quot;,GEOGCS[&amp;quot;GCS_OSGB_1936&amp;quot;,DATUM[&amp;quot;D_OSGB_1936&amp;quot;,SPHEROID[&amp;quot;Airy_1830&amp;quot;,6377563.396,299.3249646]],PRIMEM[&amp;quot;Greenwich&amp;quot;,0.0],UNIT[&amp;quot;Degree&amp;quot;,0.0174532925199433]],PROJECTION[&amp;quot;Transverse_Mercator&amp;quot;],PARAMETER[&amp;quot;False_Easting&amp;quot;,400000.0],PARAMETER[&amp;quot;False_Northing&amp;quot;,-100000.0],PARAMETER[&amp;quot;Central_Meridian&amp;quot;,-2.0],PARAMETER[&amp;quot;Scale_Factor&amp;quot;,0.9996012717],PARAMETER[&amp;quot;Latitude_Of_Origin&amp;quot;,49.0],UNIT[&amp;quot;Meter&amp;quot;,1.0],AUTHORITY[&amp;quot;EPSG&amp;quot;,27700]]&lt;/WKT&gt;&lt;XOrigin&gt;-5220400&lt;/XOrigin&gt;&lt;YOrigin&gt;-15524400&lt;/YOrigin&gt;&lt;XYScale&gt;450481592.76709664&lt;/XYScale&gt;&lt;ZOrigin&gt;-100000&lt;/ZOrigin&gt;&lt;ZScale&gt;10000&lt;/ZScale&gt;&lt;MOrigin&gt;-100000&lt;/MOrigin&gt;&lt;MScale&gt;10000&lt;/MScale&gt;&lt;XYTolerance&gt;0.001&lt;/XYTolerance&gt;&lt;ZTolerance&gt;0.001&lt;/ZTolerance&gt;&lt;MTolerance&gt;0.001&lt;/MTolerance&gt;&lt;HighPrecision&gt;true&lt;/HighPrecision&gt;&lt;WKID&gt;27700&lt;/WKID&gt;&lt;LatestWKID&gt;27700&lt;/LatestWKID&gt;&lt;/ProjectedCoordinateSystem&gt;</peXml>
</coordRef>
</DataProperties>
<scaleRange>
<minScale>10866749.732158</minScale>
<maxScale>5000</maxScale>
</scaleRange>
<ModDate>20251001</ModDate>
<ModTime>12034800</ModTime>
<SyncOnce>FALSE</SyncOnce>
<SyncDate>20251001</SyncDate>
<SyncTime>11474700</SyncTime>
</Esri>
<dataIdInfo>
<idAbs>&lt;div style="text-align:Left;"&gt;&lt;div&gt;&lt;p&gt;&lt;span&gt;The NSI dataset is a unique collection of a vast range of detailed information. Based on a systematic grid, spaced at 5 km intervals, the NSI data can be used in geostatisticical methods as well as a more general information source. Recent studies have included the use of this data in sophisticated erosion modelling. This data is essential for those trying to build up a detailed picture, for example, of chemical trends across England and Wales.&lt;/span&gt;&lt;/p&gt;&lt;p&gt;&amp;nbsp;&lt;/p&gt;&lt;p&gt;&lt;span&gt;The National Soil Inventory (NSI) profile data is a spatial, point dataset with 6127 points, located in a 5 km grid across England and Wales. NSI profile provides a very detailed description of the soil profile at the NSI point. From the texture of the soil to the mottle size and colour, many observations are recorded within this fundamental dataset. Because of the detail of this survey, it is easy to get a good understanding of the soils at the NSI points. Combining this data with chemical NSI data from the NSI topsoil datasets may reveal otherwise hidden trends in the soils of England and Wales.&lt;/span&gt;&lt;/p&gt;&lt;p&gt;&amp;nbsp;&lt;/p&gt;&lt;p&gt;&lt;span&gt;NSI Summary&lt;/span&gt;&lt;/p&gt;&lt;p&gt;&amp;nbsp;&lt;/p&gt;&lt;p&gt;&lt;span&gt;NSI features derives many parameters beneficial for modelling soils. These parameters, derived from readings and measurements taken at the NSI site include the depth from the surface to various layers, as well as providing information on the amount of risk that is posed to this soil by erosion and flooding. This dataset will prove important for those wanting a good understanding of the depths of the various layers in the soil profile, and those interested in mapping risks.&lt;/span&gt;&lt;/p&gt;&lt;p&gt;&amp;nbsp;&lt;/p&gt;&lt;p&gt;&lt;span&gt;NSI data covers England and Wales on a regular 5 km grid and provides detailed information of the soil series and a soil profile description for each intersect of the grid. It also contains samples and analysis of the soil at the location for the topsoil (0-15cm). Information extracted: soil series (for peat&lt;/span&gt;&lt;br&gt;&lt;span&gt;presence) and peat depth. Analytical information from the soil sample was used to characterise the organic carbon content for peat soils.&lt;/span&gt;&lt;/p&gt;&lt;/div&gt;&lt;/div&gt;</idAbs>
<idCitation>
<resTitle>NSIsite</resTitle>
<date>
<pubDate>2026-03-31T00:00:00</pubDate>
</date>
<presForm>
<PresFormCd value="005">
</PresFormCd>
</presForm>
<resAltTitle>NSIsite</resAltTitle>
<collTitle>LandIS</collTitle>
</idCitation>
<dataExt>
<exDesc>England and Wales</exDesc>
<geoEle>
<GeoBndBox>
<westBL Sync="FALSE">-5.80</westBL>
<eastBL Sync="FALSE">1.80</eastBL>
<northBL Sync="FALSE">55.80</northBL>
<southBL Sync="FALSE">49.80</southBL>
<exTypeCode>1</exTypeCode>
</GeoBndBox>
</geoEle>
</dataExt>
<searchKeys>
<keyword>NSI</keyword>
<keyword>Soil</keyword>
<keyword>soil type</keyword>
<keyword>inventory</keyword>
<keyword>land use</keyword>
<keyword>slope</keyword>
<keyword>altitude</keyword>
<keyword>soil erosion</keyword>
<keyword>peat</keyword>
</searchKeys>
<idPurp>The NSI site dataset is a unique collection of a vast range of detailed information. Based on a systematic grid, spaced at 5km intervals, the NSI data can be used in geostatisticical methods as well as a more general information source. Recent studies have included the use of this data in sophisticated erosion modelling. This data is essential for those trying to build up a detailed picture, for example, of chemical trends across England and Wales.</idPurp>
<idCredit>© Cranfield University and the Controller of HMSO</idCredit>
<resConst>
<Consts>
<useLimit>&lt;div style="text-align:Left;"&gt;&lt;div&gt;&lt;p&gt;&lt;span&gt;Data originated from the Cranfield University, Land Information System LandIS® Portal licensed under "Cranfield &amp;amp; Defra Open Data Licence v1.0" 2026&lt;/span&gt;&lt;/p&gt;&lt;/div&gt;&lt;/div&gt;</useLimit>
</Consts>
</resConst>
<resConst>
<LegConsts>
<accessConsts>
<RestrictCd value="005">
</RestrictCd>
</accessConsts>
<useConsts>
<RestrictCd value="005">
</RestrictCd>
</useConsts>
<useLimit>Data originated from the Cranfield University, Land Information System LandIS® Portal licensed under "Cranfield &amp; Defra Open Data Licence v1.0" 2026</useLimit>
<othConsts>Data originated from the Cranfield University, Land Information System LandIS® Portal licensed under "Cranfield &amp; Defra Open Data Licence v1.0" 2026</othConsts>
</LegConsts>
</resConst>
<dataLang>
<languageCode value="eng">
</languageCode>
<countryCode value="GB" Sync="FALSE">
</countryCode>
</dataLang>
<dataChar>
<CharSetCd value="004">
</CharSetCd>
</dataChar>
<spatRpType>
<SpatRepTypCd value="003">
</SpatRepTypCd>
</spatRpType>
<dataScale>
<equScale>
<rfDenom>250000</rfDenom>
</equScale>
</dataScale>
<envirDesc Sync="FALSE">Esri ArcGIS 13.4.0.55405</envirDesc>
<idStatus>
<ProgCd value="001">
</ProgCd>
</idStatus>
<graphOver>
<bgFileName>http://www.landis.org.uk/data/images/nsitorquay40.gif</bgFileName>
<bgFileDesc>thumbnail</bgFileDesc>
<bgFileType>png</bgFileType>
</graphOver>
<resMaint>
<maintFreq>
<MaintFreqCd value="010">
</MaintFreqCd>
</maintFreq>
</resMaint>
<otherKeys>
<thesaName>
<resTitle>GEMET - INSPIRE themes, version 1.0</resTitle>
</thesaName>
<keyword>Soil</keyword>
</otherKeys>
<otherKeys>
<thesaName>
<resTitle>GEMET - Concepts, version 2.3</resTitle>
</thesaName>
<keyword>soil type</keyword>
<keyword>inventory</keyword>
<keyword>land use</keyword>
<keyword>slope</keyword>
<keyword>altitude</keyword>
<keyword>soil erosion</keyword>
<keyword>peat</keyword>
</otherKeys>
<tpCat>
<TopicCatCd value="008">
</TopicCatCd>
</tpCat>
</dataIdInfo>
<mdLang>
<languageCode value="eng">
</languageCode>
<countryCode value="GBR" Sync="TRUE">
</countryCode>
</mdLang>
<mdHrLv>
<ScopeCd value="005">
</ScopeCd>
</mdHrLv>
<mdHrLvName>dataset</mdHrLvName>
<mdFileID>NSIsite</mdFileID>
<mdChar>
<CharSetCd value="004">
</CharSetCd>
</mdChar>
<mdDateSt>2026-03-31</mdDateSt>
<mdContact>
<rpIndName>LandIS Administrator</rpIndName>
<rpOrgName>Cranfield University</rpOrgName>
<rpPosName>Administrator</rpPosName>
<rpCntInfo>
<cntAddress addressType="postal">
<eMailAdd>landis@cranfield.ac.uk</eMailAdd>
<delPoint>Building 121, Cranfield University</delPoint>
<city>Cranfield</city>
<adminArea>Bedfordshire</adminArea>
<postCode>MK43 0AL</postCode>
<country>GB</country>
</cntAddress>
<cntPhone>
<voiceNum>+44 (0) 1234 75 0111</voiceNum>
</cntPhone>
<cntOnlineRes>
<linkage>https://www.landis.org.uk</linkage>
</cntOnlineRes>
<cntHours>9am-5pm (United Kingdom Time)</cntHours>
<cntInstr>Please email us in the first instance.</cntInstr>
</rpCntInfo>
<role>
<RoleCd value="007">
</RoleCd>
</role>
</mdContact>
<dqInfo>
<dqScope>
<scpLvl>
<ScopeCd value="005">
</ScopeCd>
</scpLvl>
</dqScope>
<dataLineage>
<statement>The original NSI field records were recorded in digital format by an agency. The resulting files were processed through a comprehensive validation process, checking values, ranges and logical cross checks with other attributes. However it must be noted that errors during the entry procedure and inconsistent recording by surveyors means that the accuracy can not be guaranteed. The analytical data has been checked to make sure the data is within acceptable ranges f
or the element.</statement>
</dataLineage>
<report type="DQDomConsis">
<measResult>
<ConResult>
<conSpec>
<resTitle>INSPIRE Metadata Implementing Rules: Technical Guidelines based on EN ISO 19115 and EN ISO 19119 ( Revised edition)</resTitle>
<date>
<pubDate>2026-03-31T00:00:00</pubDate>
</date>
</conSpec>
<conExpl>See the referenced specification</conExpl>
<conPass>1</conPass>
</ConResult>
</measResult>
</report>
</dqInfo>
<distInfo>
<distTranOps>
<onLineSrc>
<linkage>http://www.landis.org.uk/</linkage>
<protocol>WWW:LINK-1.0-http--samples</protocol>
<orName>LandIS website</orName>
<orDesc>LandIS website</orDesc>
</onLineSrc>
</distTranOps>
</distInfo>
<refSysInfo>
<RefSystem>
<refSysID>
<identCode code="British National Grid">
</identCode>
<idCodeSpace>EPSG</idCodeSpace>
<idVersion>6.3(3.0.1)</idVersion>
</refSysID>
</RefSystem>
</refSysInfo>
<mdMaint>
<maintFreq>
<MaintFreqCd value="010">
</MaintFreqCd>
</maintFreq>
</mdMaint>
<eainfo>
<detailed Name="NSIsite">
<enttyp>
<enttypl>NSIsite</enttypl>
<enttypt>Feature Class</enttypt>
<enttypc>5706</enttypc>
</enttyp>
<attr>
<attrlabl>OBJECTID</attrlabl>
<attalias>OBJECTID</attalias>
<attrtype>OID</attrtype>
<attwidth>4</attwidth>
<atprecis>0</atprecis>
<attscale>0</attscale>
<attrdef>Internal feature number.</attrdef>
<attrdefs>Esri</attrdefs>
<attrdomv>
<udom>Sequential unique whole numbers that are automatically generated.</udom>
</attrdomv>
</attr>
<attr>
<attrlabl>Shape</attrlabl>
<attalias>Shape</attalias>
<attrtype>Geometry</attrtype>
<attwidth>0</attwidth>
<atprecis>0</atprecis>
<attscale>0</attscale>
<attrdef>Feature geometry.</attrdef>
<attrdefs>Esri</attrdefs>
<attrdomv>
<udom>Coordinates defining the features.</udom>
</attrdomv>
</attr>
<attr>
<attrlabl>NSI_ID</attrlabl>
<attalias>NSI_ID</attalias>
<attrtype>Double</attrtype>
<attwidth>8</attwidth>
<atprecis>0</atprecis>
<attscale>0</attscale>
<attrdef>Identification number for each 5 km cell in the UK calculated as (TRUNC(NORTHING/5000)*140+TRUNC(EASTING/5000))</attrdef>
<attrdefs>Esri</attrdefs>
</attr>
<attr>
<attrlabl>EAST_NSI</attrlabl>
<attalias>EAST_NSI</attalias>
<attrtype>Double</attrtype>
<attwidth>8</attwidth>
<atprecis>0</atprecis>
<attscale>0</attscale>
<attrdef>National Grid reference easting at 5 km resolution with 1 km offset from true grid</attrdef>
<attrdefs>Esri</attrdefs>
</attr>
<attr>
<attrlabl>NORTH_NSI</attrlabl>
<attalias>NORTH_NSI</attalias>
<attrtype>Double</attrtype>
<attwidth>8</attwidth>
<atprecis>0</atprecis>
<attscale>0</attscale>
<attrdef>National Grid reference northing at 5 km resolution with 1 km offset from true grid</attrdef>
<attrdefs>Esri</attrdefs>
</attr>
<attr>
<attrlabl>EASTING</attrlabl>
<attalias>EASTING</attalias>
<attrtype>Double</attrtype>
<attwidth>8</attwidth>
<atprecis>0</atprecis>
<attscale>0</attscale>
<attrdef>National Grid reference easting</attrdef>
<attrdefs>Esri</attrdefs>
</attr>
<attr>
<attrlabl>NORTHING</attrlabl>
<attalias>NORTHING</attalias>
<attrtype>Double</attrtype>
<attwidth>8</attwidth>
<atprecis>0</atprecis>
<attscale>0</attscale>
<attrdef>National Grid reference northing</attrdef>
<attrdefs>Esri</attrdefs>
</attr>
<attr>
<attrlabl>SURVEYDATE</attrlabl>
<attalias Sync="FALSE">SURVEY_DATE</attalias>
<attrtype>Date</attrtype>
<attwidth>8</attwidth>
<atprecis>0</atprecis>
<attscale>0</attscale>
<attrdef>Date of observation</attrdef>
<attrdefs>Esri</attrdefs>
</attr>
<attr>
<attrlabl>SERIESNAME</attrlabl>
<attalias Sync="FALSE">SERIES_NAME</attalias>
<attrtype>String</attrtype>
<attwidth>254</attwidth>
<atprecis>0</atprecis>
<attscale>0</attscale>
<attrdef>The name of the soil series, the basic unit of soil taxonomic classification, named after the place where they were first described</attrdef>
<attrdefs>Esri</attrdefs>
</attr>
<attr>
<attrlabl>VARIANT</attrlabl>
<attalias>VARIANT</attalias>
<attrtype>String</attrtype>
<attwidth>254</attwidth>
<atprecis>0</atprecis>
<attscale>0</attscale>
<attrdef>Code to indicate that the profile is a variation of the defined soil series classification</attrdef>
<attrdefs>Esri</attrdefs>
</attr>
<attr>
<attrlabl>SUBGROUP</attrlabl>
<attalias>SUBGROUP</attalias>
<attrtype>Double</attrtype>
<attwidth>8</attwidth>
<atprecis>0</atprecis>
<attscale>0</attscale>
<attrdef>Number used to define a subgroup incorporating the major group, group and subgroup i.e.3.11, being the third level of soil taxonomic classification based on features which further define the inherent characteristics of the soil material</attrdef>
<attrdefs>Esri</attrdefs>
</attr>
<attr>
<attrlabl>LANDUSE</attrlabl>
<attalias>LANDUSE</attalias>
<attrtype>String</attrtype>
<attwidth>254</attwidth>
<atprecis>0</atprecis>
<attscale>0</attscale>
<attrdef>Land use code</attrdef>
<attrdefs>Esri</attrdefs>
</attr>
<attr>
<attrlabl>SLOPE</attrlabl>
<attalias>SLOPE</attalias>
<attrtype>Double</attrtype>
<attwidth>8</attwidth>
<atprecis>0</atprecis>
<attscale>0</attscale>
<attrdef>Slope in degrees</attrdef>
<attrdefs>Esri</attrdefs>
</attr>
<attr>
<attrlabl>SLOPEFORM</attrlabl>
<attalias Sync="FALSE">SLOPE_FORM</attalias>
<attrtype>String</attrtype>
<attwidth>254</attwidth>
<atprecis>0</atprecis>
<attscale>0</attscale>
<attrdef>Slope form along the direction of the true slope</attrdef>
<attrdefs>Esri</attrdefs>
</attr>
<attr>
<attrlabl>MADEGROUND</attrlabl>
<attalias Sync="FALSE">MADE_GROUND</attalias>
<attrtype>String</attrtype>
<attwidth>254</attwidth>
<atprecis>0</atprecis>
<attscale>0</attscale>
<attrdef>Identification of sites which have been made or reclaimed by mans influence</attrdef>
<attrdefs>Esri</attrdefs>
</attr>
<attr>
<attrlabl>OUTCROP</attrlabl>
<attalias>OUTCROP</attalias>
<attrtype>String</attrtype>
<attwidth>254</attwidth>
<atprecis>0</atprecis>
<attscale>0</attscale>
<attrdef>Proportion of rock outcrops within 100 m of the profile</attrdef>
<attrdefs>Esri</attrdefs>
</attr>
<attr>
<attrlabl>ALTITUDE</attrlabl>
<attalias>ALTITUDE</attalias>
<attrtype>Double</attrtype>
<attwidth>8</attwidth>
<atprecis>0</atprecis>
<attscale>0</attscale>
<attrdef>Altitude (m) above Ordnance Datum (OD)</attrdef>
<attrdefs>Esri</attrdefs>
</attr>
<attr>
<attrlabl>ASPECT</attrlabl>
<attalias>ASPECT</attalias>
<attrtype>String</attrtype>
<attwidth>254</attwidth>
<atprecis>0</atprecis>
<attscale>0</attscale>
<attrdef>Compass point (bearing code e.g. NNE)</attrdef>
<attrdefs>Esri</attrdefs>
</attr>
<attr>
<attrlabl>EROSION</attrlabl>
<attalias>EROSION</attalias>
<attrtype>String</attrtype>
<attwidth>254</attwidth>
<atprecis>0</atprecis>
<attscale>0</attscale>
<attrdef>Classification of surface features formed by erosion of soil material</attrdef>
<attrdefs>Esri</attrdefs>
</attr>
<attr>
<attrlabl>DEPOSITION</attrlabl>
<attalias>DEPOSITION</attalias>
<attrtype>String</attrtype>
<attwidth>254</attwidth>
<atprecis>0</atprecis>
<attscale>0</attscale>
<attrdef>Classification of surface features formed by the accumulation of soil material</attrdef>
<attrdefs>Esri</attrdefs>
</attr>
<attr>
<attrlabl>ROCKTYPE</attrlabl>
<attalias>ROCKTYPE</attalias>
<attrtype>String</attrtype>
<attwidth>254</attwidth>
<atprecis>0</atprecis>
<attscale>0</attscale>
<attrdef>Classification of rock based on recent Geological Survey and other modern publications</attrdef>
<attrdefs>Esri</attrdefs>
</attr>
<attr>
<attrlabl>PEATTYPE</attrlabl>
<attalias>PEATTYPE</attalias>
<attrtype>String</attrtype>
<attwidth>254</attwidth>
<atprecis>0</atprecis>
<attscale>0</attscale>
<attrdef>Classification of the type of peat</attrdef>
<attrdefs>Esri</attrdefs>
</attr>
</detailed>
</eainfo>
<spatRepInfo>
<VectSpatRep>
<topLvl>
<TopoLevCd value="001" Sync="TRUE">
</TopoLevCd>
</topLvl>
<geometObjs Name="NSIsite">
<geoObjTyp>
<GeoObjTypCd value="001" Sync="TRUE">
</GeoObjTypCd>
</geoObjTyp>
<geoObjCnt>5706</geoObjCnt>
</geometObjs>
</VectSpatRep>
</spatRepInfo>
<mdParentID>LandIS</mdParentID>
<mdStanName>ArcGIS Metadata</mdStanName>
<mdStanVer>1.0</mdStanVer>
<spdoinfo>
<ptvctinf>
<esriterm Name="NSIsite">
<efeatyp Sync="TRUE">Simple</efeatyp>
<efeageom code="2" Sync="TRUE">
</efeageom>
<esritopo Sync="TRUE">FALSE</esritopo>
<efeacnt Sync="TRUE">5706</efeacnt>
<spindex Sync="TRUE">TRUE</spindex>
<linrefer Sync="TRUE">FALSE</linrefer>
</esriterm>
</ptvctinf>
</spdoinfo>
</metadata>
