<?xml version="1.0" encoding="UTF-8"?>
<metadata xml:lang="en">
<Esri>
<CreaDate>20231004</CreaDate>
<CreaTime>16403400</CreaTime>
<ArcGISFormat>1.0</ArcGISFormat>
<ArcGISProfile>ISO19139</ArcGISProfile>
<DataProperties>
<itemProps>
<imsContentType Sync="TRUE">002</imsContentType>
<itemName Sync="TRUE">NSitopsoil1</itemName>
<nativeExtBox>
<westBL Sync="TRUE">91000.000000</westBL>
<eastBL Sync="TRUE">651000.000000</eastBL>
<southBL Sync="TRUE">11000.000000</southBL>
<northBL Sync="TRUE">656000.000000</northBL>
<exTypeCode Sync="TRUE">1</exTypeCode>
</nativeExtBox>
</itemProps>
<coordRef>
<type Sync="TRUE">Projected</type>
<geogcsn Sync="TRUE">GCS_OSGB_1936</geogcsn>
<csUnits Sync="TRUE">Linear Unit: Meter (1.000000)</csUnits>
<projcsn Sync="TRUE">British_National_Grid</projcsn>
<peXml Sync="TRUE">&lt;ProjectedCoordinateSystem xsi:type='typens:ProjectedCoordinateSystem' xmlns:xsi='http://www.w3.org/2001/XMLSchema-instance' xmlns:xs='http://www.w3.org/2001/XMLSchema' xmlns:typens='http://www.esri.com/schemas/ArcGIS/3.4.0'&gt;&lt;WKT&gt;PROJCS[&amp;quot;British_National_Grid&amp;quot;,GEOGCS[&amp;quot;GCS_OSGB_1936&amp;quot;,DATUM[&amp;quot;D_OSGB_1936&amp;quot;,SPHEROID[&amp;quot;Airy_1830&amp;quot;,6377563.396,299.3249646]],PRIMEM[&amp;quot;Greenwich&amp;quot;,0.0],UNIT[&amp;quot;Degree&amp;quot;,0.0174532925199433]],PROJECTION[&amp;quot;Transverse_Mercator&amp;quot;],PARAMETER[&amp;quot;False_Easting&amp;quot;,400000.0],PARAMETER[&amp;quot;False_Northing&amp;quot;,-100000.0],PARAMETER[&amp;quot;Central_Meridian&amp;quot;,-2.0],PARAMETER[&amp;quot;Scale_Factor&amp;quot;,0.9996012717],PARAMETER[&amp;quot;Latitude_Of_Origin&amp;quot;,49.0],UNIT[&amp;quot;Meter&amp;quot;,1.0],AUTHORITY[&amp;quot;EPSG&amp;quot;,27700]]&lt;/WKT&gt;&lt;XOrigin&gt;-5220400&lt;/XOrigin&gt;&lt;YOrigin&gt;-15524400&lt;/YOrigin&gt;&lt;XYScale&gt;450481592.76709664&lt;/XYScale&gt;&lt;ZOrigin&gt;-100000&lt;/ZOrigin&gt;&lt;ZScale&gt;10000&lt;/ZScale&gt;&lt;MOrigin&gt;-100000&lt;/MOrigin&gt;&lt;MScale&gt;10000&lt;/MScale&gt;&lt;XYTolerance&gt;0.001&lt;/XYTolerance&gt;&lt;ZTolerance&gt;0.001&lt;/ZTolerance&gt;&lt;MTolerance&gt;0.001&lt;/MTolerance&gt;&lt;HighPrecision&gt;true&lt;/HighPrecision&gt;&lt;WKID&gt;27700&lt;/WKID&gt;&lt;LatestWKID&gt;27700&lt;/LatestWKID&gt;&lt;/ProjectedCoordinateSystem&gt;</peXml>
</coordRef>
</DataProperties>
<scaleRange>
<minScale>8984932.794014</minScale>
<maxScale>5000</maxScale>
</scaleRange>
<ModDate>20251001</ModDate>
<ModTime>12042300</ModTime>
<ArcGISstyle>INSPIRE Metadata Directive</ArcGISstyle>
<SyncOnce>FALSE</SyncOnce>
<SyncDate>20251001</SyncDate>
<SyncTime>11482100</SyncTime>
</Esri>
<dataIdInfo>
<idAbs>&lt;div style="text-align:Left;"&gt;&lt;div&gt;&lt;p&gt;&lt;span&gt;NSI topsoil1 contains a comprehensive record of many of the important elemental abundances in the soils of the UK. This dataset can be used to highlight areas of element abundance, and the links between these and some soil properties. It also provides a pH reading of the soil at that point, which can be used to plot the areas more suitable for the growth of acidic soil loving plants.&lt;/span&gt;&lt;/p&gt;&lt;p&gt;&amp;nbsp;&lt;/p&gt;&lt;p&gt;The NSI topsoil analyses (original) dataset is a unique collection of a vast range of detailed information. Based on a systematic grid, spaced at 5km intervals, the NSI data can be used in geostatisticical methods as well as a more general information source. Recent studies have included the use of this data in sophisticated erosion modelling. This data is essential for those trying to build up a detailed picture, for example, of chemical trends across England and Wales.&lt;/p&gt;&lt;p&gt;&amp;nbsp;&lt;/p&gt;&lt;p&gt;&lt;span&gt;NSI Summary&lt;/span&gt;&lt;/p&gt;&lt;p&gt;&amp;nbsp;&lt;/p&gt;&lt;p&gt;&lt;span&gt;NSI features derives many parameters beneficial for modelling soils. These parameters, derived from readings and measurements taken at the NSI site include the depth from the surface to various layers, as well as providing information on the amount of risk that is posed to this soil by erosion and flooding. This dataset will prove important for those wanting a good understanding of the depths of the various layers in the soil profile, and those interested in mapping risks.&lt;/span&gt;&lt;/p&gt;&lt;p&gt;&amp;nbsp;&lt;/p&gt;&lt;p&gt;&lt;span&gt;NSI data covers England and Wales on a regular 5 km grid and provides detailed information of the soil series and a soil profile description for each intersect of the grid. It also contains samples and analysis of the soil at the location for the topsoil (0-15cm). Information extracted: soil series (for peat&lt;/span&gt;&lt;br&gt;&lt;span&gt;presence) and peat depth. Analytical information from the soil sample was used to characterise the organic carbon content for peat soils.&lt;/span&gt;&lt;/p&gt;&lt;/div&gt;&lt;/div&gt;</idAbs>
<idCitation>
<resTitle>NSItopsoil1</resTitle>
<date>
<pubDate>2026-03-31T00:00:00</pubDate>
</date>
<presForm>
<PresFormCd value="005">
</PresFormCd>
</presForm>
<resAltTitle>NSItopsoil_1</resAltTitle>
<collTitle>LandIS</collTitle>
</idCitation>
<dataExt>
<exDesc>England and Wales</exDesc>
<geoEle>
<GeoBndBox>
<westBL Sync="FALSE">-5.80</westBL>
<eastBL Sync="FALSE">1.80</eastBL>
<northBL Sync="FALSE">55.80</northBL>
<southBL Sync="FALSE">49.80</southBL>
<exTypeCode>1</exTypeCode>
</GeoBndBox>
</geoEle>
</dataExt>
<searchKeys>
<keyword>NSI</keyword>
<keyword>Soil</keyword>
<keyword>soil type</keyword>
<keyword>inventory</keyword>
<keyword>soil analysis</keyword>
<keyword>pH-value</keyword>
<keyword>carbon</keyword>
<keyword>aluminium</keyword>
<keyword>arsenic</keyword>
<keyword>barium</keyword>
<keyword>calcium</keyword>
<keyword>cadmium</keyword>
<keyword>cobalt</keyword>
<keyword>chromium</keyword>
<keyword>copper</keyword>
<keyword>iron</keyword>
<keyword>fluorine</keyword>
<keyword>mercury</keyword>
<keyword>nickel</keyword>
<keyword>phosphorus</keyword>
<keyword>lead</keyword>
<keyword>selenium</keyword>
<keyword>strontium</keyword>
<keyword>vanadium</keyword>
<keyword>zinc</keyword>
<keyword>peat</keyword>
</searchKeys>
<idPurp>The initial NSI topsoil analyses. NSI topsoil1 contains a comprehensive record of many of the important elemental abundances in the soils of the UK.</idPurp>
<idCredit>© Cranfield University and the Controller of HMSO</idCredit>
<resConst>
<Consts>
<useLimit>&lt;div style="text-align:Left;"&gt;&lt;div&gt;&lt;p&gt;&lt;span&gt;Data originated from the Cranfield University, Land Information System LandIS® Portal licensed under "Cranfield &amp;amp; Defra Open Data Licence v1.0" 2026&lt;/span&gt;&lt;/p&gt;&lt;/div&gt;&lt;/div&gt;</useLimit>
</Consts>
</resConst>
<resConst>
<LegConsts>
<accessConsts>
<RestrictCd value="005">
</RestrictCd>
</accessConsts>
<useConsts>
<RestrictCd value="005">
</RestrictCd>
</useConsts>
<useLimit>Data originated from the Cranfield University, Land Information System LandIS® Portal licensed under "Cranfield &amp; Defra Open Data Licence v1.0" 2026</useLimit>
<othConsts>Data originated from the Cranfield University, Land Information System LandIS® Portal licensed under "Cranfield &amp; Defra Open Data Licence v1.0" 2026</othConsts>
</LegConsts>
</resConst>
<dataLang>
<languageCode value="eng">
</languageCode>
<countryCode value="GB" Sync="FALSE">
</countryCode>
</dataLang>
<dataChar>
<CharSetCd value="004">
</CharSetCd>
</dataChar>
<spatRpType>
<SpatRepTypCd value="003">
</SpatRepTypCd>
</spatRpType>
<dataScale>
<equScale>
<rfDenom>250000</rfDenom>
</equScale>
</dataScale>
<envirDesc Sync="FALSE">Esri ArcGIS 13.4.0.55405</envirDesc>
<idStatus>
<ProgCd value="001">
</ProgCd>
</idStatus>
<graphOver>
<bgFileName>http://www.landis.org.uk/data/images/nsitorquay40.gif</bgFileName>
<bgFileDesc>thumbnail</bgFileDesc>
<bgFileType>png</bgFileType>
</graphOver>
<resMaint>
<maintFreq>
<MaintFreqCd value="010">
</MaintFreqCd>
</maintFreq>
</resMaint>
<otherKeys>
<thesaName>
<resTitle>GEMET - INSPIRE themes, version 1.0</resTitle>
</thesaName>
<keyword>Soil</keyword>
</otherKeys>
<otherKeys>
<thesaName>
<resTitle>GEMET - Concepts, version 2.3</resTitle>
</thesaName>
<keyword>soil type</keyword>
<keyword>inventory</keyword>
<keyword>soil analysis</keyword>
<keyword>pH-value</keyword>
<keyword>carbon</keyword>
<keyword>aluminium</keyword>
<keyword>arsenic</keyword>
<keyword>barium</keyword>
<keyword>calcium</keyword>
<keyword>cadmium</keyword>
<keyword>cobalt</keyword>
<keyword>chromium</keyword>
<keyword>copper</keyword>
<keyword>iron</keyword>
<keyword>fluorine</keyword>
<keyword>mercury</keyword>
<keyword>nickel</keyword>
<keyword>phosphorus</keyword>
<keyword>lead</keyword>
<keyword>selenium</keyword>
<keyword>strontium</keyword>
<keyword>vanadium</keyword>
<keyword>zinc</keyword>
<keyword>peat</keyword>
</otherKeys>
<tpCat>
<TopicCatCd value="008">
</TopicCatCd>
</tpCat>
</dataIdInfo>
<mdLang>
<languageCode value="eng">
</languageCode>
<countryCode value="GBR" Sync="TRUE">
</countryCode>
</mdLang>
<mdHrLv>
<ScopeCd value="005">
</ScopeCd>
</mdHrLv>
<mdHrLvName>dataset</mdHrLvName>
<mdFileID>NSItopsoil_1</mdFileID>
<mdChar>
<CharSetCd value="004">
</CharSetCd>
</mdChar>
<mdDateSt>2026-03-31</mdDateSt>
<mdContact>
<rpIndName>LandIS Administrator</rpIndName>
<rpOrgName>Cranfield University</rpOrgName>
<rpPosName>Administrator</rpPosName>
<rpCntInfo>
<cntAddress addressType="postal">
<eMailAdd>landis@cranfield.ac.uk</eMailAdd>
<delPoint>Building 121, Cranfield University</delPoint>
<city>Cranfield</city>
<adminArea>Bedfordshire</adminArea>
<postCode>MK43 0AL</postCode>
<country>GB</country>
</cntAddress>
<cntPhone>
<voiceNum>+44 (0) 1234 75 0111</voiceNum>
</cntPhone>
<cntOnlineRes>
<linkage>https://www.landis.org.uk</linkage>
</cntOnlineRes>
<cntHours>9am-5pm (United Kingdom Time)</cntHours>
<cntInstr>Please email us in the first instance.</cntInstr>
</rpCntInfo>
<role>
<RoleCd value="007">
</RoleCd>
</role>
</mdContact>
<dqInfo>
<dqScope>
<scpLvl>
<ScopeCd value="005">
</ScopeCd>
</scpLvl>
</dqScope>
<dataLineage>
<statement>The original NSI field records were recorded in digital format by an agency. The resulting files were processed through a comprehensive validation process, checking values, ranges and logical cross checks with other attributes. However it must be noted that errors during the entry procedure and inconsistent recording by surveyors means that the accuracy can not be guaranteed. The analytical data has been checked to make sure the data is within acceptable ranges f
or the element.</statement>
</dataLineage>
<report type="DQDomConsis">
<measResult>
<ConResult>
<conSpec>
<resTitle>INSPIRE Metadata Implementing Rules: Technical Guidelines based on EN ISO 19115 and EN ISO 19119 ( Revised edition)</resTitle>
<date>
<pubDate>2026-03-31T00:00:00</pubDate>
</date>
</conSpec>
<conExpl>See the referenced specification</conExpl>
<conPass>1</conPass>
</ConResult>
</measResult>
</report>
</dqInfo>
<distInfo>
<distTranOps>
<onLineSrc>
<linkage>http://www.landis.org.uk/</linkage>
<protocol>WWW:LINK-1.0-http--samples</protocol>
<orName>LandIS website</orName>
<orDesc>LandIS website</orDesc>
</onLineSrc>
</distTranOps>
</distInfo>
<refSysInfo>
<RefSystem>
<refSysID>
<identCode code="British National Grid">
</identCode>
<idCodeSpace>EPSG</idCodeSpace>
<idVersion>6.3(3.0.1)</idVersion>
</refSysID>
</RefSystem>
</refSysInfo>
<mdMaint>
<maintFreq>
<MaintFreqCd value="010">
</MaintFreqCd>
</maintFreq>
</mdMaint>
<eainfo>
<detailed Name="NSitopsoil1">
<enttyp>
<enttypl>NSitopsoil1</enttypl>
<enttypt>Feature Class</enttypt>
<enttypc>5686</enttypc>
</enttyp>
<attr>
<attrlabl>OBJECTID</attrlabl>
<attalias>OBJECTID</attalias>
<attrtype>OID</attrtype>
<attwidth>4</attwidth>
<atprecis>0</atprecis>
<attscale>0</attscale>
<attrdef>Internal feature number.</attrdef>
<attrdefs>Esri</attrdefs>
<attrdomv>
<udom>Sequential unique whole numbers that are automatically generated.</udom>
</attrdomv>
</attr>
<attr>
<attrlabl>Shape</attrlabl>
<attalias>Shape</attalias>
<attrtype>Geometry</attrtype>
<attwidth>0</attwidth>
<atprecis>0</atprecis>
<attscale>0</attscale>
<attrdef>Feature geometry.</attrdef>
<attrdefs>Esri</attrdefs>
<attrdomv>
<udom>Coordinates defining the features.</udom>
</attrdomv>
</attr>
<attr>
<attrlabl>NSI_ID</attrlabl>
<attalias>NSI_ID</attalias>
<attrtype>Integer</attrtype>
<attwidth>4</attwidth>
<atprecis>0</atprecis>
<attscale>0</attscale>
<attrdef>Identification number for each 5 km cell in the UK calculated as (TRUNC(NORTHING/5000)*140+TRUNC(EASTING/5000))</attrdef>
<attrdefs>Esri</attrdefs>
</attr>
<attr>
<attrlabl>EAST_NSI</attrlabl>
<attalias>EAST_NSI</attalias>
<attrtype>Integer</attrtype>
<attwidth>4</attwidth>
<atprecis>0</atprecis>
<attscale>0</attscale>
<attrdef>National Grid reference easting at 5km resolution with 1km offset from true grid</attrdef>
<attrdefs>Esri</attrdefs>
</attr>
<attr>
<attrlabl>NORTH_NSI</attrlabl>
<attalias>NORTH_NSI</attalias>
<attrtype>Integer</attrtype>
<attwidth>4</attwidth>
<atprecis>0</atprecis>
<attscale>0</attscale>
<attrdef>National Grid reference northing at 5km resolution with 1km offset from true grid</attrdef>
<attrdefs>Esri</attrdefs>
</attr>
<attr>
<attrlabl>PH</attrlabl>
<attalias>PH</attalias>
<attrtype>Single</attrtype>
<attwidth>4</attwidth>
<atprecis>0</atprecis>
<attscale>0</attscale>
<attrdef>Acidity (pH) measured by shaking 10 ml of soil for 15 minutes with 25 ml of water</attrdef>
<attrdefs>Esri</attrdefs>
</attr>
<attr>
<attrlabl>CARBON</attrlabl>
<attalias>CARBON</attalias>
<attrtype>Single</attrtype>
<attwidth>4</attwidth>
<atprecis>0</atprecis>
<attscale>0</attscale>
<attrdef>Organic Carbon (% by weight) measured either by loss-on-ignition for soils estimated to contain more than about 20% organic carbon or by dichromate digestion.</attrdef>
<attrdefs>Esri</attrdefs>
</attr>
<attr>
<attrlabl>AL_ACID</attrlabl>
<attalias>AL_ACID</attalias>
<attrtype>Integer</attrtype>
<attwidth>4</attwidth>
<atprecis>0</atprecis>
<attscale>0</attscale>
<attrdef>Total Aluminium concentration (mg/kg) determined by Inductively Coupled Plasma Emission Spectrometry (ICP) in an aqua regia digest</attrdef>
<attrdefs>Esri</attrdefs>
</attr>
<attr>
<attrlabl>AS_ACID</attrlabl>
<attalias>AS_ACID</attalias>
<attrtype>Single</attrtype>
<attwidth>4</attwidth>
<atprecis>0</atprecis>
<attscale>0</attscale>
<attrdef>Total Arsenic concentration (mg/kg) determined by Hydride Atomic Absorption Spectrometry (AAS), extracted into hydrochloric acid after digestion with nitric acid and washing with magnesium nitrate</attrdef>
<attrdefs>Esri</attrdefs>
</attr>
<attr>
<attrlabl>BA_ACID</attrlabl>
<attalias>BA_ACID</attalias>
<attrtype>SmallInteger</attrtype>
<attwidth>2</attwidth>
<atprecis>0</atprecis>
<attscale>0</attscale>
<attrdef>Total Barium concentration (mg/kg) determined by Inductively Coupled Plasma Emission Spectrometry (ICP) in an aqua regia digest</attrdef>
<attrdefs>Esri</attrdefs>
</attr>
<attr>
<attrlabl>CA_ACID</attrlabl>
<attalias>CA_ACID</attalias>
<attrtype>Integer</attrtype>
<attwidth>4</attwidth>
<atprecis>0</atprecis>
<attscale>0</attscale>
<attrdef>Total Calcium concentration (mg/kg) determined by Inductively Coupled Plasma Emission Spectrometry (ICP) in an aqua regia digest</attrdef>
<attrdefs>Esri</attrdefs>
</attr>
<attr>
<attrlabl>CD_ACID</attrlabl>
<attalias>CD_ACID</attalias>
<attrtype>Single</attrtype>
<attwidth>4</attwidth>
<atprecis>0</atprecis>
<attscale>0</attscale>
<attrdef>Total Cadmium concentration (mg/kg) determined by Inductively Coupled Plasma Emission Spectrometry (ICP) in an aqua regia digest</attrdef>
<attrdefs>Esri</attrdefs>
</attr>
<attr>
<attrlabl>CD_EDTA</attrlabl>
<attalias>CD_EDTA</attalias>
<attrtype>Single</attrtype>
<attwidth>4</attwidth>
<atprecis>0</atprecis>
<attscale>0</attscale>
<attrdef>Extractable Cadmium concentration (mg/l) determined by Inductively Coupled Plasma Emission Spectrometry (ICP) after shaking 10ml of soil with 50ml of 0.05M EDTA at pH 7.0 for 1h at 20 deg. C and then filtering</attrdef>
<attrdefs>Esri</attrdefs>
</attr>
<attr>
<attrlabl>CO_ACID</attrlabl>
<attalias>CO_ACID</attalias>
<attrtype>Single</attrtype>
<attwidth>4</attwidth>
<atprecis>0</atprecis>
<attscale>0</attscale>
<attrdef>Total Cobalt concentration (mg/kg) determined by Inductively Coupled Plasma Emission Spectrometry (ICP) in an aqua regia digest</attrdef>
<attrdefs>Esri</attrdefs>
</attr>
<attr>
<attrlabl>CO_EDTA</attrlabl>
<attalias>CO_EDTA</attalias>
<attrtype>Single</attrtype>
<attwidth>4</attwidth>
<atprecis>0</atprecis>
<attscale>0</attscale>
<attrdef>Extractable Cobalt concentration (mg/l) determined by Inductively Coupled Plasma Emission Spectrometry (ICP) after shaking 10ml of soil with 50ml of 0.05M EDTA at pH 7.0 for 1h at 20 deg. C and then filtering</attrdef>
<attrdefs>Esri</attrdefs>
</attr>
<attr>
<attrlabl>CR_ACID</attrlabl>
<attalias>CR_ACID</attalias>
<attrtype>Single</attrtype>
<attwidth>4</attwidth>
<atprecis>0</atprecis>
<attscale>0</attscale>
<attrdef>Total Chromium concentration (mg/kg) determined by Inductively Coupled Plasma Emission Spectrometry (ICP) in an aqua regia digest</attrdef>
<attrdefs>Esri</attrdefs>
</attr>
<attr>
<attrlabl>CU_ACID</attrlabl>
<attalias>CU_ACID</attalias>
<attrtype>Single</attrtype>
<attwidth>4</attwidth>
<atprecis>0</atprecis>
<attscale>0</attscale>
<attrdef>Total Copper concentration (mg/kg) determined by Inductively Coupled Plasma Emission Spectrometry (ICP) in an aqua regia digest</attrdef>
<attrdefs>Esri</attrdefs>
</attr>
<attr>
<attrlabl>CU_EDTA</attrlabl>
<attalias>CU_EDTA</attalias>
<attrtype>Single</attrtype>
<attwidth>4</attwidth>
<atprecis>0</atprecis>
<attscale>0</attscale>
<attrdef>Extractable Copper concentration (mg/l) determined by Inductively Coupled Plasma Emission Spectrometry (ICP) after shaking 10ml of soil with 50ml of 0.05M EDTA at pH 7.0 for 1h at 20 deg. C and then filtering</attrdef>
<attrdefs>Esri</attrdefs>
</attr>
<attr>
<attrlabl>F_ACID</attrlabl>
<attalias>F_ACID</attalias>
<attrtype>Single</attrtype>
<attwidth>4</attwidth>
<atprecis>0</atprecis>
<attscale>0</attscale>
<attrdef>Fluoride extracted with 1mol / l sulphuric acid and determined by Ion Selective Electrode (ISE)</attrdef>
<attrdefs>Esri</attrdefs>
</attr>
<attr>
<attrlabl>FE_ACID</attrlabl>
<attalias>FE_ACID</attalias>
<attrtype>Integer</attrtype>
<attwidth>4</attwidth>
<atprecis>0</atprecis>
<attscale>0</attscale>
<attrdef>Total Iron concentration (mg/kg) determined by Inductively Coupled Plasma Emission Spectrometry (ICP) in an aqua regia digest</attrdef>
<attrdefs>Esri</attrdefs>
</attr>
<attr>
<attrlabl>HG_ACID</attrlabl>
<attalias>HG_ACID</attalias>
<attrtype>Single</attrtype>
<attwidth>4</attwidth>
<atprecis>0</atprecis>
<attscale>0</attscale>
<attrdef>Total Mercury concentration (mg/kg) determined by Hydride Atomic Absorption Spectrometry (AAS), digested in a nitric/sulphuric acid mixture</attrdef>
<attrdefs>Esri</attrdefs>
</attr>
<attr>
<attrlabl>K_ACID</attrlabl>
<attalias>K_ACID</attalias>
<attrtype>Integer</attrtype>
<attwidth>4</attwidth>
<atprecis>0</atprecis>
<attscale>0</attscale>
<attrdef>Total Potassium concentration (mg/kg) determined by Inductively Coupled Plasma Emission Spectrometry (ICP) in an aqua regia digest</attrdef>
<attrdefs>Esri</attrdefs>
</attr>
<attr>
<attrlabl>K_NITRATE</attrlabl>
<attalias>K_NITRATE</attalias>
<attrtype>Integer</attrtype>
<attwidth>4</attwidth>
<atprecis>0</atprecis>
<attscale>0</attscale>
<attrdef>Extractable Potassium concentration (mg/l) determined by shaking 10ml of air dry soil with 50ml of 1.0M ammonium nitrate for 30mins, filtering and then measuring the concentration by flame photometry</attrdef>
<attrdefs>Esri</attrdefs>
</attr>
<attr>
<attrlabl>MG_ACID</attrlabl>
<attalias>MG_ACID</attalias>
<attrtype>Integer</attrtype>
<attwidth>4</attwidth>
<atprecis>0</atprecis>
<attscale>0</attscale>
<attrdef>Total Magnesium concentration (mg/kg) determined by Inductively Coupled Plasma Emission Spectrometry (ICP) in an aqua regia digest</attrdef>
<attrdefs>Esri</attrdefs>
</attr>
<attr>
<attrlabl>MG_NITRATE</attrlabl>
<attalias>MG_NITRATE</attalias>
<attrtype>Integer</attrtype>
<attwidth>4</attwidth>
<atprecis>0</atprecis>
<attscale>0</attscale>
<attrdef>Extractable Magnesium concentration (mg/l) determined by shaking 10ml of air dry soil with 50ml of 1.0M ammonium nitrate for 30mins, filtering and then measuring the concentration by flame photometry</attrdef>
<attrdefs>Esri</attrdefs>
</attr>
<attr>
<attrlabl>MN_ACID</attrlabl>
<attalias>MN_ACID</attalias>
<attrtype>Integer</attrtype>
<attwidth>4</attwidth>
<atprecis>0</atprecis>
<attscale>0</attscale>
<attrdef>Total Manganese concentration (mg/kg) determined by Inductively Coupled Plasma Emission Spectrometry (ICP) in an aqua regia digest</attrdef>
<attrdefs>Esri</attrdefs>
</attr>
<attr>
<attrlabl>MN_EDTA</attrlabl>
<attalias>MN_EDTA</attalias>
<attrtype>SmallInteger</attrtype>
<attwidth>2</attwidth>
<atprecis>0</atprecis>
<attscale>0</attscale>
<attrdef>Extractable Manganese concentration (mg/l) determined by Inductively Coupled Plasma Emission Spectrometry (ICP) after shaking 10ml of soil with 50ml of 0.05M EDTA at pH 7.0 for 1h at 20 deg. C and then filtering</attrdef>
<attrdefs>Esri</attrdefs>
</attr>
<attr>
<attrlabl>MO_ACID</attrlabl>
<attalias>MO_ACID</attalias>
<attrtype>Single</attrtype>
<attwidth>4</attwidth>
<atprecis>0</atprecis>
<attscale>0</attscale>
<attrdef>Total Molybdenum concentration (mg/kg) determined by Atomic Adsorption Spectrometry (AAS) in an aqua regia digest</attrdef>
<attrdefs>Esri</attrdefs>
</attr>
<attr>
<attrlabl>MO_EDTA</attrlabl>
<attalias>MO_EDTA</attalias>
<attrtype>Single</attrtype>
<attwidth>4</attwidth>
<atprecis>0</atprecis>
<attscale>0</attscale>
<attrdef>Extractable Molybdenum concentration (mg/l) determined by Inductively Coupled Plasma Emission Spectrometry (ICP) after shaking 10ml of soil with 50ml of 0.05M EDTA at pH 7.0 for 1h at 20 deg. C and then filtering</attrdef>
<attrdefs>Esri</attrdefs>
</attr>
<attr>
<attrlabl>NA_ACID</attrlabl>
<attalias>NA_ACID</attalias>
<attrtype>Integer</attrtype>
<attwidth>4</attwidth>
<atprecis>0</atprecis>
<attscale>0</attscale>
<attrdef>Total Sodium concentration (mg/kg) determined by Inductively Coupled Plasma Emission Spectrometry (ICP) in an aqua regia digest</attrdef>
<attrdefs>Esri</attrdefs>
</attr>
<attr>
<attrlabl>NI_ACID</attrlabl>
<attalias>NI_ACID</attalias>
<attrtype>Single</attrtype>
<attwidth>4</attwidth>
<atprecis>0</atprecis>
<attscale>0</attscale>
<attrdef>Total Nickel concentration (mg/kg) determined by Inductively Coupled Plasma Emission Spectrometry (ICP) in an aqua regia digest</attrdef>
<attrdefs>Esri</attrdefs>
</attr>
<attr>
<attrlabl>NI_EDTA</attrlabl>
<attalias>NI_EDTA</attalias>
<attrtype>Single</attrtype>
<attwidth>4</attwidth>
<atprecis>0</atprecis>
<attscale>0</attscale>
<attrdef>Extractable Nickel concentration (mg/l) determined by Inductively Coupled Plasma Emission Spectrometry (ICP) after shaking 10ml of soil with 50ml of 0.05M EDTA at pH 7.0 for 1h at 20 deg. C and then filtering</attrdef>
<attrdefs>Esri</attrdefs>
</attr>
<attr>
<attrlabl>P_ACID</attrlabl>
<attalias>P_ACID</attalias>
<attrtype>SmallInteger</attrtype>
<attwidth>2</attwidth>
<atprecis>0</atprecis>
<attscale>0</attscale>
<attrdef>Total Phosphorus concentration (mg/kg) determined by Inductively Coupled Plasma Emission Spectrometry (ICP) in an aqua regia digest</attrdef>
<attrdefs>Esri</attrdefs>
</attr>
<attr>
<attrlabl>P_OLSEN</attrlabl>
<attalias>P_OLSEN</attalias>
<attrtype>SmallInteger</attrtype>
<attwidth>2</attwidth>
<atprecis>0</atprecis>
<attscale>0</attscale>
<attrdef>Extractable Phosphorus concentration (mg/l) determined by shaking 5ml of air dry soil with 100ml of 0.5M sodium bicarbonate for 30mins at 20 deg.C, filtering and then measuring the absorbance at 880 nm colorimetrically with acid ammonium molybdate solution</attrdef>
<attrdefs>Esri</attrdefs>
</attr>
<attr>
<attrlabl>PB_ACID</attrlabl>
<attalias>PB_ACID</attalias>
<attrtype>Integer</attrtype>
<attwidth>4</attwidth>
<atprecis>0</atprecis>
<attscale>0</attscale>
<attrdef>Total Lead concentration (mg/kg) determined by Inductively Coupled Plasma Emission Spectrometry (ICP) in an aqua regia digest</attrdef>
<attrdefs>Esri</attrdefs>
</attr>
<attr>
<attrlabl>PB_EDTA</attrlabl>
<attalias>PB_EDTA</attalias>
<attrtype>Single</attrtype>
<attwidth>4</attwidth>
<atprecis>0</atprecis>
<attscale>0</attscale>
<attrdef>Extractable Lead concentration (mg/l) determined by Inductively Coupled Plasma Emission Spectrometry (ICP) after shaking 10ml of soil with 50ml of 0.05M EDTA at pH 7.0 for 1h at 20 deg. C and then filtering</attrdef>
<attrdefs>Esri</attrdefs>
</attr>
<attr>
<attrlabl>SE_ACID</attrlabl>
<attalias>SE_ACID</attalias>
<attrtype>Single</attrtype>
<attwidth>4</attwidth>
<atprecis>0</atprecis>
<attscale>0</attscale>
<attrdef>Total Selenium concentration (mg/kg) determined by Hydride Atomic Absorption Spectrometry (AAS), extracted into hydrochloric acid after digestion with nitric acid and ashing with magnesium nitrate</attrdef>
<attrdefs>Esri</attrdefs>
</attr>
<attr>
<attrlabl>SR_ACID</attrlabl>
<attalias>SR_ACID</attalias>
<attrtype>SmallInteger</attrtype>
<attwidth>2</attwidth>
<atprecis>0</atprecis>
<attscale>0</attscale>
<attrdef>Total Strontium concentration (mg/kg) determined by Inductively Coupled Plasma Emission Spectrometry (ICP) in an aqua regia digest</attrdef>
<attrdefs>Esri</attrdefs>
</attr>
<attr>
<attrlabl>V_ACID</attrlabl>
<attalias>V_ACID</attalias>
<attrtype>Single</attrtype>
<attwidth>4</attwidth>
<atprecis>0</atprecis>
<attscale>0</attscale>
<attrdef>Total Vanadium concentration (mg/kg) determined by Atomic Adsorption Spectrometry (AAS) in an aqua regia digest</attrdef>
<attrdefs>Esri</attrdefs>
</attr>
<attr>
<attrlabl>ZN_ACID</attrlabl>
<attalias>ZN_ACID</attalias>
<attrtype>Integer</attrtype>
<attwidth>4</attwidth>
<atprecis>0</atprecis>
<attscale>0</attscale>
<attrdef>Total Zinc concentration (mg/kg) determined by Inductively Coupled Plasma Emission Spectrometry (ICP) in an aqua regia digest</attrdef>
<attrdefs>Esri</attrdefs>
</attr>
<attr>
<attrlabl>ZN_EDTA</attrlabl>
<attalias>ZN_EDTA</attalias>
<attrtype>Single</attrtype>
<attwidth>4</attwidth>
<atprecis>0</atprecis>
<attscale>0</attscale>
<attrdef>Extractable Zinc concentration (mg/l) determined by Inductively Coupled Plasma Emission Spectrometry (ICP) after shaking 10ml of soil with 50ml of 0.05M EDTA at pH 7.0 for 1h at 20 deg. C and then filtering</attrdef>
<attrdefs>Esri</attrdefs>
</attr>
<attr>
<attrlabl>SAMPLEDATE</attrlabl>
<attalias>SAMPLE_DAT</attalias>
<attrtype>Date</attrtype>
<attwidth>8</attwidth>
<atprecis>0</atprecis>
<attscale>0</attscale>
<attrdef>Date on which sample was taken</attrdef>
<attrdefs>Esri</attrdefs>
</attr>
<attr>
<attrlabl>LABNO</attrlabl>
<attalias>LABNO</attalias>
<attrtype>SmallInteger</attrtype>
<attwidth>2</attwidth>
<atprecis>0</atprecis>
<attscale>0</attscale>
<attrdef>Sequence number given to a soil sample</attrdef>
<attrdefs>Esri</attrdefs>
</attr>
<attr>
<attrlabl>LAB_ID</attrlabl>
<attalias>LAB_ID</attalias>
<attrtype>String</attrtype>
<attwidth>3</attwidth>
<atprecis>0</atprecis>
<attscale>0</attscale>
<attrdef>Laboratory identification</attrdef>
<attrdefs>Esri</attrdefs>
</attr>
<attr>
<attrlabl>ADAS_TEXTU</attrlabl>
<attalias>ADAS_TEXTU</attalias>
<attrtype>String</attrtype>
<attwidth>2</attwidth>
<atprecis>0</atprecis>
<attscale>0</attscale>
<attrdef>ADAS texture code, the Agricultural Development and Advisory Service</attrdef>
<attrdefs>Esri</attrdefs>
</attr>
<attr>
<attrlabl>ADAS_LABNO</attrlabl>
<attalias>ADAS_LABNO</attalias>
<attrtype>String</attrtype>
<attwidth>5</attwidth>
<atprecis>0</atprecis>
<attscale>0</attscale>
<attrdef>Laboratory no. as used by ADAS, the Agricultural Development and Advisory Service</attrdef>
<attrdefs>Esri</attrdefs>
</attr>
</detailed>
</eainfo>
<spatRepInfo>
<VectSpatRep>
<topLvl>
<TopoLevCd value="001" Sync="TRUE">
</TopoLevCd>
</topLvl>
<geometObjs Name="NSitopsoil1">
<geoObjTyp>
<GeoObjTypCd value="004" Sync="TRUE">
</GeoObjTypCd>
</geoObjTyp>
<geoObjCnt>5686</geoObjCnt>
</geometObjs>
</VectSpatRep>
</spatRepInfo>
<mdParentID>LandIS</mdParentID>
<mdStanName>ArcGIS Metadata</mdStanName>
<mdStanVer>1.0</mdStanVer>
<spdoinfo>
<ptvctinf>
<esriterm Name="NSitopsoil1">
<efeatyp Sync="TRUE">Simple</efeatyp>
<efeageom code="1" Sync="TRUE">
</efeageom>
<esritopo Sync="TRUE">FALSE</esritopo>
<efeacnt Sync="TRUE">5686</efeacnt>
<spindex Sync="TRUE">TRUE</spindex>
<linrefer Sync="TRUE">FALSE</linrefer>
</esriterm>
</ptvctinf>
</spdoinfo>
</metadata>
