<?xml version="1.0" encoding="UTF-8"?>
<metadata xml:lang="en">
<Esri>
<CreaDate>20260115</CreaDate>
<CreaTime>13501300</CreaTime>
<ArcGISFormat>1.0</ArcGISFormat>
<ArcGISProfile>ISO19139</ArcGISProfile>
<DataProperties>
<itemProps>
<imsContentType Sync="TRUE">002</imsContentType>
<itemName Sync="TRUE">RabbitSurveys_sites</itemName>
</itemProps>
<coordRef>
<type Sync="TRUE">Projected</type>
<geogcsn Sync="TRUE">GCS_OSGB_1936</geogcsn>
<csUnits Sync="TRUE">Linear Unit: Meter (1.000000)</csUnits>
<projcsn Sync="TRUE">British_National_Grid</projcsn>
<peXml Sync="TRUE">&lt;ProjectedCoordinateSystem xsi:type='typens:ProjectedCoordinateSystem' xmlns:xsi='http://www.w3.org/2001/XMLSchema-instance' xmlns:xs='http://www.w3.org/2001/XMLSchema' xmlns:typens='http://www.esri.com/schemas/ArcGIS/3.6.0'&gt;&lt;WKT&gt;PROJCS[&amp;quot;British_National_Grid&amp;quot;,GEOGCS[&amp;quot;GCS_OSGB_1936&amp;quot;,DATUM[&amp;quot;D_OSGB_1936&amp;quot;,SPHEROID[&amp;quot;Airy_1830&amp;quot;,6377563.396,299.3249646]],PRIMEM[&amp;quot;Greenwich&amp;quot;,0.0],UNIT[&amp;quot;Degree&amp;quot;,0.0174532925199433]],PROJECTION[&amp;quot;Transverse_Mercator&amp;quot;],PARAMETER[&amp;quot;False_Easting&amp;quot;,400000.0],PARAMETER[&amp;quot;False_Northing&amp;quot;,-100000.0],PARAMETER[&amp;quot;Central_Meridian&amp;quot;,-2.0],PARAMETER[&amp;quot;Scale_Factor&amp;quot;,0.9996012717],PARAMETER[&amp;quot;Latitude_Of_Origin&amp;quot;,49.0],UNIT[&amp;quot;Meter&amp;quot;,1.0],AUTHORITY[&amp;quot;EPSG&amp;quot;,27700]]&lt;/WKT&gt;&lt;XOrigin&gt;-5220400&lt;/XOrigin&gt;&lt;YOrigin&gt;-15524400&lt;/YOrigin&gt;&lt;XYScale&gt;10000&lt;/XYScale&gt;&lt;ZOrigin&gt;-100000&lt;/ZOrigin&gt;&lt;ZScale&gt;10000&lt;/ZScale&gt;&lt;MOrigin&gt;-100000&lt;/MOrigin&gt;&lt;MScale&gt;10000&lt;/MScale&gt;&lt;XYTolerance&gt;0.001&lt;/XYTolerance&gt;&lt;ZTolerance&gt;0.001&lt;/ZTolerance&gt;&lt;MTolerance&gt;0.001&lt;/MTolerance&gt;&lt;HighPrecision&gt;true&lt;/HighPrecision&gt;&lt;WKID&gt;27700&lt;/WKID&gt;&lt;LatestWKID&gt;27700&lt;/LatestWKID&gt;&lt;/ProjectedCoordinateSystem&gt;</peXml>
</coordRef>
</DataProperties>
<scaleRange>
<minScale>940711.274097</minScale>
<maxScale>4097.288461</maxScale>
</scaleRange>
<ModDate>20260115</ModDate>
<ModTime>13350700</ModTime>
<SyncOnce>FALSE</SyncOnce>
<SyncDate>20260115</SyncDate>
<SyncTime>13350700</SyncTime>
</Esri>
<dataIdInfo>
<idAbs>&lt;p&gt;Outlines of the locations of the Rabbit Survey squares soil maps. Data originate from the MAFF National Rabbit Survey 1980-1986 (Trout et al., 2000). Some 50 sites were monitored.&lt;/p&gt;</idAbs>
<idCitation>
<resTitle>SoilCatalogue_RabbitSurveys_sites</resTitle>
<date>
<pubDate>2026-03-31T00:00:00</pubDate>
<createDate>2026-03-31T00:00:00</createDate>
</date>
<presForm>
<PresFormCd value="005" Sync="TRUE">
</PresFormCd>
</presForm>
</idCitation>
<dataExt>
<exDesc>England and Wales</exDesc>
<geoEle>
<GeoBndBox Sync="FALSE">
<westBL Sync="FALSE">-5.80</westBL>
<eastBL Sync="FALSE">1.80</eastBL>
<northBL Sync="FALSE">55.80</northBL>
<southBL Sync="FALSE">49.80</southBL>
<exTypeCode>1</exTypeCode>
</GeoBndBox>
</geoEle>
</dataExt>
<searchKeys>
<keyword>Soil</keyword>
<keyword>Soil map</keyword>
</searchKeys>
<themeKeys>
<keyword>soil</keyword>
<thesaName>
<resTitle>GEMET - INSPIRE themes, version 1.0</resTitle>
</thesaName>
</themeKeys>
<themeKeys>
<keyword>soilmap</keyword>
<thesaName>
<resTitle>GEMET - Concepts, version 2.3</resTitle>
</thesaName>
</themeKeys>
<idPurp>Location of the Rabbit Survey squares soil maps</idPurp>
<idCredit>© Cranfield University and the Controller of HMSO</idCredit>
<resConst>
<Consts>
<useLimit>&lt;p&gt;&lt;span&gt;Data originated from the Cranfield University, Land Information System LandIS® Portal licensed under "Cranfield &amp;amp; Defra Open Data Licence v1.0" 2026&lt;/span&gt;&lt;/p&gt;</useLimit>
</Consts>
</resConst>
<resConst>
<LegConsts>
<accessConsts>
<RestrictCd value="005">
</RestrictCd>
</accessConsts>
<useConsts>
<RestrictCd value="005">
</RestrictCd>
</useConsts>
<useLimit>Data originated from the Cranfield University, Land Information System LandIS® Portal licensed under "Cranfield &amp; Defra Open Data Licence v1.0" 2026</useLimit>
<othConsts>Data originated from the Cranfield University, Land Information System LandIS® Portal licensed under "Cranfield &amp; Defra Open Data Licence v1.0" 2026</othConsts>
</LegConsts>
</resConst>
<dataLang>
<languageCode value="eng" Sync="TRUE">
</languageCode>
<countryCode value="GB" Sync="FALSE">
</countryCode>
</dataLang>
<dataChar>
<CharSetCd value="004" Sync="FALSE">
</CharSetCd>
</dataChar>
<spatRpType>
<SpatRepTypCd value="001" Sync="TRUE">
</SpatRepTypCd>
</spatRpType>
<dataScale>
<equScale>
<rfDenom>10000</rfDenom>
</equScale>
</dataScale>
<envirDesc Sync="FALSE">Esri ArcGIS 13.6.0.59527</envirDesc>
<idStatus>
<ProgCd value="001">
</ProgCd>
</idStatus>
<resMaint>
<maintFreq>
<MaintFreqCd value="010">
</MaintFreqCd>
</maintFreq>
</resMaint>
<tpCat>
<TopicCatCd value="008">
</TopicCatCd>
</tpCat>
</dataIdInfo>
<mdLang>
<languageCode value="eng" Sync="TRUE">
</languageCode>
<countryCode value="GBR" Sync="TRUE">
</countryCode>
</mdLang>
<mdHrLv>
<ScopeCd value="005" Sync="TRUE">
</ScopeCd>
</mdHrLv>
<mdHrLvName>dataset</mdHrLvName>
<mdFileID>SoilCatalogue_RabbitSurveys_sites</mdFileID>
<mdChar>
<CharSetCd value="004" Sync="TRUE">
</CharSetCd>
</mdChar>
<mdDateSt>2026-03-31</mdDateSt>
<mdContact>
<role>
<RoleCd value="007">
</RoleCd>
</role>
<rpCntInfo>
<cntAddress addressType="postal">
<eMailAdd>landis@cranfield.ac.uk</eMailAdd>
<delPoint>Building 121, Cranfield University</delPoint>
<city>Cranfield</city>
<adminArea>Bedfordshire</adminArea>
<postCode>MK43 0AL</postCode>
<country>GB</country>
</cntAddress>
<cntPhone>
<voiceNum>+44 (0) 1234 75 0111</voiceNum>
</cntPhone>
<cntOnlineRes>
<linkage>https://www.landis.org.uk</linkage>
</cntOnlineRes>
<cntHours>9am-5pm (United Kingdom Time)</cntHours>
<cntInstr>Please email us in the first instance.</cntInstr>
</rpCntInfo>
<rpOrgName>Cranfield University</rpOrgName>
<rpIndName>LandIS Administrator</rpIndName>
<rpPosName>Administrator</rpPosName>
</mdContact>
<dqInfo>
<dqScope>
<scpLvl>
<ScopeCd value="005">
</ScopeCd>
</scpLvl>
</dqScope>
<dataLineage>
<statement>Location of the Rabbit Survey soil maps. The outlines of the maps were extracted from each of the published maps, then checked and validated by NSRI staff.</statement>
</dataLineage>
<report type="DQDomConsis">
<measResult>
<ConResult>
<conSpec>
<resTitle Sync="FALSE">INSPIRE Metadata Implementing Rules: Technical Guidelines based on EN ISO 19115 and EN ISO 19119 ( Revised edition)</resTitle>
<date>
<pubDate>2026-03-31T00:00:00</pubDate>
</date>
</conSpec>
<conExpl>See the referenced specification</conExpl>
<conPass>1</conPass>
</ConResult>
</measResult>
</report>
</dqInfo>
<distInfo>
<distTranOps>
<onLineSrc>
<orDesc>LandIS website</orDesc>
<linkage>http://www.landis.org.uk/</linkage>
<appProfile>WWW:LINK-1.0-http--samples</appProfile>
<orName>LandIS website</orName>
</onLineSrc>
</distTranOps>
</distInfo>
<refSysInfo>
<RefSystem>
<refSysID>
<identCode code="British National Grid" Sync="TRUE">British_National_Grid</identCode>
<idCodeSpace>EPSG</idCodeSpace>
<idVersion>6.3(3.0.1)</idVersion>
</refSysID>
</RefSystem>
</refSysInfo>
<mdMaint>
<maintFreq>
<MaintFreqCd value="010">
</MaintFreqCd>
</maintFreq>
</mdMaint>
<eainfo>
<detailed Name="RabbitSurveys_sites">
<enttyp>
<enttypl>SoilCatalogue_RabbitSurveys_sites</enttypl>
<enttypt>Feature Class</enttypt>
<enttypc>0</enttypc>
</enttyp>
<attr>
<attrlabl>OBJECTID</attrlabl>
<attalias>OBJECTID</attalias>
<attrtype>OID</attrtype>
<attwidth>4</attwidth>
<atprecis>0</atprecis>
<attscale>0</attscale>
<attrdef>Internal feature number.</attrdef>
<attrdefs>Esri</attrdefs>
<attrdomv>
<udom>Sequential unique whole numbers that are automatically generated.</udom>
</attrdomv>
</attr>
<attr>
<attrlabl>Shape</attrlabl>
<attalias>Shape</attalias>
<attrtype>Geometry</attrtype>
<attwidth>0</attwidth>
<atprecis>0</atprecis>
<attscale>0</attscale>
<attrdef>Feature geometry.</attrdef>
<attrdefs>ESRI</attrdefs>
<attrdomv>
<udom>Coordinates defining the features.</udom>
</attrdomv>
</attr>
<attr>
<attrlabl>SITE</attrlabl>
<attalias>SITE</attalias>
<attrtype>String</attrtype>
<attwidth>4</attwidth>
<atprecis>0</atprecis>
<attscale>0</attscale>
<attrdef>Site identification code</attrdef>
<attrdefs>Esri</attrdefs>
</attr>
<attr>
<attrlabl>Shape_Length</attrlabl>
<attalias>Shape_Length</attalias>
<attrtype>Double</attrtype>
<attwidth>8</attwidth>
<atprecis>0</atprecis>
<attscale>0</attscale>
<attrdef>Length of feature in internal units.</attrdef>
<attrdefs>Esri</attrdefs>
<attrdomv>
<udom>Positive real numbers that are automatically generated.</udom>
</attrdomv>
</attr>
<attr>
<attrlabl>Shape_Area</attrlabl>
<attalias>Shape_Area</attalias>
<attrtype>Double</attrtype>
<attwidth>8</attwidth>
<atprecis>0</atprecis>
<attscale>0</attscale>
<attrdef>Area of feature in internal units squared.</attrdef>
<attrdefs>Esri</attrdefs>
<attrdomv>
<udom>Positive real numbers that are automatically generated.</udom>
</attrdomv>
</attr>
</detailed>
</eainfo>
<spatRepInfo>
<VectSpatRep>
<topLvl>
<TopoLevCd value="001" Sync="TRUE">
</TopoLevCd>
</topLvl>
<geometObjs Name="RabbitSurveys_sites">
<geoObjTyp>
<GeoObjTypCd value="002" Sync="TRUE">
</GeoObjTypCd>
</geoObjTyp>
<geoObjCnt>45</geoObjCnt>
</geometObjs>
</VectSpatRep>
</spatRepInfo>
<mdParentID>LandIS</mdParentID>
<idinfo>
<native Sync="FALSE">ESRI ArcCatalog 9.2.0.1324</native>
<descript>
<langdata Sync="TRUE">en</langdata>
<abstract>REQUIRED: A brief narrative summary of the data set.</abstract>
<purpose>REQUIRED: A summary of the intentions with which the data set was developed.</purpose>
</descript>
<citation>
<citeinfo>
<origin>REQUIRED: The name of an organization or individual that developed the data set.</origin>
<pubdate>REQUIRED: The date when the data set is published or otherwise made available for release.</pubdate>
<title Sync="TRUE">RabbitSurveys_sites</title>
<ftname Sync="TRUE">RabbitSurveys_sites</ftname>
<geoform Sync="TRUE">vector digital data</geoform>
<onlink Sync="FALSE">withheld</onlink>
</citeinfo>
</citation>
<timeperd>
<current>REQUIRED: The basis on which the time period of content information is determined.</current>
<timeinfo>
<sngdate>
<caldate>REQUIRED: The year (and optionally month, or month and day) for which the data set corresponds to the ground.</caldate>
</sngdate>
</timeinfo>
</timeperd>
<status>
<progress>REQUIRED: The state of the data set.</progress>
<update>REQUIRED: The frequency with which changes and additions are made to the data set after the initial data set is completed.</update>
</status>
<spdom>
<bounding>
<westbc Sync="TRUE">REQUIRED: Western-most coordinate of the limit of coverage expressed in longitude.</westbc>
<eastbc Sync="TRUE">REQUIRED: Eastern-most coordinate of the limit of coverage expressed in longitude.</eastbc>
<northbc Sync="TRUE">REQUIRED: Northern-most coordinate of the limit of coverage expressed in latitude.</northbc>
<southbc Sync="TRUE">REQUIRED: Southern-most coordinate of the limit of coverage expressed in latitude.</southbc>
</bounding>
</spdom>
<keywords>
<theme>
<themekt>REQUIRED: Reference to a formally registered thesaurus or a similar authoritative source of theme keywords.</themekt>
<themekey>REQUIRED: Common-use word or phrase used to describe the subject of the data set.</themekey>
</theme>
</keywords>
<accconst>REQUIRED: Restrictions and legal prerequisites for accessing the data set.</accconst>
<useconst>REQUIRED: Restrictions and legal prerequisites for using the data set after access is granted.</useconst>
<natvform Sync="TRUE">Shapefile</natvform>
</idinfo>
<metainfo>
<langmeta Sync="TRUE">en</langmeta>
<metstdn Sync="TRUE">FGDC Content Standards for Digital Geospatial Metadata</metstdn>
<metstdv Sync="TRUE">FGDC-STD-001-1998</metstdv>
<mettc Sync="TRUE">local time</mettc>
<metc>
<cntinfo>
<cntorgp>
<cntper>REQUIRED: The person responsible for the metadata information.</cntper>
<cntorg>REQUIRED: The organization responsible for the metadata information.</cntorg>
</cntorgp>
<cntaddr>
<addrtype>REQUIRED: The mailing and/or physical address for the organization or individual.</addrtype>
<city>REQUIRED: The city of the address.</city>
<state>REQUIRED: The state or province of the address.</state>
<postal>REQUIRED: The ZIP or other postal code of the address.</postal>
</cntaddr>
<cntvoice>REQUIRED: The telephone number by which individuals can speak to the organization or individual.</cntvoice>
</cntinfo>
</metc>
<metd Sync="TRUE">20080814</metd>
</metainfo>
<mdStanName Sync="TRUE">ISO 19115 Geographic Information - Metadata</mdStanName>
<mdStanVer Sync="TRUE">DIS_ESRI1.0</mdStanVer>
<distinfo>
<resdesc Sync="TRUE">Downloadable Data</resdesc>
<stdorder>
<digform>
<digtinfo>
<transize Sync="TRUE">0.000</transize>
<dssize Sync="TRUE">0.000</dssize>
</digtinfo>
</digform>
</stdorder>
</distinfo>
<spdoinfo>
<direct Sync="TRUE">Vector</direct>
<ptvctinf>
<esriterm Name="RabbitSurveys_sites">
<efeatyp Sync="TRUE">Simple</efeatyp>
<efeageom code="4" Sync="TRUE">
</efeageom>
<esritopo Sync="TRUE">FALSE</esritopo>
<efeacnt Sync="TRUE">0</efeacnt>
<spindex Sync="TRUE">TRUE</spindex>
<linrefer Sync="TRUE">FALSE</linrefer>
</esriterm>
</ptvctinf>
</spdoinfo>
<spref>
<horizsys>
<cordsysn>
<geogcsn Sync="TRUE">GCS_OSGB_1936</geogcsn>
<projcsn Sync="TRUE">British_National_Grid</projcsn>
</cordsysn>
<planar>
<planci>
<plance Sync="TRUE">coordinate pair</plance>
<plandu Sync="TRUE">meters</plandu>
<coordrep>
<absres Sync="TRUE">0.000000</absres>
<ordres Sync="TRUE">0.000000</ordres>
</coordrep>
</planci>
</planar>
<geodetic>
<horizdn Sync="TRUE">D_OSGB_1936</horizdn>
<ellips Sync="TRUE">Airy_1830</ellips>
<semiaxis Sync="TRUE">6377563.396000</semiaxis>
<denflat Sync="TRUE">299.324965</denflat>
</geodetic>
</horizsys>
</spref>
</metadata>
