<?xml version="1.0" encoding="UTF-8"?>
<MD_Metadata xmlns="http://www.isotc211.org/2005/gmd" xmlns:gco="http://www.isotc211.org/2005/gco" xmlns:gts="http://www.isotc211.org/2005/gts" xmlns:srv="http://www.isotc211.org/2005/srv" xmlns:gml="http://www.opengis.net/gml" xmlns:gmx="http://www.isotc211.org/2005/gmx" xmlns:xlink="http://www.w3.org/1999/xlink" xmlns:xsi="http://www.w3.org/2001/XMLSchema-instance">
<fileIdentifier>
<gco:CharacterString>NATMAPassociations_v3</gco:CharacterString>
</fileIdentifier>
<language>
<LanguageCode codeList="http://www.loc.gov/standards/iso639-2/php/code_list.php" codeListValue="eng" codeSpace="ISO639-2">eng</LanguageCode>
</language>
<characterSet>
<MD_CharacterSetCode codeList="http://www.isotc211.org/2005/resources/Codelist/gmxCodelists.xml#MD_CharacterSetCode" codeListValue="utf8" codeSpace="ISOTC211/19115">utf8</MD_CharacterSetCode>
</characterSet>
<parentIdentifier>
<gco:CharacterString>LandIS</gco:CharacterString>
</parentIdentifier>
<hierarchyLevel>
<MD_ScopeCode codeList="http://www.isotc211.org/2005/resources/Codelist/gmxCodelists.xml#MD_ScopeCode" codeListValue="dataset" codeSpace="ISOTC211/19115">dataset</MD_ScopeCode>
</hierarchyLevel>
<hierarchyLevelName>
<gco:CharacterString>dataset</gco:CharacterString>
</hierarchyLevelName>
<contact>
<CI_ResponsibleParty>
<individualName>
<gco:CharacterString>LandIS Administrator</gco:CharacterString>
</individualName>
<organisationName>
<gco:CharacterString>Cranfield University</gco:CharacterString>
</organisationName>
<positionName>
<gco:CharacterString>Administrator</gco:CharacterString>
</positionName>
<contactInfo>
<CI_Contact>
<phone>
<CI_Telephone>
<voice>
<gco:CharacterString>+44 (0) 1234 75 0111</gco:CharacterString>
</voice>
</CI_Telephone>
</phone>
<address>
<CI_Address>
<deliveryPoint>
<gco:CharacterString>Building 121, Cranfield University</gco:CharacterString>
</deliveryPoint>
<city>
<gco:CharacterString>Cranfield</gco:CharacterString>
</city>
<administrativeArea>
<gco:CharacterString>Bedfordshire</gco:CharacterString>
</administrativeArea>
<postalCode>
<gco:CharacterString>MK43 0AL</gco:CharacterString>
</postalCode>
<country>
<Country codeList="http://www.iso.org/iso/country_codes/iso_3166_code_lists.htm" codeListValue="GB" codeSpace="ISO3166-1">GB</Country>
</country>
<electronicMailAddress>
<gco:CharacterString>landis@cranfield.ac.uk</gco:CharacterString>
</electronicMailAddress>
</CI_Address>
</address>
<onlineResource>
<CI_OnlineResource>
<linkage>
<URL>https://www.landis.org.uk</URL>
</linkage>
</CI_OnlineResource>
</onlineResource>
<hoursOfService>
<gco:CharacterString>9am-5pm (United Kingdom Time)</gco:CharacterString>
</hoursOfService>
<contactInstructions>
<gco:CharacterString>Please email us in the first instance.</gco:CharacterString>
</contactInstructions>
</CI_Contact>
</contactInfo>
<role>
<CI_RoleCode codeList="http://www.isotc211.org/2005/resources/Codelist/gmxCodelists.xml#CI_RoleCode" codeListValue="pointOfContact" codeSpace="ISOTC211/19115">pointOfContact</CI_RoleCode>
</role>
</CI_ResponsibleParty>
</contact>
<dateStamp>
<gco:Date>2026-03-31</gco:Date>
</dateStamp>
<metadataStandardName>
<gco:CharacterString>ISO 19139 Geographic Information - Metadata - Implementation Specification</gco:CharacterString>
</metadataStandardName>
<metadataStandardVersion>
<gco:CharacterString>2007</gco:CharacterString>
</metadataStandardVersion>
<referenceSystemInfo>
<MD_ReferenceSystem>
<referenceSystemIdentifier>
<RS_Identifier>
<code>
<gco:CharacterString>British National Grid</gco:CharacterString>
</code>
</RS_Identifier>
</referenceSystemIdentifier>
</MD_ReferenceSystem>
</referenceSystemInfo>
<identificationInfo>
<MD_DataIdentification>
<citation>
<CI_Citation>
<title>
<gco:CharacterString>NATMAPassociations</gco:CharacterString>
</title>
<alternateTitle>
<gco:CharacterString>NATMAPassociations_v3</gco:CharacterString>
</alternateTitle>
<date>
<CI_Date>
<date>
<gco:Date>2026-03-31</gco:Date>
</date>
<dateType>
<CI_DateTypeCode codeList="http://www.isotc211.org/2005/resources/Codelist/gmxCodelists.xml#CI_DateTypeCode" codeListValue="publication" codeSpace="ISOTC211/19115">publication</CI_DateTypeCode>
</dateType>
</CI_Date>
</date>
<presentationForm>
<CI_PresentationFormCode codeList="http://www.isotc211.org/2005/resources/Codelist/gmxCodelists.xml#CI_PresentationFormCode" codeListValue="mapDigital" codeSpace="ISOTC211/19115">mapDigital</CI_PresentationFormCode>
</presentationForm>
<collectiveTitle>
<gco:CharacterString>LandIS</gco:CharacterString>
</collectiveTitle>
</CI_Citation>
</citation>
<abstract>
<gco:CharacterString>NATMAP Associations (version 3). List of soil series components of soil associations with proportions (%).The National Soil Map was published in 1983 after four years of intensive work by the field survey teams of the National Soil Resources Institute. It is the product of free survey with an average of 2 to 3 soil observations per sq km outside areas mapped during more detailed soil survey. A new improved version of the National Soil Map was introduced in 2001. It includes complete urban soil coverage and increased accuracy of line work.</gco:CharacterString>
</abstract>
<purpose>
<gco:CharacterString>NATMAP Associations (version 3). List of soil series components of soil associations with proportions (%)</gco:CharacterString>
</purpose>
<credit>
<gco:CharacterString>© Cranfield University and for the Controller of HMSO</gco:CharacterString>
</credit>
<status>
<MD_ProgressCode codeList="http://www.isotc211.org/2005/resources/Codelist/gmxCodelists.xml#MD_ProgressCode" codeListValue="completed" codeSpace="ISOTC211/19115">completed</MD_ProgressCode>
</status>
<resourceMaintenance>
<MD_MaintenanceInformation>
<maintenanceAndUpdateFrequency>
<MD_MaintenanceFrequencyCode codeList="http://www.isotc211.org/2005/resources/Codelist/gmxCodelists.xml#MD_MaintenanceFrequencyCode" codeListValue="irregular" codeSpace="ISOTC211/19115">irregular</MD_MaintenanceFrequencyCode>
</maintenanceAndUpdateFrequency>
</MD_MaintenanceInformation>
</resourceMaintenance>
<graphicOverview>
<MD_BrowseGraphic>
<fileName>
<gco:CharacterString>http://www.landis.org.uk/data/images/natmap256b.jpg</gco:CharacterString>
</fileName>
<fileDescription>
<gco:CharacterString>thumbnail</gco:CharacterString>
</fileDescription>
<fileType>
<gco:CharacterString>png</gco:CharacterString>
</fileType>
</MD_BrowseGraphic>
</graphicOverview>
<descriptiveKeywords>
<MD_Keywords>
<keyword>
<gco:CharacterString>Soil</gco:CharacterString>
</keyword>
<thesaurusName>
<CI_Citation>
<title>
<gco:CharacterString>GEMET - INSPIRE themes, version 1.0</gco:CharacterString>
</title>
<date gco:nilReason="missing">
</date>
</CI_Citation>
</thesaurusName>
</MD_Keywords>
</descriptiveKeywords>
<descriptiveKeywords>
<MD_Keywords>
<keyword>
<gco:CharacterString>soil type</gco:CharacterString>
</keyword>
<keyword>
<gco:CharacterString>peat</gco:CharacterString>
</keyword>
<thesaurusName>
<CI_Citation>
<title>
<gco:CharacterString>GEMET - Concepts, version 2.3</gco:CharacterString>
</title>
<date gco:nilReason="missing">
</date>
</CI_Citation>
</thesaurusName>
</MD_Keywords>
</descriptiveKeywords>
<descriptiveKeywords>
<MD_Keywords>
<keyword>
<gco:CharacterString>Downloadable Data</gco:CharacterString>
</keyword>
<thesaurusName uuidref="723f6998-058e-11dc-8314-0800200c9a66">
</thesaurusName>
</MD_Keywords>
</descriptiveKeywords>
<resourceConstraints>
<MD_Constraints>
<useLimitation>
<gco:CharacterString>The information contained in LandIS is copyright and its use is therefore subject to a specific licensing agreement between NSRI and the user. Depending on the status of the user, the cost can vary from a fully commercial charge for data lease to being royalty free with a small charge for extraction and preparation of the data to meet the user's needs.</gco:CharacterString>
</useLimitation>
</MD_Constraints>
</resourceConstraints>
<resourceConstraints>
<MD_LegalConstraints>
<useLimitation>
<gco:CharacterString>Data originated from the Cranfield University, Land Information System LandIS® Portal licensed under "Cranfield &amp; Defra Open Data Licence v1.0" 2026</gco:CharacterString>
</useLimitation>
<accessConstraints>
<MD_RestrictionCode codeList="http://www.isotc211.org/2005/resources/Codelist/gmxCodelists.xml#MD_RestrictionCode" codeListValue="license" codeSpace="ISOTC211/19115">license</MD_RestrictionCode>
</accessConstraints>
<useConstraints>
<MD_RestrictionCode codeList="http://www.isotc211.org/2005/resources/Codelist/gmxCodelists.xml#MD_RestrictionCode" codeListValue="license" codeSpace="ISOTC211/19115">license</MD_RestrictionCode>
</useConstraints>
<otherConstraints>
<gco:CharacterString>Data originated from the Cranfield University, Land Information System LandIS® Portal licensed under "Cranfield &amp; Defra Open Data Licence v1.0" 2026</gco:CharacterString>
</otherConstraints>
</MD_LegalConstraints>
</resourceConstraints>
<spatialRepresentationType>
<MD_SpatialRepresentationTypeCode codeList="http://www.isotc211.org/2005/resources/Codelist/gmxCodelists.xml#MD_SpatialRepresentationTypeCode" codeListValue="textTable" codeSpace="ISOTC211/19115">textTable</MD_SpatialRepresentationTypeCode>
</spatialRepresentationType>
<spatialResolution>
<MD_Resolution>
<equivalentScale>
<MD_RepresentativeFraction>
<denominator>
<gco:Integer>250000</gco:Integer>
</denominator>
</MD_RepresentativeFraction>
</equivalentScale>
</MD_Resolution>
</spatialResolution>
<language>
<LanguageCode codeList="http://www.loc.gov/standards/iso639-2/php/code_list.php" codeListValue="eng" codeSpace="ISO639-2">eng</LanguageCode>
</language>
<characterSet>
<MD_CharacterSetCode codeList="http://www.isotc211.org/2005/resources/Codelist/gmxCodelists.xml#MD_CharacterSetCode" codeListValue="utf8" codeSpace="ISOTC211/19115">utf8</MD_CharacterSetCode>
</characterSet>
<topicCategory>
<MD_TopicCategoryCode>geoscientificInformation</MD_TopicCategoryCode>
</topicCategory>
<environmentDescription>
<gco:CharacterString>Microsoft Windows 10 Version 10.0 (Build 22631) ; Esri ArcGIS 13.4.0.55405</gco:CharacterString>
</environmentDescription>
<extent>
<EX_Extent>
<geographicElement>
<EX_GeographicBoundingBox>
<westBoundLongitude>
<gco:Decimal>-7.1</gco:Decimal>
</westBoundLongitude>
<eastBoundLongitude>
<gco:Decimal>2.1</gco:Decimal>
</eastBoundLongitude>
<southBoundLatitude>
<gco:Decimal>49.8</gco:Decimal>
</southBoundLatitude>
<northBoundLatitude>
<gco:Decimal>55.8</gco:Decimal>
</northBoundLatitude>
</EX_GeographicBoundingBox>
</geographicElement>
</EX_Extent>
</extent>
</MD_DataIdentification>
</identificationInfo>
<distributionInfo>
<MD_Distribution>
<transferOptions>
<MD_DigitalTransferOptions>
<onLine>
<CI_OnlineResource>
<linkage>
<URL>http://www.landis.org.uk/</URL>
</linkage>
<protocol>
<gco:CharacterString>WWW:LINK-1.0-http--samples</gco:CharacterString>
</protocol>
<name>
<gco:CharacterString>LandIS website</gco:CharacterString>
</name>
<description>
<gco:CharacterString>LandIS website</gco:CharacterString>
</description>
</CI_OnlineResource>
</onLine>
</MD_DigitalTransferOptions>
</transferOptions>
</MD_Distribution>
</distributionInfo>
<dataQualityInfo>
<DQ_DataQuality>
<scope>
<DQ_Scope>
<level>
<MD_ScopeCode codeList="http://www.isotc211.org/2005/resources/Codelist/gmxCodelists.xml#MD_ScopeCode" codeListValue="dataset" codeSpace="ISOTC211/19115">dataset</MD_ScopeCode>
</level>
</DQ_Scope>
</scope>
<report>
<DQ_DomainConsistency>
<result>
<DQ_ConformanceResult>
<specification>
<CI_Citation>
<title>
<gco:CharacterString>INSPIRE Metadata Implementing Rules: Technical Guidelines based on EN ISO 19115 and EN ISO 19119 ( Revised edition)</gco:CharacterString>
</title>
<date>
<CI_Date>
<date>
<gco:Date>2026-03-31</gco:Date>
</date>
<dateType>
<CI_DateTypeCode codeList="http://www.isotc211.org/2005/resources/Codelist/gmxCodelists.xml#CI_DateTypeCode" codeListValue="publication" codeSpace="ISOTC211/19115">publication</CI_DateTypeCode>
</dateType>
</CI_Date>
</date>
</CI_Citation>
</specification>
<explanation>
<gco:CharacterString>See the referenced specification</gco:CharacterString>
</explanation>
<pass>
<gco:Boolean>true</gco:Boolean>
</pass>
</DQ_ConformanceResult>
</result>
</DQ_DomainConsistency>
</report>
<lineage>
<LI_Lineage>
<statement>
<gco:CharacterString>Validation - the dataset was carefully checked in a cartographical process by SSLRC Geographical Systems Group</gco:CharacterString>
</statement>
</LI_Lineage>
</lineage>
</DQ_DataQuality>
</dataQualityInfo>
</MD_Metadata>
