<?xml version="1.0" encoding="UTF-8"?>
<metadata xml:lang="en">
<Esri>
<CreaDate>20251021</CreaDate>
<CreaTime>14071700</CreaTime>
<ArcGISFormat>1.0</ArcGISFormat>
<ArcGISProfile>ISO19139</ArcGISProfile>
<DataProperties>
<itemProps>
<imsContentType Sync="TRUE">002</imsContentType>
<itemName Sync="TRUE">AUGERprofile_public</itemName>
<nativeExtBox>
<westBL Sync="TRUE">100400.000000</westBL>
<eastBL Sync="TRUE">695860.000000</eastBL>
<southBL Sync="TRUE">6100.000000</southBL>
<northBL Sync="TRUE">697200.000000</northBL>
<exTypeCode Sync="TRUE">1</exTypeCode>
</nativeExtBox>
</itemProps>
<coordRef>
<type Sync="TRUE">Projected</type>
<geogcsn Sync="TRUE">GCS_OSGB_1936</geogcsn>
<csUnits Sync="TRUE">Linear Unit: Meter (1.000000)</csUnits>
<projcsn Sync="TRUE">British_National_Grid</projcsn>
<peXml Sync="TRUE">&lt;ProjectedCoordinateSystem xsi:type='typens:ProjectedCoordinateSystem' xmlns:xsi='http://www.w3.org/2001/XMLSchema-instance' xmlns:xs='http://www.w3.org/2001/XMLSchema' xmlns:typens='http://www.esri.com/schemas/ArcGIS/3.5.0'&gt;&lt;WKT&gt;PROJCS[&amp;quot;British_National_Grid&amp;quot;,GEOGCS[&amp;quot;GCS_OSGB_1936&amp;quot;,DATUM[&amp;quot;D_OSGB_1936&amp;quot;,SPHEROID[&amp;quot;Airy_1830&amp;quot;,6377563.396,299.3249646]],PRIMEM[&amp;quot;Greenwich&amp;quot;,0.0],UNIT[&amp;quot;Degree&amp;quot;,0.0174532925199433]],PROJECTION[&amp;quot;Transverse_Mercator&amp;quot;],PARAMETER[&amp;quot;False_Easting&amp;quot;,400000.0],PARAMETER[&amp;quot;False_Northing&amp;quot;,-100000.0],PARAMETER[&amp;quot;Central_Meridian&amp;quot;,-2.0],PARAMETER[&amp;quot;Scale_Factor&amp;quot;,0.9996012717],PARAMETER[&amp;quot;Latitude_Of_Origin&amp;quot;,49.0],UNIT[&amp;quot;Meter&amp;quot;,1.0],AUTHORITY[&amp;quot;EPSG&amp;quot;,27700]]&lt;/WKT&gt;&lt;XOrigin&gt;-5220400&lt;/XOrigin&gt;&lt;YOrigin&gt;-15524400&lt;/YOrigin&gt;&lt;XYScale&gt;450481592.76709664&lt;/XYScale&gt;&lt;ZOrigin&gt;-100000&lt;/ZOrigin&gt;&lt;ZScale&gt;10000&lt;/ZScale&gt;&lt;MOrigin&gt;-100000&lt;/MOrigin&gt;&lt;MScale&gt;10000&lt;/MScale&gt;&lt;XYTolerance&gt;0.001&lt;/XYTolerance&gt;&lt;ZTolerance&gt;0.001&lt;/ZTolerance&gt;&lt;MTolerance&gt;0.001&lt;/MTolerance&gt;&lt;HighPrecision&gt;true&lt;/HighPrecision&gt;&lt;WKID&gt;27700&lt;/WKID&gt;&lt;LatestWKID&gt;27700&lt;/LatestWKID&gt;&lt;/ProjectedCoordinateSystem&gt;</peXml>
</coordRef>
</DataProperties>
<scaleRange>
<minScale>12736845.694558</minScale>
<maxScale>6360.841682</maxScale>
</scaleRange>
<ModDate>20260203</ModDate>
<ModTime>15473100</ModTime>
<SyncOnce>FALSE</SyncOnce>
<SyncDate>20251030</SyncDate>
<SyncTime>10041600</SyncTime>
</Esri>
<dataIdInfo>
<idAbs>&lt;p&gt;Combined site details of auger bores collected on both the version 1 and version 2 RUFF cards. The original codified data has been translated and compiled into meaningful textual descriptions of the various properties.&lt;br&gt;The Soil Survey of England and Wales surveyed many sites during its active years of mapping, describing and sampling soils between 1939 and 1987.&lt;br&gt;The standardised field description cards were designed to cater for semi-detailed, detailed and ad hoc surveys.&lt;br&gt;The Auger Bore records capture the soil series and description of the soil profile examined by auger bore.&lt;br&gt;Information extracted: soil series (soil characterised as a peat soil and used to determine peat presence) and peat depth (where the depth of peat is also captured on the record).&lt;/p&gt;</idAbs>
<idCitation>
<resTitle>AUGERprofile</resTitle>
<date>
<pubDate>2026-03-31T00:00:00</pubDate>
</date>
<citId>
<identCode>publication</identCode>
</citId>
<collTitle>LandIS</collTitle>
</idCitation>
<dataExt>
<exDesc>England and Wales</exDesc>
<geoEle>
<GeoBndBox>
<westBL>-5.800000</westBL>
<eastBL>1.800000</eastBL>
<northBL>55.800000</northBL>
<southBL>49.800000</southBL>
<exTypeCode>1</exTypeCode>
</GeoBndBox>
</geoEle>
</dataExt>
<searchKeys>
<keyword>NATMAP</keyword>
<keyword>Soil</keyword>
<keyword>Soil Type</keyword>
<keyword>Soil Map</keyword>
<keyword>Soil Grid</keyword>
<keyword>Peat</keyword>
</searchKeys>
<idPurp>Profile horizon properties of auger bores collected during systematic soil survey</idPurp>
<idCredit>© Cranfield University and the Controller of HMSO</idCredit>
<resConst>
<Consts>
<useLimit>&lt;DIV STYLE="text-align:Left;"&gt;&lt;DIV&gt;&lt;DIV&gt;&lt;P&gt;&lt;SPAN&gt;Data originated from the Cranfield University, Land Information System LandIS® Portal licensed under 'Cranfield &amp;amp; Defra Open Data Licence v1.0' 2026&lt;/SPAN&gt;&lt;/P&gt;&lt;/DIV&gt;&lt;/DIV&gt;&lt;/DIV&gt;</useLimit>
</Consts>
</resConst>
<resConst>
<LegConsts>
<accessConsts>
<RestrictCd value="005">
</RestrictCd>
</accessConsts>
<useConsts>
<RestrictCd value="005">
</RestrictCd>
</useConsts>
<useLimit>Data originated from the Cranfield University, Land Information System LandIS® Portal licensed under "Cranfield &amp; Defra Open Data Licence v1.0" 2026</useLimit>
<othConsts>Data originated from the Cranfield University, Land Information System LandIS® Portal licensed under "Cranfield &amp; Defra Open Data Licence v1.0" 2026</othConsts>
</LegConsts>
</resConst>
<dataLang>
<languageCode value="eng">
</languageCode>
<countryCode value="GB" Sync="TRUE">
</countryCode>
</dataLang>
<dataChar>
<CharSetCd value="004">
</CharSetCd>
</dataChar>
<spatRpType>
<SpatRepTypCd value="003">
</SpatRepTypCd>
</spatRpType>
<dataScale>
<equScale>
<rfDenom>250000</rfDenom>
</equScale>
</dataScale>
<envirDesc>Esri ArcGIS 13.5.2.57366</envirDesc>
<idStatus>
<ProgCd value="001">
</ProgCd>
</idStatus>
<graphOver>
<bgFileName>https://www.landis.org.uk/images/metadata/soil_auger.png</bgFileName>
<bgFileDesc>thumbnail</bgFileDesc>
<bgFileType>png</bgFileType>
</graphOver>
<resMaint>
<maintFreq>
<MaintFreqCd value="010">
</MaintFreqCd>
</maintFreq>
</resMaint>
<otherKeys>
<thesaName>
<resTitle>GEMET - INSPIRE themes, version 1.0</resTitle>
<date>
<pubDate>2008-06-01T00:00:00</pubDate>
</date>
</thesaName>
<keyword>Soil</keyword>
</otherKeys>
<otherKeys>
<thesaName>
<resTitle>GEMET - Concepts, version 2.3</resTitle>
<date>
<pubDate>2008-06-01T00:00:00</pubDate>
</date>
</thesaName>
<keyword>soil profile</keyword>
<keyword>soil layer</keyword>
<keyword>soil texture</keyword>
<keyword>peat</keyword>
</otherKeys>
<tpCat>
<TopicCatCd value="008">
</TopicCatCd>
</tpCat>
</dataIdInfo>
<mdLang>
<languageCode value="eng">
</languageCode>
<countryCode value="GBR" Sync="TRUE">
</countryCode>
</mdLang>
<mdHrLv>
<ScopeCd value="005">
</ScopeCd>
</mdHrLv>
<mdHrLvName>dataset</mdHrLvName>
<mdFileID>AUGERprofile_public</mdFileID>
<mdChar>
<CharSetCd value="004">
</CharSetCd>
</mdChar>
<mdDateSt>20260203</mdDateSt>
<mdContact>
<rpIndName>LandIS Administrator</rpIndName>
<rpOrgName>Cranfield University</rpOrgName>
<rpPosName>Administrator</rpPosName>
<rpCntInfo>
<cntAddress addressType="postal">
<eMailAdd>landis@cranfield.ac.uk</eMailAdd>
<delPoint>B121, Cranfield Campus</delPoint>
<city>Cranfield</city>
<adminArea>Bedfordshire</adminArea>
<postCode>MK43 0AL</postCode>
<country>GB</country>
</cntAddress>
<cntPhone>
<voiceNum>+44 (0) 1234 75 0111</voiceNum>
</cntPhone>
<cntOnlineRes>
<linkage>https://www.landis.org.uk</linkage>
</cntOnlineRes>
<cntHours>9am-5pm (United Kingdom Time)</cntHours>
<cntInstr>Please email us in the first instance.</cntInstr>
</rpCntInfo>
<role>
<RoleCd value="007">
</RoleCd>
</role>
</mdContact>
<dqInfo>
<dqScope>
<scpLvl>
<ScopeCd value="005">
</ScopeCd>
</scpLvl>
</dqScope>
<dataLineage>
<statement>The original auger bore records were recorded in digital format by an agency. The resulting files were processed through a comprehensive validation process, checking values, ranges and logical cross checks with other attributes. However it must be noted that errors during the entry procedure and inconsistent recording by surveyors means that the accuracy can not be guaranteed.</statement>
</dataLineage>
<report type="DQDomConsis">
<measResult>
<ConResult>
<conSpec>
<resTitle>INSPIRE Metadata Implementing Rules: Technical Guidelines based on EN ISO 19115 and EN ISO 19119 ( Revised edition)</resTitle>
<date>
<pubDate>2026-03-31T00:00:00</pubDate>
</date>
</conSpec>
<conExpl>See the referenced specification</conExpl>
<conPass>1</conPass>
</ConResult>
</measResult>
</report>
</dqInfo>
<distInfo>
<distTranOps>
<onLineSrc>
<linkage>http://www.landis.org.uk/</linkage>
<protocol>WWW:LINK-1.0-http--samples</protocol>
<orName>LandIS website</orName>
<orDesc>LandIS website</orDesc>
</onLineSrc>
</distTranOps>
</distInfo>
<refSysInfo>
<RefSystem>
<refSysID>
<identCode code="British National Grid">
</identCode>
<idCodeSpace>EPSG</idCodeSpace>
<idVersion>6.3(3.0.1)</idVersion>
</refSysID>
</RefSystem>
</refSysInfo>
<mdMaint>
<maintFreq>
<MaintFreqCd value="010">
</MaintFreqCd>
</maintFreq>
</mdMaint>
<eainfo>
<detailed Name="AUGERprofile_public">
<enttyp>
<enttypl>AUGERprofile</enttypl>
<enttypt>Feature Class</enttypt>
<enttypc>421233</enttypc>
</enttyp>
<attr>
<attrlabl>OBJECTID</attrlabl>
<attalias>OBJECTID</attalias>
<attrtype>OID</attrtype>
<attwidth>4</attwidth>
<atprecis>0</atprecis>
<attscale>0</attscale>
<attrdef>Internal feature number.</attrdef>
<attrdefs>Esri</attrdefs>
<attrdomv>
<udom>Sequential unique whole numbers that are automatically generated.</udom>
</attrdomv>
</attr>
<attr>
<attrlabl>Shape</attrlabl>
<attalias>Shape</attalias>
<attrtype>Geometry</attrtype>
<attwidth>0</attwidth>
<atprecis>0</atprecis>
<attscale>0</attscale>
<attrdef>Feature geometry.</attrdef>
<attrdefs>Esri</attrdefs>
<attrdomv>
<udom>Coordinates defining the features.</udom>
</attrdomv>
</attr>
<attr>
<attrlabl>AUGERID</attrlabl>
<attalias>AUGERID</attalias>
<attrtype>String</attrtype>
<attwidth>17</attwidth>
<atprecis>0</atprecis>
<attscale>0</attscale>
<attrdef>Identification code created to uniquely identify auger bores: Ax-SQen/eeennn-yy where x = 1 for auger bores collected as part of the National Map and x=2 for auger bores collected on the revised form. 'yy' is a number added to uniquely identify auger bores collected within 10 m of each other</attrdef>
<attrdefs>Esri</attrdefs>
</attr>
<attr>
<attrlabl>EASTING</attrlabl>
<attalias>EASTING</attalias>
<attrtype>Integer</attrtype>
<attwidth>4</attwidth>
<atprecis>0</atprecis>
<attscale>0</attscale>
<attrdef>National Grid reference easting</attrdef>
<attrdefs>Esri</attrdefs>
</attr>
<attr>
<attrlabl>NORTHING</attrlabl>
<attalias>NORTHING</attalias>
<attrtype>Integer</attrtype>
<attwidth>4</attwidth>
<atprecis>0</atprecis>
<attscale>0</attscale>
<attrdef>National Grid reference northing</attrdef>
<attrdefs>Esri</attrdefs>
</attr>
<attr>
<attrlabl>UPPER_DEPTH</attrlabl>
<attalias>UPPER_DEPTH</attalias>
<attrtype>SmallInteger</attrtype>
<attwidth>2</attwidth>
<atprecis>0</atprecis>
<attscale>0</attscale>
<attrdef>Horizon upper depth in cm (&lt;0 indicated litter layer)</attrdef>
<attrdefs>Esri</attrdefs>
</attr>
<attr>
<attrlabl>LOWER_DEPTH</attrlabl>
<attalias>LOWER_DEPTH</attalias>
<attrtype>SmallInteger</attrtype>
<attwidth>2</attwidth>
<atprecis>0</atprecis>
<attscale>0</attscale>
<attrdef>Horizon lower depth in cm (999 implies depth below bottom of profile)</attrdef>
<attrdefs>Esri</attrdefs>
</attr>
<attr>
<attrlabl>HORIZON_NOTATION</attrlabl>
<attalias>HORIZON_NOTATION</attalias>
<attrtype>String</attrtype>
<attwidth>17</attwidth>
<atprecis>0</atprecis>
<attscale>0</attscale>
<attrdef>Horizon Designation - At a basic level A (Topsoil) B (subsoil) C (Parent Material) E (Elluvial) O (Organic)</attrdef>
<attrdefs>Esri</attrdefs>
</attr>
<attr>
<attrlabl>TEXTURE</attrlabl>
<attalias>TEXTURE</attalias>
<attrtype>String</attrtype>
<attwidth>4000</attwidth>
<atprecis>0</atprecis>
<attscale>0</attscale>
<attrdef>Soil texture class (includes particle size class and peat codes)</attrdef>
<attrdefs>Esri</attrdefs>
</attr>
<attr>
<attrlabl>VON_POST</attrlabl>
<attalias>VON_POST</attalias>
<attrtype>String</attrtype>
<attwidth>4000</attwidth>
<atprecis>0</atprecis>
<attscale>0</attscale>
<attrdef>Modified version of the Von Post scale for assessing the degree of decomposition of peat</attrdef>
<attrdefs>Esri</attrdefs>
</attr>
<attr>
<attrlabl>MATRIX_COLOUR</attrlabl>
<attalias>MATRIX_COLOUR</attalias>
<attrtype>String</attrtype>
<attwidth>4000</attwidth>
<atprecis>0</atprecis>
<attscale>0</attscale>
<attrdef>Colour of soil matrix following the Munsell colour notation</attrdef>
<attrdefs>Esri</attrdefs>
</attr>
<attr>
<attrlabl>MOTTLE_ABUND</attrlabl>
<attalias>MOTTLE_ABUND</attalias>
<attrtype>String</attrtype>
<attwidth>4000</attwidth>
<atprecis>0</atprecis>
<attscale>0</attscale>
<attrdef>Abundance code for mottles ranging from none to very many</attrdef>
<attrdefs>Esri</attrdefs>
</attr>
<attr>
<attrlabl>MOTTLE_COLOUR</attrlabl>
<attalias>MOTTLE_COLOUR</attalias>
<attrtype>String</attrtype>
<attwidth>4000</attwidth>
<atprecis>0</atprecis>
<attscale>0</attscale>
<attrdef>Colour of mottles following the Munsell colour notation</attrdef>
<attrdefs>Esri</attrdefs>
</attr>
<attr>
<attrlabl>SUB_MOTTLE_ABUND</attrlabl>
<attalias>SUB_MOTTLE_ABUND</attalias>
<attrtype>String</attrtype>
<attwidth>4000</attwidth>
<atprecis>0</atprecis>
<attscale>0</attscale>
<attrdef>Abundance code for subsidiary mottles ranging from none to very many</attrdef>
<attrdefs>Esri</attrdefs>
</attr>
<attr>
<attrlabl>SUB_MOTTLE_COLOUR</attrlabl>
<attalias>SUB_MOTTLE_COLOUR</attalias>
<attrtype>String</attrtype>
<attwidth>4000</attwidth>
<atprecis>0</atprecis>
<attscale>0</attscale>
<attrdef>Colour of subsidiary mottles following the Munsell colour notation</attrdef>
<attrdefs>Esri</attrdefs>
</attr>
<attr>
<attrlabl>STONE_ABUND</attrlabl>
<attalias>STONE_ABUND</attalias>
<attrtype>String</attrtype>
<attwidth>4000</attwidth>
<atprecis>0</atprecis>
<attscale>0</attscale>
<attrdef>Abundance code for stones</attrdef>
<attrdefs>Esri</attrdefs>
</attr>
<attr>
<attrlabl>STONE_SIZE</attrlabl>
<attalias>STONE_SIZE</attalias>
<attrtype>String</attrtype>
<attwidth>4000</attwidth>
<atprecis>0</atprecis>
<attscale>0</attscale>
<attrdef>Size classification for stones</attrdef>
<attrdefs>Esri</attrdefs>
</attr>
<attr>
<attrlabl>STONE_TYPE</attrlabl>
<attalias>STONE_TYPE</attalias>
<attrtype>String</attrtype>
<attwidth>4000</attwidth>
<atprecis>0</atprecis>
<attscale>0</attscale>
<attrdef>Classification of stone based on recent Geological Survey and other modern publications</attrdef>
<attrdefs>Esri</attrdefs>
</attr>
<attr>
<attrlabl>CARBONATE</attrlabl>
<attalias>CARBONATE</attalias>
<attrtype>String</attrtype>
<attwidth>4000</attwidth>
<atprecis>0</atprecis>
<attscale>0</attscale>
<attrdef>Calcium Carbonate level of soil estimated in the field by observing when a few drops of 10 per cent hydrochloric acid are applied</attrdef>
<attrdefs>Esri</attrdefs>
</attr>
<attr>
<attrlabl>TOP_BOTTOM</attrlabl>
<attalias>TOP_BOTTOM</attalias>
<attrtype>String</attrtype>
<attwidth>1</attwidth>
<atprecis>0</atprecis>
<attscale>0</attscale>
<attrdef>Indicator of whether an horizon is either the Top (T) or Bottom (B) horizon</attrdef>
<attrdefs>Esri</attrdefs>
</attr>
</detailed>
</eainfo>
<spatRepInfo>
<VectSpatRep>
<topLvl>
<TopoLevCd value="001" Sync="TRUE">
</TopoLevCd>
</topLvl>
<geometObjs Name="AUGERprofile_public">
<geoObjTyp>
<GeoObjTypCd value="004" Sync="TRUE">
</GeoObjTypCd>
</geoObjTyp>
<geoObjCnt>421233</geoObjCnt>
</geometObjs>
</VectSpatRep>
</spatRepInfo>
<mdParentID>LandIS</mdParentID>
<mdStanName>ArcGIS Metadata</mdStanName>
<mdStanVer>1.0</mdStanVer>
<spdoinfo>
<ptvctinf>
<esriterm Name="AUGERprofile_public">
<efeatyp Sync="TRUE">Simple</efeatyp>
<efeageom code="1" Sync="TRUE">
</efeageom>
<esritopo Sync="TRUE">FALSE</esritopo>
<efeacnt Sync="TRUE">421233</efeacnt>
<spindex Sync="TRUE">TRUE</spindex>
<linrefer Sync="TRUE">FALSE</linrefer>
</esriterm>
</ptvctinf>
</spdoinfo>
</metadata>
