<?xml version="1.0" encoding="UTF-8"?>
<metadata xml:lang="en">
<Esri>
<CreaDate>20250925</CreaDate>
<CreaTime>12122800</CreaTime>
<ArcGISFormat>1.0</ArcGISFormat>
<ArcGISProfile>ISO19139</ArcGISProfile>
<DataProperties>
<itemProps>
<imsContentType Sync="TRUE">002</imsContentType>
<itemName Sync="TRUE">HORIZONfundamentals</itemName>
</itemProps>
</DataProperties>
<scaleRange>
<minScale>9143214.743448</minScale>
<maxScale>5000</maxScale>
</scaleRange>
<ModDate>20251108</ModDate>
<ModTime>17500000</ModTime>
<SyncOnce>FALSE</SyncOnce>
<SyncDate>20251108</SyncDate>
<SyncTime>17500000</SyncTime>
</Esri>
<dataIdInfo>
<idAbs>&lt;DIV STYLE="text-align:Left;"&gt;&lt;DIV&gt;&lt;DIV&gt;&lt;P&gt;&lt;SPAN&gt;This product contains soil series-layer properties which describe the respective properties of four successive nominal layers within each soil topsoil, upper subsoil, lower subsoil and substrate. In addition, there are separate values for every soil series under each of four land use classes. Mean values of texture, Organic Carbon and pH are available for each soil series under arable, ley grass, permanent grass and other land use (woodland and semi-natural vegetatio  n)&lt;/SPAN&gt;&lt;/P&gt;&lt;/DIV&gt;&lt;/DIV&gt;&lt;/DIV&gt;</idAbs>
<idCitation>
<resTitle>HORIZONfundamentals</resTitle>
<date>
<pubDate>2026-03-31T00:00:00</pubDate>
</date>
<presForm>
<PresFormCd value="005">
</PresFormCd>
</presForm>
<citId>
<identCode>publication</identCode>
</citId>
<resAltTitle>HORIZONfundamentals</resAltTitle>
<collTitle>LandIS</collTitle>
</idCitation>
<dataExt>
<exDesc>England and Wales</exDesc>
<geoEle>
<GeoBndBox>
<westBL>-5.80</westBL>
<eastBL>1.80</eastBL>
<northBL>55.80</northBL>
<southBL>49.80</southBL>
<exTypeCode>1</exTypeCode>
</GeoBndBox>
</geoEle>
</dataExt>
<searchKeys>
<keyword>NATMAP</keyword>
<keyword>SOILSERIES</keyword>
<keyword>HORIZONS</keyword>
<keyword>Soil</keyword>
<keyword>soil texture</keyword>
<keyword>soil layer</keyword>
<keyword>peat</keyword>
</searchKeys>
<themeKeys>
<thesaName>
<date>
<pubDate>2008-06-01T00:00:00</pubDate>
</date>
<resTitle>GEMET - INSPIRE themes, version 1.0</resTitle>
</thesaName>
</themeKeys>
<idPurp>Tabular data that can be used in conjunction with any of the NATMAP products except NATMAP soilscapes. Used in assessing or modelling the capability or vulnerability of land. HORIZON fundamentals includes detailed descriptions of the texture and structure of each soil horizon.</idPurp>
<idCredit>© Cranfield University and the Controller of HMSO</idCredit>
<resConst>
<Consts>
<useLimit>&lt;div style="text-align:Left;"&gt;&lt;div&gt;&lt;div&gt;&lt;p&gt;&lt;span&gt;Data originated from the Cranfield University, Land Information System LandIS® Portal licensed under "Cranfield &amp;amp; Defra Open Data Licence v1.0" 2026&lt;/span&gt;&lt;/p&gt;&lt;/div&gt;&lt;/div&gt;&lt;/div&gt;</useLimit>
</Consts>
</resConst>
<resConst>
<LegConsts>
<accessConsts>
<RestrictCd value="005">
</RestrictCd>
</accessConsts>
<useConsts>
<RestrictCd value="005">
</RestrictCd>
</useConsts>
<useLimit>Data originated from the Cranfield University, Land Information System LandIS® Portal licensed under "Cranfield &amp; Defra Open Data Licence v1.0" 2026</useLimit>
<othConsts>Data originated from the Cranfield University, Land Information System LandIS® Portal licensed under "Cranfield &amp; Defra Open Data Licence v1.0" 2026</othConsts>
</LegConsts>
</resConst>
<dataLang>
<languageCode value="eng">
</languageCode>
<countryCode value="GB" Sync="FALSE">
</countryCode>
</dataLang>
<dataChar>
<CharSetCd value="004">
</CharSetCd>
</dataChar>
<spatRpType>
<SpatRepTypCd value="003" Sync="TRUE">
</SpatRepTypCd>
</spatRpType>
<dataScale>
<equScale>
<rfDenom>250000</rfDenom>
</equScale>
</dataScale>
<envirDesc Sync="FALSE">Esri ArcGIS 13.5.3.57366</envirDesc>
<idStatus>
<ProgCd value="001">
</ProgCd>
</idStatus>
<graphOver>
<bgFileName>http://www.soil-net.com/sm3objects/Secondary/Horizons.jpg</bgFileName>
<bgFileDesc>thumbnail</bgFileDesc>
<bgFileType>png</bgFileType>
</graphOver>
<resMaint>
<maintFreq>
<MaintFreqCd value="010">
</MaintFreqCd>
</maintFreq>
</resMaint>
<otherKeys>
<thesaName>
<resTitle>GEMET - INSPIRE themes, version 1.0</resTitle>
<date>
<pubDate>2008-06-01T00:00:00</pubDate>
</date>
</thesaName>
<keyword>Soil</keyword>
</otherKeys>
<otherKeys>
<thesaName>
<resTitle>GEMET - Concepts, version 2.3</resTitle>
<date>
<pubDate>2008-06-01T00:00:00</pubDate>
</date>
</thesaName>
<keyword>soil texture</keyword>
<keyword>soil layer</keyword>
<keyword>peat</keyword>
</otherKeys>
<tpCat>
<TopicCatCd value="008">
</TopicCatCd>
</tpCat>
</dataIdInfo>
<mdLang>
<languageCode value="eng">
</languageCode>
<countryCode value="GBR" Sync="TRUE">
</countryCode>
</mdLang>
<mdHrLv>
<ScopeCd value="005">
</ScopeCd>
</mdHrLv>
<mdHrLvName>dataset</mdHrLvName>
<mdFileID>HORIZONfundamentals</mdFileID>
<mdChar>
<CharSetCd value="004">
</CharSetCd>
</mdChar>
<mdDateSt>2026-03-31</mdDateSt>
<mdContact>
<rpIndName>LandIS Administrator</rpIndName>
<rpOrgName>Cranfield University</rpOrgName>
<rpPosName>Administrator</rpPosName>
<rpCntInfo>
<cntAddress addressType="postal">
<eMailAdd>landis@cranfield.ac.uk</eMailAdd>
<delPoint>Building 121, Cranfield University</delPoint>
<city>Cranfield</city>
<adminArea>Bedfordshire</adminArea>
<postCode>MK43 0AL</postCode>
<country>GB</country>
</cntAddress>
<cntPhone>
<voiceNum>+44 (0) 1234 750111</voiceNum>
</cntPhone>
<cntOnlineRes>
<linkage>https://www.landis.org.uk</linkage>
</cntOnlineRes>
<cntHours>9am-5pm (United Kingdom Time)</cntHours>
<cntInstr>Please email us in the first instance.</cntInstr>
</rpCntInfo>
<role>
<RoleCd value="007">
</RoleCd>
</role>
</mdContact>
<dqInfo>
<dqScope>
<scpLvl>
<ScopeCd value="005">
</ScopeCd>
</scpLvl>
</dqScope>
<dataLineage>
<statement>The fundamental horizon information provided here is a statistical summary of actual measured data where it exists, this data has been thoroughly checked by soil experts and where no measured data was available an appropriate value was entered which was deemed by the expert to best represent the soil horizon. The hydraulic properties of each horizon are derived from the fundamental properties by pedotransfer functions.</statement>
</dataLineage>
<report type="DQDomConsis">
<measResult>
<ConResult>
<conSpec>
<resTitle>INSPIRE Metadata Implementing Rules: Technical Guidelines based on EN ISO 19115 and EN ISO 19119 ( Revised edition)</resTitle>
<date>
<pubDate>2010-12-08T00:00:00</pubDate>
</date>
</conSpec>
<conExpl>See the referenced specification</conExpl>
<conPass>1</conPass>
</ConResult>
</measResult>
</report>
</dqInfo>
<distInfo>
<distTranOps>
<onLineSrc>
<linkage>http://www.landis.org.uk/</linkage>
<protocol>WWW:LINK-1.0-http--samples</protocol>
<orName>LandIS website</orName>
<orDesc>LandIS website</orDesc>
</onLineSrc>
</distTranOps>
</distInfo>
<refSysInfo>
<RefSystem>
<refSysID>
<identCode code="British National Grid">
</identCode>
<idCodeSpace>EPSG</idCodeSpace>
<idVersion>6.3(3.0.1)</idVersion>
</refSysID>
</RefSystem>
</refSysInfo>
<mdMaint>
<maintFreq>
<MaintFreqCd value="010">
</MaintFreqCd>
</maintFreq>
</mdMaint>
<eainfo>
<detailed Name="HORIZONfundamentals">
<enttyp>
<enttypl>HORIZONfundamentals</enttypl>
<enttypt>Table</enttypt>
<enttypc>6591</enttypc>
</enttyp>
<attr>
<attrlabl>OBJECTID</attrlabl>
<attalias>OBJECTID</attalias>
<attrtype>OID</attrtype>
<attwidth>4</attwidth>
<atprecis>0</atprecis>
<attscale>0</attscale>
<attrdef>Internal feature number.</attrdef>
<attrdefs>Esri</attrdefs>
<attrdomv>
<udom>Sequential unique whole numbers that are automatically generated.</udom>
</attrdomv>
</attr>
<attr>
<attrlabl>HORID</attrlabl>
<attalias>HORID</attalias>
<attrtype>String</attrtype>
<attwidth>11</attwidth>
<atprecis>0</atprecis>
<attscale>0</attscale>
<attrdef>Horizon Designation - At a basic level A (Topsoil) B (subsoil) C (Parent Material) E (Elluvial) O (Organic)</attrdef>
<attrdefs>Esri</attrdefs>
</attr>
<attr>
<attrlabl>SERIES</attrlabl>
<attalias>SERIES</attalias>
<attrtype>Integer</attrtype>
<attwidth>4</attwidth>
<atprecis>0</atprecis>
<attscale>0</attscale>
<attrdef>Soil series code for each series, this is a 4 digit numeric code</attrdef>
<attrdefs>Esri</attrdefs>
</attr>
<attr>
<attrlabl>SERIESNAME</attrlabl>
<attalias>SERIES_NAME</attalias>
<attrtype>String</attrtype>
<attwidth>25</attwidth>
<atprecis>0</atprecis>
<attscale>0</attscale>
<attrdef>Soil series name</attrdef>
<attrdefs>Esri</attrdefs>
</attr>
<attr>
<attrlabl>LU_GROUP</attrlabl>
<attalias>LU_GROUP</attalias>
<attrtype>String</attrtype>
<attwidth>2</attwidth>
<atprecis>0</atprecis>
<attscale>0</attscale>
<attrdef>Land Use Group</attrdef>
<attrdefs>Esri</attrdefs>
</attr>
<attr>
<attrlabl>DESIGNATN</attrlabl>
<attalias>DESIGNATION</attalias>
<attrtype>String</attrtype>
<attwidth>5</attwidth>
<atprecis>0</atprecis>
<attscale>0</attscale>
<attrdef>Horizon Designation - At a basic level A (Topsoil) B (subsoil) C (Parent Material) E (Elluvial) O (Organic)</attrdef>
<attrdefs>Esri</attrdefs>
</attr>
<attr>
<attrlabl>UPPERDEPTH</attrlabl>
<attalias>UPPER_DEPTH</attalias>
<attrtype>Integer</attrtype>
<attwidth>4</attwidth>
<atprecis>0</atprecis>
<attscale>0</attscale>
<attrdef>Horizon upper depth in cm (&lt;0 indicated litter layer)</attrdef>
<attrdefs>Esri</attrdefs>
</attr>
<attr>
<attrlabl>LOWERDEPTH</attrlabl>
<attalias>LOWER_DEPTH</attalias>
<attrtype>Integer</attrtype>
<attwidth>4</attwidth>
<atprecis>0</atprecis>
<attscale>0</attscale>
<attrdef>Horizon lower depth in cm (999 implies depth below bottom of profile)</attrdef>
<attrdefs>Esri</attrdefs>
</attr>
<attr>
<attrlabl>SANDTOTAL</attrlabl>
<attalias>SAND_TOTAL</attalias>
<attrtype>Double</attrtype>
<attwidth>8</attwidth>
<atprecis>0</atprecis>
<attscale>0</attscale>
<attrdef>Total sand (0.06-2.0mm, 60-2000um) content (%) by weight</attrdef>
<attrdefs>Esri</attrdefs>
</attr>
<attr>
<attrlabl>SANDFINE</attrlabl>
<attalias>SAND_FINE</attalias>
<attrtype>Double</attrtype>
<attwidth>8</attwidth>
<atprecis>0</atprecis>
<attscale>0</attscale>
<attrdef>Fine sand (0.06-0.2mm, 60-200um) content (%) by weight</attrdef>
<attrdefs>Esri</attrdefs>
</attr>
<attr>
<attrlabl>SANDMED</attrlabl>
<attalias>SAND_MED</attalias>
<attrtype>Double</attrtype>
<attwidth>8</attwidth>
<atprecis>0</atprecis>
<attscale>0</attscale>
<attrdef>Medium sand (0.2-0.6mm, 200-600um) content (%) by weight</attrdef>
<attrdefs>Esri</attrdefs>
</attr>
<attr>
<attrlabl>SANDCOARSE</attrlabl>
<attalias>SAND_COARSE</attalias>
<attrtype>Double</attrtype>
<attwidth>8</attwidth>
<atprecis>0</atprecis>
<attscale>0</attscale>
<attrdef>Coarse sand (0.6-2.0mm, 600-2000um) content (%) by weight</attrdef>
<attrdefs>Esri</attrdefs>
</attr>
<attr>
<attrlabl>SILT</attrlabl>
<attalias>SILT</attalias>
<attrtype>Double</attrtype>
<attwidth>8</attwidth>
<atprecis>0</atprecis>
<attscale>0</attscale>
<attrdef>Silt content (%), including CaCO3, (0.002 - 0.06mm)</attrdef>
<attrdefs>Esri</attrdefs>
</attr>
<attr>
<attrlabl>CLAY</attrlabl>
<attalias>CLAY</attalias>
<attrtype>Double</attrtype>
<attwidth>8</attwidth>
<atprecis>0</atprecis>
<attscale>0</attscale>
<attrdef>Clay component including CaCO3 (%) (&lt;2um)</attrdef>
<attrdefs>Esri</attrdefs>
</attr>
<attr>
<attrlabl>OC</attrlabl>
<attalias>OC</attalias>
<attrtype>Double</attrtype>
<attwidth>8</attwidth>
<atprecis>0</atprecis>
<attscale>0</attscale>
<attrdef>Organic carbon (%)</attrdef>
<attrdefs>Esri</attrdefs>
</attr>
<attr>
<attrlabl>PH</attrlabl>
<attalias>PH</attalias>
<attrtype>Double</attrtype>
<attwidth>8</attwidth>
<atprecis>0</atprecis>
<attscale>0</attscale>
<attrdef>Acidity (pH) measured by shaking 10ml of soil for 15 minutes with 25ml of water</attrdef>
<attrdefs>Esri</attrdefs>
</attr>
<attr>
<attrlabl>SANDTOT_QA</attrlabl>
<attalias>SAND_TOTAL_QA</attalias>
<attrtype>String</attrtype>
<attwidth>7</attwidth>
<atprecis>0</atprecis>
<attscale>0</attscale>
<attrdef>Quality Information relevant to the total sand value</attrdef>
<attrdefs>Esri</attrdefs>
</attr>
<attr>
<attrlabl>SANDFIN_QA</attrlabl>
<attalias>SAND_FINE_QA</attalias>
<attrtype>String</attrtype>
<attwidth>7</attwidth>
<atprecis>0</atprecis>
<attscale>0</attscale>
<attrdef>Quality Information relevant to the fine sand value</attrdef>
<attrdefs>Esri</attrdefs>
</attr>
<attr>
<attrlabl>SANDMED_QA</attrlabl>
<attalias>SAND_MED_QA</attalias>
<attrtype>String</attrtype>
<attwidth>7</attwidth>
<atprecis>0</atprecis>
<attscale>0</attscale>
<attrdef>Quality Information relevant to the medium sand value</attrdef>
<attrdefs>Esri</attrdefs>
</attr>
<attr>
<attrlabl>SANDCOA_QA</attrlabl>
<attalias>SAND_COARSE_QA</attalias>
<attrtype>String</attrtype>
<attwidth>7</attwidth>
<atprecis>0</atprecis>
<attscale>0</attscale>
<attrdef>Quality Information relevant to the coarse sand value</attrdef>
<attrdefs>Esri</attrdefs>
</attr>
<attr>
<attrlabl>SILT_QA</attrlabl>
<attalias>SILT_QA</attalias>
<attrtype>String</attrtype>
<attwidth>7</attwidth>
<atprecis>0</atprecis>
<attscale>0</attscale>
<attrdef>Quality Information relevant to the silt value</attrdef>
<attrdefs>Esri</attrdefs>
</attr>
<attr>
<attrlabl>CLAY_QA</attrlabl>
<attalias>CLAY_QA</attalias>
<attrtype>String</attrtype>
<attwidth>7</attwidth>
<atprecis>0</atprecis>
<attscale>0</attscale>
<attrdef>Quality Information relevant to the clay value</attrdef>
<attrdefs>Esri</attrdefs>
</attr>
<attr>
<attrlabl>OC_QA</attrlabl>
<attalias>OC_QA</attalias>
<attrtype>String</attrtype>
<attwidth>7</attwidth>
<atprecis>0</atprecis>
<attscale>0</attscale>
<attrdef>Quality Information relevant to the organic carbon value</attrdef>
<attrdefs>Esri</attrdefs>
</attr>
<attr>
<attrlabl>PH_QA</attrlabl>
<attalias>PH_QA</attalias>
<attrtype>String</attrtype>
<attwidth>7</attwidth>
<atprecis>0</atprecis>
<attscale>0</attscale>
<attrdef>Quality Information relevant to the pH value</attrdef>
<attrdefs>Esri</attrdefs>
</attr>
</detailed>
</eainfo>
<mdParentID>LandIS</mdParentID>
<mdStanName>ArcGIS Metadata</mdStanName>
<mdStanVer>1.0</mdStanVer>
</metadata>
