<?xml version="1.0" encoding="UTF-8"?>
<metadata xml:lang="en">
<Esri>
<CreaDate>20200302</CreaDate>
<CreaTime>09163500</CreaTime>
<ArcGISFormat>1.0</ArcGISFormat>
<ArcGISProfile>ISO19139</ArcGISProfile>
<DataProperties>
<itemProps>
<imsContentType Sync="TRUE">002</imsContentType>
<itemName Sync="TRUE">NationalSoilMap</itemName>
<nativeExtBox>
<westBL Sync="TRUE">82739.999800</westBL>
<eastBL Sync="TRUE">655619.000200</eastBL>
<southBL Sync="TRUE">5338.001100</southBL>
<northBL Sync="TRUE">657523.499700</northBL>
<exTypeCode Sync="TRUE">1</exTypeCode>
</nativeExtBox>
</itemProps>
<coordRef>
<type Sync="TRUE">Projected</type>
<geogcsn Sync="TRUE">GCS_OSGB_1936</geogcsn>
<csUnits Sync="TRUE">Linear Unit: Meter (1.000000)</csUnits>
<projcsn Sync="TRUE">British_National_Grid</projcsn>
<peXml Sync="TRUE">&lt;ProjectedCoordinateSystem xsi:type='typens:ProjectedCoordinateSystem' xmlns:xsi='http://www.w3.org/2001/XMLSchema-instance' xmlns:xs='http://www.w3.org/2001/XMLSchema' xmlns:typens='http://www.esri.com/schemas/ArcGIS/3.4.0'&gt;&lt;WKT&gt;PROJCS[&amp;quot;British_National_Grid&amp;quot;,GEOGCS[&amp;quot;GCS_OSGB_1936&amp;quot;,DATUM[&amp;quot;D_OSGB_1936&amp;quot;,SPHEROID[&amp;quot;Airy_1830&amp;quot;,6377563.396,299.3249646]],PRIMEM[&amp;quot;Greenwich&amp;quot;,0.0],UNIT[&amp;quot;Degree&amp;quot;,0.0174532925199433]],PROJECTION[&amp;quot;Transverse_Mercator&amp;quot;],PARAMETER[&amp;quot;False_Easting&amp;quot;,400000.0],PARAMETER[&amp;quot;False_Northing&amp;quot;,-100000.0],PARAMETER[&amp;quot;Central_Meridian&amp;quot;,-2.0],PARAMETER[&amp;quot;Scale_Factor&amp;quot;,0.9996012717],PARAMETER[&amp;quot;Latitude_Of_Origin&amp;quot;,49.0],UNIT[&amp;quot;Meter&amp;quot;,1.0],AUTHORITY[&amp;quot;EPSG&amp;quot;,27700]]&lt;/WKT&gt;&lt;XOrigin&gt;-5220400&lt;/XOrigin&gt;&lt;YOrigin&gt;-15524400&lt;/YOrigin&gt;&lt;XYScale&gt;450481592.76709664&lt;/XYScale&gt;&lt;ZOrigin&gt;-100000&lt;/ZOrigin&gt;&lt;ZScale&gt;10000&lt;/ZScale&gt;&lt;MOrigin&gt;-100000&lt;/MOrigin&gt;&lt;MScale&gt;10000&lt;/MScale&gt;&lt;XYTolerance&gt;0.001&lt;/XYTolerance&gt;&lt;ZTolerance&gt;0.001&lt;/ZTolerance&gt;&lt;MTolerance&gt;0.001&lt;/MTolerance&gt;&lt;HighPrecision&gt;true&lt;/HighPrecision&gt;&lt;WKID&gt;27700&lt;/WKID&gt;&lt;LatestWKID&gt;27700&lt;/LatestWKID&gt;&lt;/ProjectedCoordinateSystem&gt;</peXml>
</coordRef>
</DataProperties>
<scaleRange>
<minScale>14237610.855416</minScale>
<maxScale>5000</maxScale>
</scaleRange>
<ModDate>20251001</ModDate>
<ModTime>11582700</ModTime>
<SyncOnce>FALSE</SyncOnce>
<SyncDate>20251001</SyncDate>
<SyncTime>10484300</SyncTime>
</Esri>
<dataIdInfo>
<idAbs>&lt;div style="text-align:Left;"&gt;&lt;div&gt;&lt;div&gt;&lt;p&gt;&lt;span&gt;The National Soil Map (NATMAP) was published in 1983 after four years of intensive work by the field survey teams of the National Soil Resources Institute. It is the product of free survey with an average of 2 to 3 soil observations per sq km outside areas mapped during more detailed soil survey. A new improved version of the National Soil Map was introduced in 2001. It includes complete urban soil coverage and increased accuracy of line work.&lt;/span&gt;&lt;/p&gt;&lt;/div&gt;&lt;/div&gt;&lt;/div&gt;</idAbs>
<idCitation>
<resTitle>NationalSoilMap</resTitle>
<date>
<pubDate>2026-03-31T00:00:00</pubDate>
</date>
<presForm>
<PresFormCd value="005">
</PresFormCd>
</presForm>
<resAltTitle>NationalSoilMap</resAltTitle>
<collTitle>LandIS</collTitle>
</idCitation>
<dataExt>
<exDesc>England and Wales</exDesc>
<geoEle>
<GeoBndBox>
<westBL>-5.80</westBL>
<eastBL>1.80</eastBL>
<northBL>55.80</northBL>
<southBL>49.80</southBL>
<exTypeCode>1</exTypeCode>
</GeoBndBox>
</geoEle>
</dataExt>
<searchKeys>
<keyword>NATMAP</keyword>
<keyword>Soil</keyword>
<keyword>Soil Type</keyword>
<keyword>Soil Map</keyword>
<keyword>Soil Grid</keyword>
<keyword>Peat</keyword>
</searchKeys>
<idPurp>The National Soil Map is a vector dataset derived from the National Soil Map for England and Wales and is the product of sixty years of soil survey work in England and Wales.</idPurp>
<idCredit>© Cranfield University and the Controller of HMSO</idCredit>
<resConst>
<Consts>
<useLimit>&lt;div style="text-align:Left;"&gt;&lt;div&gt;&lt;div&gt;&lt;p&gt;&lt;span&gt;Data originated from the Cranfield University, Land Information System LandIS® Portal licensed under "Cranfield &amp;amp; Defra Open Data Licence v1.0" 2026&lt;/span&gt;&lt;/p&gt;&lt;/div&gt;&lt;/div&gt;&lt;/div&gt;</useLimit>
</Consts>
</resConst>
<resConst>
<LegConsts>
<accessConsts>
<RestrictCd value="005">
</RestrictCd>
</accessConsts>
<useConsts>
<RestrictCd value="005">
</RestrictCd>
</useConsts>
<useLimit>Data originated from the Cranfield University, Land Information System LandIS® Portal licensed under "Cranfield &amp; Defra Open Data Licence v1.0" 2026</useLimit>
<othConsts>Data originated from the Cranfield University, Land Information System LandIS® Portal licensed under "Cranfield &amp; Defra Open Data Licence v1.0" 2026</othConsts>
</LegConsts>
</resConst>
<dataLang>
<languageCode value="eng">
</languageCode>
<countryCode value="GB" Sync="FALSE">
</countryCode>
</dataLang>
<dataChar>
<CharSetCd value="004">
</CharSetCd>
</dataChar>
<spatRpType>
<SpatRepTypCd value="001">
</SpatRepTypCd>
</spatRpType>
<dataScale>
<equScale>
<rfDenom>250000</rfDenom>
</equScale>
</dataScale>
<envirDesc Sync="FALSE">Esri ArcGIS 13.4.0.55405</envirDesc>
<idStatus>
<ProgCd value="001">
</ProgCd>
</idStatus>
<graphOver>
<bgFileName>http://www.landis.org.uk/data/images/natmap256b.jpg</bgFileName>
<bgFileDesc>thumbnail</bgFileDesc>
<bgFileType>png</bgFileType>
</graphOver>
<resMaint>
<maintFreq>
<MaintFreqCd value="010">
</MaintFreqCd>
</maintFreq>
</resMaint>
<otherKeys>
<thesaName>
<resTitle>GEMET - INSPIRE themes, version 1.0</resTitle>
</thesaName>
<keyword>Soil</keyword>
</otherKeys>
<otherKeys>
<thesaName>
<resTitle>GEMET - Concepts, version 2.3</resTitle>
</thesaName>
<keyword>soil type</keyword>
<keyword>soil map</keyword>
<keyword>peat</keyword>
</otherKeys>
<tpCat>
<TopicCatCd value="008">
</TopicCatCd>
</tpCat>
</dataIdInfo>
<mdLang>
<languageCode value="eng">
</languageCode>
<countryCode value="GBR" Sync="TRUE">
</countryCode>
</mdLang>
<mdHrLv>
<ScopeCd value="005">
</ScopeCd>
</mdHrLv>
<mdHrLvName>dataset</mdHrLvName>
<mdFileID>NationalSoilMap</mdFileID>
<mdChar>
<CharSetCd value="004">
</CharSetCd>
</mdChar>
<mdDateSt>2026-03-31</mdDateSt>
<mdContact>
<rpIndName>LandIS Administrator</rpIndName>
<rpOrgName>Cranfield University</rpOrgName>
<rpPosName>Administrator</rpPosName>
<rpCntInfo>
<cntAddress addressType="postal">
<eMailAdd>landis@cranfield.ac.uk</eMailAdd>
<delPoint>Building 121, Cranfield University</delPoint>
<city>Cranfield</city>
<adminArea>Bedfordshire</adminArea>
<postCode>MK43 0AL</postCode>
<country>GB</country>
</cntAddress>
<cntPhone>
<voiceNum>+44 (0) 1234 75 0111</voiceNum>
</cntPhone>
<cntOnlineRes>
<linkage>https://www.landis.org.uk</linkage>
</cntOnlineRes>
<cntHours>9am-5pm (United Kingdom Time)</cntHours>
<cntInstr>Please email us in the first instance.</cntInstr>
</rpCntInfo>
<role>
<RoleCd value="007">
</RoleCd>
</role>
</mdContact>
<dqInfo>
<dqScope>
<scpLvl>
<ScopeCd value="005">
</ScopeCd>
</scpLvl>
</dqScope>
<dataLineage>
<statement>Validation - the dataset was carefully checked in a cartographical process by SSLRC Geographical Systems Group</statement>
</dataLineage>
<report type="DQDomConsis">
<measResult>
<ConResult>
<conSpec>
<resTitle>INSPIRE Metadata Implementing Rules: Technical Guidelines based on EN ISO 19115 and EN ISO 19119 ( Revised edition)</resTitle>
<date>
<pubDate>2026-03-31T00:00:00</pubDate>
</date>
</conSpec>
<conExpl>See the referenced specification</conExpl>
<conPass>1</conPass>
</ConResult>
</measResult>
</report>
</dqInfo>
<distInfo>
<distTranOps>
<onLineSrc>
<linkage>http://www.landis.org.uk/</linkage>
<protocol>WWW:LINK-1.0-http--samples</protocol>
<orName>LandIS website</orName>
<orDesc>LandIS website</orDesc>
</onLineSrc>
</distTranOps>
</distInfo>
<refSysInfo>
<RefSystem>
<refSysID>
<identCode code="British National Grid">
</identCode>
<idCodeSpace>EPSG</idCodeSpace>
<idVersion>6.3(3.0.1)</idVersion>
</refSysID>
</RefSystem>
</refSysInfo>
<mdMaint>
<maintFreq>
<MaintFreqCd value="010">
</MaintFreqCd>
</maintFreq>
</mdMaint>
<eainfo>
<detailed Name="NationalSoilMap">
<enttyp>
<enttypl>NationalSoilMap</enttypl>
<enttypt>Feature Class</enttypt>
<enttypc>0</enttypc>
</enttyp>
<attr>
<attrlabl>OBJECTID</attrlabl>
<attalias>OBJECTID_1</attalias>
<attrtype>OID</attrtype>
<attwidth>4</attwidth>
<atprecis>0</atprecis>
<attscale>0</attscale>
<attrdef>Internal feature number.</attrdef>
<attrdefs>Esri</attrdefs>
<attrdomv>
<udom>Sequential unique whole numbers that are automatically generated.</udom>
</attrdomv>
</attr>
<attr>
<attrlabl>Shape</attrlabl>
<attalias>Shape</attalias>
<attrtype>Geometry</attrtype>
<attwidth>0</attwidth>
<atprecis>0</atprecis>
<attscale>0</attscale>
<attrdef>Feature geometry.</attrdef>
<attrdefs>Esri</attrdefs>
<attrdomv>
<udom>Coordinates defining the features.</udom>
</attrdomv>
</attr>
<attr>
<attrlabl>MUSID</attrlabl>
<attalias>MUSID</attalias>
<attrtype>Integer</attrtype>
<attwidth>4</attwidth>
<atprecis>0</atprecis>
<attscale>0</attscale>
<attrdef>Unique numeric identification code for map units</attrdef>
<attrdefs>Esri</attrdefs>
</attr>
<attr>
<attrlabl>MAP_SYMBOL</attrlabl>
<attalias>MAP_SYMBOL</attalias>
<attrtype>String</attrtype>
<attwidth>8</attwidth>
<atprecis>0</atprecis>
<attscale>0</attscale>
<attrdef>Map Symbol displayed on the map - combination of the unsurveyed flag with the map unit</attrdef>
<attrdefs>Esri</attrdefs>
</attr>
<attr>
<attrlabl>MU_NAME</attrlabl>
<attalias>MU_NAME</attalias>
<attrtype>String</attrtype>
<attwidth>254</attwidth>
<atprecis>0</atprecis>
<attscale>0</attscale>
<attrdef>Soil association name, named after the dominant soil series of which the association comprises</attrdef>
<attrdefs>Esri</attrdefs>
</attr>
<attr>
<attrlabl>DESC</attrlabl>
<attalias>DESCRIPTION</attalias>
<attrtype>String</attrtype>
<attwidth>254</attwidth>
<atprecis>0</atprecis>
<attscale>0</attscale>
<attrdef>A simplified description of the soil association</attrdef>
<attrdefs>Esri</attrdefs>
</attr>
<attr>
<attrlabl>GEOLOGY</attrlabl>
<attalias>GEOLOGY</attalias>
<attrtype>String</attrtype>
<attwidth>254</attwidth>
<atprecis>0</atprecis>
<attscale>0</attscale>
<attrdef>The geological parent material on which soil associations commonly occur</attrdef>
<attrdefs>Esri</attrdefs>
</attr>
<attr>
<attrlabl>DOM_SOILS</attrlabl>
<attalias>DOM_SOILS</attalias>
<attrtype>String</attrtype>
<attwidth>254</attwidth>
<atprecis>0</atprecis>
<attscale>0</attscale>
<attrdef>The geological parent material on which soil associations commonly occur</attrdef>
<attrdefs>Esri</attrdefs>
</attr>
<attr>
<attrlabl>ASSOC_SOIL</attrlabl>
<attalias>ASSOC_SOIL</attalias>
<attrtype>String</attrtype>
<attwidth>254</attwidth>
<atprecis>0</atprecis>
<attscale>0</attscale>
<attrdef>Soil characteristics of associated soil</attrdef>
<attrdefs>Esri</attrdefs>
</attr>
<attr>
<attrlabl>SITE</attrlabl>
<attalias>SITE</attalias>
<attrtype>String</attrtype>
<attwidth>254</attwidth>
<atprecis>0</atprecis>
<attscale>0</attscale>
<attrdef>Text description of site characteristics of a soil association</attrdef>
<attrdefs>Esri</attrdefs>
</attr>
<attr>
<attrlabl>CROP_LU</attrlabl>
<attalias>CROP_LU</attalias>
<attrtype>String</attrtype>
<attwidth>254</attwidth>
<atprecis>0</atprecis>
<attscale>0</attscale>
<attrdef>Text description of cropping and land use practices associated with a soil association</attrdef>
<attrdefs>Esri</attrdefs>
</attr>
<attr>
<attrlabl>SOILSCAPE</attrlabl>
<attalias>SOILSCAPE</attalias>
<attrtype>String</attrtype>
<attwidth>90</attwidth>
<atprecis>0</atprecis>
<attscale>0</attscale>
<attrdef>General description of the soil - Soilscapes are amalgamations of Soil Associations</attrdef>
<attrdefs>Esri</attrdefs>
</attr>
<attr>
<attrlabl>DRAINAGE</attrlabl>
<attalias>DRAINAGE</attalias>
<attrtype>String</attrtype>
<attwidth>30</attwidth>
<atprecis>0</atprecis>
<attscale>0</attscale>
<attrdef>General description of the drainage of the soil</attrdef>
<attrdefs>Esri</attrdefs>
</attr>
<attr>
<attrlabl>FERTILITY</attrlabl>
<attalias>FERTILITY</attalias>
<attrtype>String</attrtype>
<attwidth>30</attwidth>
<atprecis>0</atprecis>
<attscale>0</attscale>
<attrdef>General description of the fertility of the soil</attrdef>
<attrdefs>Esri</attrdefs>
</attr>
<attr>
<attrlabl>HABITATS</attrlabl>
<attalias>HABITATS</attalias>
<attrtype>String</attrtype>
<attwidth>130</attwidth>
<atprecis>0</atprecis>
<attscale>0</attscale>
<attrdef>General description of expected habitats for this type of soil</attrdef>
<attrdefs>Esri</attrdefs>
</attr>
<attr>
<attrlabl>DRAINS_TO</attrlabl>
<attalias>DRAINS_TO</attalias>
<attrtype>String</attrtype>
<attwidth>40</attwidth>
<atprecis>0</atprecis>
<attscale>0</attscale>
<attrdef>General description of the destination of water drainage from the soil</attrdef>
<attrdefs>Esri</attrdefs>
</attr>
<attr>
<attrlabl>WATER_PROT</attrlabl>
<attalias>WATER_PROT</attalias>
<attrtype>String</attrtype>
<attwidth>254</attwidth>
<atprecis>0</atprecis>
<attscale>0</attscale>
<attrdef>Issues relating to protection of water sources</attrdef>
<attrdefs>Esri</attrdefs>
</attr>
<attr>
<attrlabl>SOILGUIDE</attrlabl>
<attalias>URL</attalias>
<attrtype>String</attrtype>
<attwidth>254</attwidth>
<atprecis>0</atprecis>
<attscale>0</attscale>
<attrdef>Web address as URL to the appropriate Soilsguide page on the LandIS website</attrdef>
<attrdefs>Esri</attrdefs>
</attr>
<attr>
<attrlabl>Shape_Length</attrlabl>
<attalias>Shape_Length</attalias>
<attrtype>Double</attrtype>
<attwidth>8</attwidth>
<atprecis>0</atprecis>
<attscale>0</attscale>
<attrdef>Length of feature in internal units.</attrdef>
<attrdefs>Esri</attrdefs>
<attrdomv>
<udom>Positive real numbers that are automatically generated.</udom>
</attrdomv>
</attr>
<attr>
<attrlabl>Shape_Area</attrlabl>
<attalias>Shape_Area</attalias>
<attrtype>Double</attrtype>
<attwidth>8</attwidth>
<atprecis>0</atprecis>
<attscale>0</attscale>
<attrdef>Area of feature in internal units squared.</attrdef>
<attrdefs>Esri</attrdefs>
<attrdomv>
<udom>Positive real numbers that are automatically generated.</udom>
</attrdomv>
</attr>
</detailed>
</eainfo>
<spatRepInfo>
<VectSpatRep>
<topLvl>
<TopoLevCd value="001" Sync="TRUE">
</TopoLevCd>
</topLvl>
<geometObjs Name="NationalSoilMap">
<geoObjTyp>
<GeoObjTypCd value="002" Sync="TRUE">
</GeoObjTypCd>
</geoObjTyp>
<geoObjCnt>42603</geoObjCnt>
</geometObjs>
</VectSpatRep>
</spatRepInfo>
<mdParentID>LandIS</mdParentID>
<mdStanName>ArcGIS Metadata</mdStanName>
<mdStanVer>1.0</mdStanVer>
<spdoinfo>
<ptvctinf>
<esriterm Name="NationalSoilMap">
<efeatyp Sync="TRUE">Simple</efeatyp>
<efeageom code="4" Sync="TRUE">
</efeageom>
<esritopo Sync="TRUE">FALSE</esritopo>
<efeacnt Sync="TRUE">0</efeacnt>
<spindex Sync="TRUE">TRUE</spindex>
<linrefer Sync="TRUE">FALSE</linrefer>
</esriterm>
</ptvctinf>
</spdoinfo>
</metadata>
