<?xml version="1.0" encoding="UTF-8"?>
<metadata xml:lang="en">
<Esri>
<CreaDate>20250925</CreaDate>
<CreaTime>12223500</CreaTime>
<ArcGISFormat>1.0</ArcGISFormat>
<ArcGISProfile>ISO19139</ArcGISProfile>
<DataProperties>
<itemProps>
<imsContentType Sync="TRUE">002</imsContentType>
<itemName Sync="TRUE">NATMAPlegend</itemName>
</itemProps>
</DataProperties>
<scaleRange>
<minScale>8234550.213585</minScale>
<maxScale>5000</maxScale>
</scaleRange>
<ModDate>20251001</ModDate>
<ModTime>16262400</ModTime>
<SyncOnce>FALSE</SyncOnce>
<SyncDate>20251001</SyncDate>
<SyncTime>11423300</SyncTime>
</Esri>
<dataIdInfo>
<idAbs>&lt;div style="text-align:Left;"&gt;&lt;div&gt;&lt;div&gt;&lt;p&gt;&lt;span&gt;Text descriptions of Geology, Soil and Site characteristics and of Cropping and Land Use for each map unit of the National Soil Map.&lt;/span&gt;&lt;/p&gt;&lt;p&gt;&lt;/p&gt;&lt;p&gt;&lt;span&gt;The National Soil Map was published in 1983 after four years of intensive work by the field survey teams of the National Soil Resources Institute. It is the product of free survey with an average of 2 to 3 soil observations per sq km outside areas mapped during more detailed soil survey. A new improved version of the National Soil Map was introduced in 2001. It includes complete urban soil coverage and increased accuracy of line work.&lt;/span&gt;&lt;/p&gt;&lt;/div&gt;&lt;/div&gt;&lt;/div&gt;</idAbs>
<idCitation>
<resTitle>NATMAPlegend</resTitle>
<date>
<pubDate>2026-03-31T00:00:00</pubDate>
</date>
<presForm>
<PresFormCd value="005">
</PresFormCd>
</presForm>
<resAltTitle>NATMAPlegend_v3</resAltTitle>
<collTitle>LandIS</collTitle>
</idCitation>
<dataExt>
<exDesc>England and Wales</exDesc>
<geoEle>
<GeoBndBox>
<westBL Sync="FALSE">-5.80</westBL>
<eastBL Sync="FALSE">1.80</eastBL>
<northBL Sync="FALSE">55.80</northBL>
<southBL Sync="FALSE">49.80</southBL>
<exTypeCode>1</exTypeCode>
</GeoBndBox>
</geoEle>
</dataExt>
<searchKeys>
<keyword>Soil</keyword>
<keyword>soil type</keyword>
<keyword>peat</keyword>
<keyword>soil map</keyword>
</searchKeys>
<idPurp>NATMAP Legend (version 3). Text descriptions of geology, soil and site characteristics and of cropping and land use for each map unit of the National Soil Map.</idPurp>
<idCredit>© Cranfield University and the Controller of HMSO</idCredit>
<resConst>
<Consts>
<useLimit>&lt;div style="text-align:Left;"&gt;&lt;div&gt;&lt;div&gt;&lt;p&gt;&lt;span&gt;Data originated from the Cranfield University, Land Information System LandIS® Portal licensed under "Cranfield &amp;amp; Defra Open Data Licence v1.0" 2026&lt;/span&gt;&lt;/p&gt;&lt;/div&gt;&lt;/div&gt;&lt;/div&gt;</useLimit>
</Consts>
</resConst>
<resConst>
<LegConsts>
<accessConsts>
<RestrictCd value="005">
</RestrictCd>
</accessConsts>
<useConsts>
<RestrictCd value="005">
</RestrictCd>
</useConsts>
<useLimit>Data originated from the Cranfield University, Land Information System LandIS® Portal licensed under "Cranfield &amp; Defra Open Data Licence v1.0" 2026</useLimit>
<othConsts>Data originated from the Cranfield University, Land Information System LandIS® Portal licensed under "Cranfield &amp; Defra Open Data Licence v1.0" 2026</othConsts>
</LegConsts>
</resConst>
<dataLang>
<languageCode value="eng">
</languageCode>
<countryCode value="GB" Sync="FALSE">
</countryCode>
</dataLang>
<dataChar>
<CharSetCd value="004">
</CharSetCd>
</dataChar>
<spatRpType>
<SpatRepTypCd value="003" Sync="TRUE">
</SpatRepTypCd>
</spatRpType>
<dataScale>
<equScale>
<rfDenom>250000</rfDenom>
</equScale>
</dataScale>
<envirDesc Sync="FALSE">Esri ArcGIS 13.4.0.55405</envirDesc>
<idStatus>
<ProgCd value="001">
</ProgCd>
</idStatus>
<graphOver>
<bgFileName>http://www.landis.org.uk/data/images/natmap256b.jpg</bgFileName>
<bgFileDesc>thumbnail</bgFileDesc>
<bgFileType>png</bgFileType>
</graphOver>
<resMaint>
<maintFreq>
<MaintFreqCd value="010">
</MaintFreqCd>
</maintFreq>
</resMaint>
<otherKeys>
<thesaName>
<resTitle>GEMET - INSPIRE themes, version 1.0</resTitle>
</thesaName>
<keyword>Soil</keyword>
</otherKeys>
<otherKeys>
<thesaName>
<resTitle>GEMET - Concepts, version 2.3</resTitle>
</thesaName>
<keyword>soil type</keyword>
<keyword>peat</keyword>
<keyword>soil map</keyword>
</otherKeys>
<tpCat>
<TopicCatCd value="008">
</TopicCatCd>
</tpCat>
</dataIdInfo>
<mdLang>
<languageCode value="eng">
</languageCode>
<countryCode value="GBR" Sync="TRUE">
</countryCode>
</mdLang>
<mdHrLv>
<ScopeCd value="005">
</ScopeCd>
</mdHrLv>
<mdHrLvName>dataset</mdHrLvName>
<mdFileID>NATMAPlegend_v3</mdFileID>
<mdChar>
<CharSetCd value="004">
</CharSetCd>
</mdChar>
<mdDateSt>2026-03-31</mdDateSt>
<mdContact>
<rpIndName>LandIS Administrator</rpIndName>
<rpOrgName>Cranfield University</rpOrgName>
<rpPosName>Administrator</rpPosName>
<rpCntInfo>
<cntAddress addressType="postal">
<eMailAdd>landis@cranfield.ac.uk</eMailAdd>
<delPoint>Building 121, Cranfield University</delPoint>
<city>Cranfield</city>
<adminArea>Bedfordshire</adminArea>
<postCode>MK43 0AL</postCode>
<country>GB</country>
</cntAddress>
<cntPhone>
<voiceNum>+44 (0) 1234 75 0111</voiceNum>
</cntPhone>
<cntOnlineRes>
<linkage>https://www.landis.org.uk</linkage>
</cntOnlineRes>
<cntHours>9am-5pm (United Kingdom Time)</cntHours>
<cntInstr>Please email us in the first instance.</cntInstr>
</rpCntInfo>
<role>
<RoleCd value="007">
</RoleCd>
</role>
</mdContact>
<dqInfo>
<dqScope>
<scpLvl>
<ScopeCd value="005">
</ScopeCd>
</scpLvl>
</dqScope>
<dataLineage>
<statement>Validation - the dataset was carefully checked in a cartographical process by SSLRC Geographical Systems Group</statement>
</dataLineage>
<report type="DQDomConsis">
<measResult>
<ConResult>
<conSpec>
<resTitle>INSPIRE Metadata Implementing Rules: Technical Guidelines based on EN ISO 19115 and EN ISO 19119 ( Revised edition)</resTitle>
<date>
<pubDate>2026-03-31T00:00:00</pubDate>
</date>
</conSpec>
<conExpl>See the referenced specification</conExpl>
<conPass>true</conPass>
</ConResult>
</measResult>
</report>
</dqInfo>
<distInfo>
<distTranOps>
<onLineSrc>
<linkage>http://www.landis.org.uk/</linkage>
<protocol>WWW:LINK-1.0-http--samples</protocol>
<orName>LandIS website</orName>
<orDesc>LandIS website</orDesc>
</onLineSrc>
</distTranOps>
</distInfo>
<refSysInfo>
<RefSystem>
<refSysID>
<identCode code="British National Grid">
</identCode>
<idCodeSpace>EPSG</idCodeSpace>
</refSysID>
</RefSystem>
</refSysInfo>
<mdMaint>
<maintFreq>
<MaintFreqCd value="010">
</MaintFreqCd>
</maintFreq>
</mdMaint>
<eainfo>
<detailed Name="NATMAPlegend">
<enttyp>
<enttypl>NATMAPlegend</enttypl>
<enttypt>Table</enttypt>
<enttypc>306</enttypc>
</enttyp>
<attr>
<attrlabl>OBJECTID</attrlabl>
<attalias>OBJECTID</attalias>
<attrtype>OID</attrtype>
<attwidth>4</attwidth>
<atprecis>0</atprecis>
<attscale>0</attscale>
<attrdef>Internal feature number.</attrdef>
<attrdefs>Esri</attrdefs>
<attrdomv>
<udom>Sequential unique whole numbers that are automatically generated.</udom>
</attrdomv>
</attr>
<attr>
<attrlabl>MUSID</attrlabl>
<attalias>MUSID</attalias>
<attrtype>Integer</attrtype>
<attwidth>4</attwidth>
<atprecis>0</atprecis>
<attscale>0</attscale>
<attrdef>Unique numeric identification code for map units</attrdef>
<attrdefs>Esri</attrdefs>
</attr>
<attr>
<attrlabl>MAP_UNIT</attrlabl>
<attalias>MAP_UNIT</attalias>
<attrtype>String</attrtype>
<attwidth>6</attwidth>
<atprecis>0</atprecis>
<attscale>0</attscale>
<attrdef>National Soil Map Unit, Regional Bulletins and National Soil Map Legend.</attrdef>
<attrdefs>Esri</attrdefs>
</attr>
<attr>
<attrlabl>MAP_CODE</attrlabl>
<attalias>MAP_CODE</attalias>
<attrtype>String</attrtype>
<attwidth>6</attwidth>
<atprecis>0</atprecis>
<attscale>0</attscale>
<attrdef>National Soil Map Unit, Regional Bulletins and National Soil Map Legend - text version</attrdef>
<attrdefs>Esri</attrdefs>
</attr>
<attr>
<attrlabl>MU_NAME</attrlabl>
<attalias>MAP_UNIT_NAME</attalias>
<attrtype>String</attrtype>
<attwidth>25</attwidth>
<atprecis>0</atprecis>
<attscale>0</attscale>
<attrdef>Soil association name, named after the dominant soil series of which the association comprises</attrdef>
<attrdefs>Esri</attrdefs>
</attr>
<attr>
<attrlabl>SIMPLEDESC</attrlabl>
<attalias>SIMPLE_DESCRIPTION</attalias>
<attrtype>String</attrtype>
<attwidth>70</attwidth>
<atprecis>0</atprecis>
<attscale>0</attscale>
<attrdef>A simplified description of the soil association</attrdef>
<attrdefs>Esri</attrdefs>
</attr>
<attr>
<attrlabl>GEOLOGY</attrlabl>
<attalias>GEOLOGY</attalias>
<attrtype>String</attrtype>
<attwidth>80</attwidth>
<atprecis>0</atprecis>
<attscale>0</attscale>
<attrdef>The geological parent material on which soil associations commonly occur</attrdef>
<attrdefs>Esri</attrdefs>
</attr>
<attr>
<attrlabl>DOM_SOILS</attrlabl>
<attalias>DOM_SOILS</attalias>
<attrtype>String</attrtype>
<attwidth>255</attwidth>
<atprecis>0</atprecis>
<attscale>0</attscale>
<attrdef>Text description of dominant soil type in soil association</attrdef>
<attrdefs>Esri</attrdefs>
</attr>
<attr>
<attrlabl>ASSOC_SOILS</attrlabl>
<attalias>ASSOC_SOILS</attalias>
<attrtype>String</attrtype>
<attwidth>255</attwidth>
<atprecis>0</atprecis>
<attscale>0</attscale>
<attrdef>Soil characteristics of associated soil</attrdef>
<attrdefs>Esri</attrdefs>
</attr>
<attr>
<attrlabl>SITE</attrlabl>
<attalias>SITE</attalias>
<attrtype>String</attrtype>
<attwidth>255</attwidth>
<atprecis>0</atprecis>
<attscale>0</attscale>
<attrdef>Text description of site characteristics of a soil association</attrdef>
<attrdefs>Esri</attrdefs>
</attr>
<attr>
<attrlabl>CROP_LU</attrlabl>
<attalias>CROP_LAND_USE</attalias>
<attrtype>String</attrtype>
<attwidth>255</attwidth>
<atprecis>0</atprecis>
<attscale>0</attscale>
<attrdef>Text description of cropping and land use practices associated with a soil association</attrdef>
<attrdefs>Esri</attrdefs>
</attr>
<attr>
<attrlabl>URL</attrlabl>
<attalias>SOILSGUIDE_URL</attalias>
<attrtype>String</attrtype>
<attwidth>255</attwidth>
<atprecis>0</atprecis>
<attscale>0</attscale>
<attrdef>Soils Guide URL</attrdef>
<attrdefs>Esri</attrdefs>
</attr>
</detailed>
</eainfo>
<mdParentID>LandIS</mdParentID>
<mdStanName>ArcGIS Metadata</mdStanName>
<mdStanVer>1.0</mdStanVer>
</metadata>
