<?xml version="1.0" encoding="UTF-8"?>
<metadata xml:lang="en">
<Esri>
<CreaDate>20210616</CreaDate>
<CreaTime>10135000</CreaTime>
<ArcGISFormat>1.0</ArcGISFormat>
<ArcGISProfile>ISO19139</ArcGISProfile>
<DataProperties>
<itemProps>
<imsContentType Sync="TRUE">002</imsContentType>
<itemName Sync="TRUE">NATMAPcarbon</itemName>
<itemSize Sync="TRUE">0.000</itemSize>
<nativeExtBox>
<westBL Sync="TRUE">134177.886727</westBL>
<eastBL Sync="TRUE">655475.152386</eastBL>
<southBL Sync="TRUE">11553.886103</southBL>
<northBL Sync="TRUE">657523.499700</northBL>
<exTypeCode Sync="TRUE">1</exTypeCode>
</nativeExtBox>
</itemProps>
<coordRef>
<type Sync="TRUE">Projected</type>
<geogcsn Sync="TRUE">GCS_OSGB_1936</geogcsn>
<csUnits Sync="TRUE">Linear Unit: Meter (1.000000)</csUnits>
<projcsn Sync="TRUE">British_National_Grid</projcsn>
<peXml Sync="TRUE">&lt;ProjectedCoordinateSystem xsi:type='typens:ProjectedCoordinateSystem' xmlns:xsi='http://www.w3.org/2001/XMLSchema-instance' xmlns:xs='http://www.w3.org/2001/XMLSchema' xmlns:typens='http://www.esri.com/schemas/ArcGIS/3.4.0'&gt;&lt;WKT&gt;PROJCS[&amp;quot;British_National_Grid&amp;quot;,GEOGCS[&amp;quot;GCS_OSGB_1936&amp;quot;,DATUM[&amp;quot;D_OSGB_1936&amp;quot;,SPHEROID[&amp;quot;Airy_1830&amp;quot;,6377563.396,299.3249646]],PRIMEM[&amp;quot;Greenwich&amp;quot;,0.0],UNIT[&amp;quot;Degree&amp;quot;,0.0174532925199433]],PROJECTION[&amp;quot;Transverse_Mercator&amp;quot;],PARAMETER[&amp;quot;False_Easting&amp;quot;,400000.0],PARAMETER[&amp;quot;False_Northing&amp;quot;,-100000.0],PARAMETER[&amp;quot;Central_Meridian&amp;quot;,-2.0],PARAMETER[&amp;quot;Scale_Factor&amp;quot;,0.9996012717],PARAMETER[&amp;quot;Latitude_Of_Origin&amp;quot;,49.0],UNIT[&amp;quot;Meter&amp;quot;,1.0],AUTHORITY[&amp;quot;EPSG&amp;quot;,27700]]&lt;/WKT&gt;&lt;XOrigin&gt;-5220400&lt;/XOrigin&gt;&lt;YOrigin&gt;-15524400&lt;/YOrigin&gt;&lt;XYScale&gt;450481592.76709664&lt;/XYScale&gt;&lt;ZOrigin&gt;-100000&lt;/ZOrigin&gt;&lt;ZScale&gt;10000&lt;/ZScale&gt;&lt;MOrigin&gt;-100000&lt;/MOrigin&gt;&lt;MScale&gt;10000&lt;/MScale&gt;&lt;XYTolerance&gt;0.001&lt;/XYTolerance&gt;&lt;ZTolerance&gt;0.001&lt;/ZTolerance&gt;&lt;MTolerance&gt;0.001&lt;/MTolerance&gt;&lt;HighPrecision&gt;true&lt;/HighPrecision&gt;&lt;WKID&gt;27700&lt;/WKID&gt;&lt;LatestWKID&gt;27700&lt;/LatestWKID&gt;&lt;/ProjectedCoordinateSystem&gt;</peXml>
</coordRef>
</DataProperties>
<scaleRange>
<minScale>14237610.855416</minScale>
<maxScale>5000</maxScale>
</scaleRange>
<ModDate>20251001</ModDate>
<ModTime>13444000</ModTime>
<SyncOnce>FALSE</SyncOnce>
<SyncDate>20251001</SyncDate>
<SyncTime>11420000</SyncTime>
</Esri>
<dataIdInfo>
<idAbs>&lt;div style="text-align:Left;"&gt;&lt;div&gt;&lt;div&gt;&lt;p&gt;&lt;span&gt;NATMAPcarbon is derived from the 1:250,000 scale National Soil Map and the 1:100,000 scale Corine land cover 2000 map. It provides users with a summary of the stock of carbon in the soils across England and Wales at three layer depths 0-30 cm, 30-100 cm and 100-150 cm.&lt;/span&gt;&lt;/p&gt;&lt;p&gt;&lt;/p&gt;&lt;p&gt;&lt;span&gt;NATMAPcarbon is useful for anyone wanting information on the expected carbon stock in the soils of England and Wales. This data is used as part of the Greenhouse Gas Inventory&lt;/span&gt;&lt;/p&gt;&lt;/div&gt;&lt;/div&gt;&lt;/div&gt;</idAbs>
<idCitation>
<resTitle>NATMAPcarbon</resTitle>
<date>
<pubDate>2026-03-31T00:00:00</pubDate>
</date>
<presForm>
<PresFormCd value="005">
</PresFormCd>
</presForm>
<resAltTitle>NATMAPcarbon</resAltTitle>
<collTitle>LandIS</collTitle>
</idCitation>
<dataExt>
<exDesc>England and Wales</exDesc>
<geoEle>
<GeoBndBox>
<westBL Sync="FALSE">-5.80</westBL>
<eastBL Sync="FALSE">1.80</eastBL>
<northBL Sync="FALSE">55.80</northBL>
<southBL Sync="FALSE">49.80</southBL>
<exTypeCode>1</exTypeCode>
</GeoBndBox>
</geoEle>
</dataExt>
<searchKeys>
<keyword>NATMAP</keyword>
<keyword>soil</keyword>
<keyword>soil map</keyword>
<keyword>carbon</keyword>
<keyword>soil type</keyword>
</searchKeys>
<idPurp>NATMAPcarbon is a soil organic carbon map derived from the 1:250,000 scale National Soil Map and the 1:100,000 scale Corine land cover 2000 map. It provides users with a summary of the stock of carbon in the soils across England and Wales at three layer depths 0-30 cm, 30-100 cm and 100-150 cm.</idPurp>
<idCredit>© Cranfield University and the Controller of HMSO</idCredit>
<resConst>
<Consts>
<useLimit>&lt;div style="text-align:Left;"&gt;&lt;div&gt;&lt;div&gt;&lt;p&gt;&lt;span&gt;Data originated from the Cranfield University, Land Information System LandIS® Portal licensed under "Cranfield &amp;amp; Defra Open Data Licence v1.0" 2026&lt;/span&gt;&lt;/p&gt;&lt;/div&gt;&lt;/div&gt;&lt;/div&gt;</useLimit>
</Consts>
</resConst>
<resConst>
<LegConsts>
<accessConsts>
<RestrictCd value="005">
</RestrictCd>
</accessConsts>
<useConsts>
<RestrictCd value="005">
</RestrictCd>
</useConsts>
<useLimit>Data originated from the Cranfield University, Land Information System LandIS® Portal licensed under "Cranfield &amp; Defra Open Data Licence v1.0" 2026</useLimit>
<othConsts>Data originated from the Cranfield University, Land Information System LandIS® Portal licensed under "Cranfield &amp; Defra Open Data Licence v1.0" 2026</othConsts>
</LegConsts>
</resConst>
<dataLang>
<languageCode value="eng">
</languageCode>
<countryCode value="GB" Sync="FALSE">
</countryCode>
</dataLang>
<dataChar>
<CharSetCd value="004">
</CharSetCd>
</dataChar>
<spatRpType>
<SpatRepTypCd value="001" Sync="TRUE">
</SpatRepTypCd>
</spatRpType>
<dataScale>
<equScale>
<rfDenom>250000</rfDenom>
</equScale>
</dataScale>
<envirDesc Sync="FALSE">Esri ArcGIS 13.4.0.55405</envirDesc>
<idStatus>
<ProgCd value="001">
</ProgCd>
</idStatus>
<resMaint>
<maintFreq>
<MaintFreqCd value="010">
</MaintFreqCd>
</maintFreq>
</resMaint>
<otherKeys>
<thesaName>
<resTitle>GEMET - INSPIRE themes, version 1.0</resTitle>
</thesaName>
<keyword>soil</keyword>
</otherKeys>
<otherKeys>
<thesaName>
<resTitle>GEMET - Concepts, version 2.3</resTitle>
</thesaName>
<keyword>soil map</keyword>
<keyword>carbon</keyword>
<keyword>soil type</keyword>
</otherKeys>
<tpCat>
<TopicCatCd value="008">
</TopicCatCd>
</tpCat>
</dataIdInfo>
<mdLang>
<languageCode value="eng">
</languageCode>
<countryCode value="GBR" Sync="TRUE">
</countryCode>
</mdLang>
<mdHrLv>
<ScopeCd value="005">
</ScopeCd>
</mdHrLv>
<mdHrLvName>dataset</mdHrLvName>
<mdFileID>NATMAPcarbon</mdFileID>
<mdChar>
<CharSetCd value="004">
</CharSetCd>
</mdChar>
<mdDateSt>2026-03-31</mdDateSt>
<mdContact>
<rpIndName>LandIS Administrator</rpIndName>
<rpOrgName>Cranfield University</rpOrgName>
<rpPosName>Administrator</rpPosName>
<rpCntInfo>
<cntAddress addressType="postal">
<eMailAdd>landis@cranfield.ac.uk</eMailAdd>
<delPoint>Building 121, Cranfield University</delPoint>
<city>Cranfield</city>
<adminArea>Bedfordshire</adminArea>
<postCode>MK43 0AL</postCode>
<country>GB</country>
</cntAddress>
<cntPhone>
<voiceNum>+44 (0) 1234 75 0111</voiceNum>
</cntPhone>
<cntOnlineRes>
<linkage>https://www.landis.org.uk</linkage>
</cntOnlineRes>
<cntHours>9am-5pm (United Kingdom Time)</cntHours>
<cntInstr>Please email us in the first instance.</cntInstr>
</rpCntInfo>
<role>
<RoleCd value="007">
</RoleCd>
</role>
</mdContact>
<dqInfo>
<dqScope>
<scpLvl>
<ScopeCd value="005">
</ScopeCd>
</scpLvl>
</dqScope>
<dataLineage>
<statement>Validation - the dataset was carefully checked in a cartographical process by SSLRC Geographical Systems Group</statement>
</dataLineage>
<report type="DQDomConsis">
<measResult>
<ConResult>
<conSpec>
<resTitle>INSPIRE Metadata Implementing Rules: Technical Guidelines based on EN ISO 19115 and EN ISO 19119 ( Revised edition)</resTitle>
<date>
<pubDate>2026-03-31T00:00:00</pubDate>
</date>
</conSpec>
<conExpl>See the referenced specification</conExpl>
<conPass>1</conPass>
</ConResult>
</measResult>
</report>
</dqInfo>
<distInfo>
<distTranOps>
<onLineSrc>
<linkage>http://www.landis.org.uk/</linkage>
<protocol>WWW:LINK-1.0-http--samples</protocol>
<orName>LandIS website</orName>
<orDesc>LandIS website</orDesc>
</onLineSrc>
</distTranOps>
</distInfo>
<refSysInfo>
<RefSystem>
<refSysID>
<identCode code="British National Grid">
</identCode>
<idCodeSpace>EPSG</idCodeSpace>
<idVersion>6.3(3.0.1)</idVersion>
</refSysID>
</RefSystem>
</refSysInfo>
<mdMaint>
<maintFreq>
<MaintFreqCd value="010">
</MaintFreqCd>
</maintFreq>
</mdMaint>
<eainfo>
<detailed Name="NATMAPcarbon">
<enttyp>
<enttypl>NATMAPcarbon</enttypl>
<enttypt>Feature Class</enttypt>
<enttypc>165982</enttypc>
</enttyp>
<attr>
<attrlabl>OBJECTID</attrlabl>
<attalias>OBJECTID</attalias>
<attrtype>OID</attrtype>
<attwidth>4</attwidth>
<atprecis>0</atprecis>
<attscale>0</attscale>
<attrdef>Internal feature number.</attrdef>
<attrdefs>Esri</attrdefs>
<attrdomv>
<udom>Sequential unique whole numbers that are automatically generated.</udom>
</attrdomv>
</attr>
<attr>
<attrlabl>Shape</attrlabl>
<attalias>Shape</attalias>
<attrtype>Geometry</attrtype>
<attwidth>0</attwidth>
<atprecis>0</atprecis>
<attscale>0</attscale>
<attrdef>Feature geometry.</attrdef>
<attrdefs>Esri</attrdefs>
<attrdomv>
<udom>Coordinates defining the features.</udom>
</attrdomv>
</attr>
<attr>
<attrlabl>AV_OC_30</attrlabl>
<attalias>AV_OC_30</attalias>
<attrtype>Double</attrtype>
<attwidth>8</attwidth>
<atprecis>0</atprecis>
<attscale>0</attscale>
<attrdef>Average Organic Carbon between 0 and 30 cm depth (%)</attrdef>
<attrdefs>Esri</attrdefs>
</attr>
<attr>
<attrlabl>MN_OC_30</attrlabl>
<attalias>MIN_OC_30</attalias>
<attrtype>Double</attrtype>
<attwidth>8</attwidth>
<atprecis>0</atprecis>
<attscale>0</attscale>
<attrdef>Minimum Organic Carbon between 0 and 30 cm depth (%)</attrdef>
<attrdefs>Esri</attrdefs>
</attr>
<attr>
<attrlabl>MX_OC_30</attrlabl>
<attalias>MAX_OC_30</attalias>
<attrtype>Double</attrtype>
<attwidth>8</attwidth>
<atprecis>0</atprecis>
<attscale>0</attscale>
<attrdef>Maximum Organic Carbon between 0 and 30 cm depth (%)</attrdef>
<attrdefs>Esri</attrdefs>
</attr>
<attr>
<attrlabl>AV_OC_100</attrlabl>
<attalias>AV_OC_100</attalias>
<attrtype>Double</attrtype>
<attwidth>8</attwidth>
<atprecis>0</atprecis>
<attscale>0</attscale>
<attrdef>Average Organic Carbon between 30 and 100 cm depth (%)</attrdef>
<attrdefs>Esri</attrdefs>
</attr>
<attr>
<attrlabl>MN_OC_100</attrlabl>
<attalias>MIN_OC_100</attalias>
<attrtype>Double</attrtype>
<attwidth>8</attwidth>
<atprecis>0</atprecis>
<attscale>0</attscale>
<attrdef>Minimum Organic Carbon between 30 and 100 cm depth (%)</attrdef>
<attrdefs>Esri</attrdefs>
</attr>
<attr>
<attrlabl>MX_OC_100</attrlabl>
<attalias>MAX_OC_100</attalias>
<attrtype>Double</attrtype>
<attwidth>8</attwidth>
<atprecis>0</atprecis>
<attscale>0</attscale>
<attrdef>Maximum Organic Carbon between 30 and 100 cm depth (%)</attrdef>
<attrdefs>Esri</attrdefs>
</attr>
<attr>
<attrlabl>AV_OC_150</attrlabl>
<attalias>AV_OC_150</attalias>
<attrtype>Double</attrtype>
<attwidth>8</attwidth>
<atprecis>0</atprecis>
<attscale>0</attscale>
<attrdef>Average Organic Carbon between 100 and 150 cm depth (%)</attrdef>
<attrdefs>Esri</attrdefs>
</attr>
<attr>
<attrlabl>MN_OC_150</attrlabl>
<attalias>MIN_OC_150</attalias>
<attrtype>Double</attrtype>
<attwidth>8</attwidth>
<atprecis>0</atprecis>
<attscale>0</attscale>
<attrdef>Minimum Organic Carbon between 100 and 150 cm depth (%)</attrdef>
<attrdefs>Esri</attrdefs>
</attr>
<attr>
<attrlabl>MX_OC_150</attrlabl>
<attalias>MAX_OC_150</attalias>
<attrtype>Double</attrtype>
<attwidth>8</attwidth>
<atprecis>0</atprecis>
<attscale>0</attscale>
<attrdef>Maximum Organic Carbon between 100 and 150 cm depth (%)</attrdef>
<attrdefs>Esri</attrdefs>
</attr>
<attr>
<attrlabl>AV_STK_30</attrlabl>
<attalias>AV_STK_30</attalias>
<attrtype>Double</attrtype>
<attwidth>8</attwidth>
<atprecis>0</atprecis>
<attscale>0</attscale>
<attrdef>Average Stock of Organic Carbon between 0 and 30 cm depth (Kg/m2)</attrdef>
<attrdefs>Esri</attrdefs>
</attr>
<attr>
<attrlabl>MN_STK_30</attrlabl>
<attalias>MIN_STK_30</attalias>
<attrtype>Double</attrtype>
<attwidth>8</attwidth>
<atprecis>0</atprecis>
<attscale>0</attscale>
<attrdef>Minimum Stock of Organic Carbon between 0 and 30 cm depth (Kg/m2)</attrdef>
<attrdefs>Esri</attrdefs>
</attr>
<attr>
<attrlabl>MX_STK_30</attrlabl>
<attalias>MAX_STK_30</attalias>
<attrtype>Double</attrtype>
<attwidth>8</attwidth>
<atprecis>0</atprecis>
<attscale>0</attscale>
<attrdef>Maximum Stock of Organic Carbon between 0 and 30 cm depth (Kg/m2)</attrdef>
<attrdefs>Esri</attrdefs>
</attr>
<attr>
<attrlabl>AV_STK_100</attrlabl>
<attalias>AV_STK_100</attalias>
<attrtype>Double</attrtype>
<attwidth>8</attwidth>
<atprecis>0</atprecis>
<attscale>0</attscale>
<attrdef>Average Stock of Organic Carbon between 30 and 100 cm depth (Kg/m2)</attrdef>
<attrdefs>Esri</attrdefs>
</attr>
<attr>
<attrlabl>MN_STK_100</attrlabl>
<attalias>MIN_STK_10</attalias>
<attrtype>Double</attrtype>
<attwidth>8</attwidth>
<atprecis>0</atprecis>
<attscale>0</attscale>
<attrdef>Minimum Stock of Organic Carbon between 30 and 100 cm depth (Kg/m2)</attrdef>
<attrdefs>Esri</attrdefs>
</attr>
<attr>
<attrlabl>MX_STK_100</attrlabl>
<attalias>MAX_STK_10</attalias>
<attrtype>Double</attrtype>
<attwidth>8</attwidth>
<atprecis>0</atprecis>
<attscale>0</attscale>
<attrdef>Maximum Stock of Organic Carbon between 30 and 100 cm depth (Kg/m2)</attrdef>
<attrdefs>Esri</attrdefs>
</attr>
<attr>
<attrlabl>AV_STK_150</attrlabl>
<attalias>AV_STK_150</attalias>
<attrtype>Double</attrtype>
<attwidth>8</attwidth>
<atprecis>0</atprecis>
<attscale>0</attscale>
<attrdef>Average Stock of Organic Carbon between 100 and 150 cm depth (Kg/m2)</attrdef>
<attrdefs>Esri</attrdefs>
</attr>
<attr>
<attrlabl>MN_STK_150</attrlabl>
<attalias>MIN_STK_15</attalias>
<attrtype>Double</attrtype>
<attwidth>8</attwidth>
<atprecis>0</atprecis>
<attscale>0</attscale>
<attrdef>Minimum Stock of Organic Carbon between 100 and 150 cm depth (Kg/m2)</attrdef>
<attrdefs>Esri</attrdefs>
</attr>
<attr>
<attrlabl>MX_STK_150</attrlabl>
<attalias>MAX_STK_15</attalias>
<attrtype>Double</attrtype>
<attwidth>8</attwidth>
<atprecis>0</atprecis>
<attscale>0</attscale>
<attrdef>Maximum Stock of Organic Carbon between 100 and 150 cm depth (Kg/m2)</attrdef>
<attrdefs>Esri</attrdefs>
</attr>
<attr>
<attrlabl>TOPOCCLASS</attrlabl>
<attalias>TOPCARBCLASS</attalias>
<attrtype>String</attrtype>
<attwidth>12</attwidth>
<atprecis>0</atprecis>
<attscale>0</attscale>
<attrdef>Topsoil organic carbon class</attrdef>
<attrdefs>Esri</attrdefs>
</attr>
<attr>
<attrlabl>TOPOMCLASS</attrlabl>
<attalias>TOPOMCLASS</attalias>
<attrtype>String</attrtype>
<attwidth>12</attwidth>
<atprecis>0</atprecis>
<attscale>0</attscale>
<attrdef>Topsoil organic matter class</attrdef>
<attrdefs>Esri</attrdefs>
</attr>
<attr>
<attrlabl>Shape_Length</attrlabl>
<attalias>Shape_Length</attalias>
<attrtype>Double</attrtype>
<attwidth>8</attwidth>
<atprecis>0</atprecis>
<attscale>0</attscale>
<attrdef>Length of feature in internal units.</attrdef>
<attrdefs>Esri</attrdefs>
<attrdomv>
<udom>Positive real numbers that are automatically generated.</udom>
</attrdomv>
</attr>
<attr>
<attrlabl>Shape_Area</attrlabl>
<attalias>Shape_Area</attalias>
<attrtype>Double</attrtype>
<attwidth>8</attwidth>
<atprecis>0</atprecis>
<attscale>0</attscale>
<attrdef>Area of feature in internal units squared.</attrdef>
<attrdefs>Esri</attrdefs>
<attrdomv>
<udom>Positive real numbers that are automatically generated.</udom>
</attrdomv>
</attr>
</detailed>
</eainfo>
<spatRepInfo>
<VectSpatRep>
<topLvl>
<TopoLevCd value="001" Sync="TRUE">
</TopoLevCd>
</topLvl>
<geometObjs Name="NATMAPcarbon">
<geoObjTyp>
<GeoObjTypCd value="002" Sync="TRUE">
</GeoObjTypCd>
</geoObjTyp>
<geoObjCnt>165982</geoObjCnt>
</geometObjs>
</VectSpatRep>
</spatRepInfo>
<mdParentID>LandIS</mdParentID>
<mdStanName>ArcGIS Metadata</mdStanName>
<mdStanVer>1.0</mdStanVer>
<spdoinfo>
<ptvctinf>
<esriterm Name="NATMAPcarbon">
<efeatyp Sync="TRUE">Simple</efeatyp>
<efeageom code="4" Sync="TRUE">
</efeageom>
<esritopo Sync="TRUE">FALSE</esritopo>
<efeacnt Sync="TRUE">165982</efeacnt>
<spindex Sync="TRUE">TRUE</spindex>
<linrefer Sync="TRUE">FALSE</linrefer>
</esriterm>
</ptvctinf>
</spdoinfo>
</metadata>
