<?xml version="1.0" encoding="UTF-8"?>
<metadata xml:lang="en">
<Esri>
<CreaDate>20250911</CreaDate>
<CreaTime>11472300</CreaTime>
<ArcGISFormat>1.0</ArcGISFormat>
<ArcGISProfile>ISO19139</ArcGISProfile>
<DataProperties>
<itemProps>
<imsContentType Sync="TRUE">002</imsContentType>
<itemName Sync="TRUE">NSIprofile</itemName>
<nativeExtBox>
<westBL Sync="TRUE">91000.000000</westBL>
<eastBL Sync="TRUE">651000.000000</eastBL>
<southBL Sync="TRUE">11000.000000</southBL>
<northBL Sync="TRUE">656000.000000</northBL>
<exTypeCode Sync="TRUE">1</exTypeCode>
</nativeExtBox>
</itemProps>
<coordRef>
<type Sync="TRUE">Projected</type>
<geogcsn Sync="TRUE">GCS_OSGB_1936</geogcsn>
<csUnits Sync="TRUE">Linear Unit: Meter (1.000000)</csUnits>
<projcsn Sync="TRUE">British_National_Grid</projcsn>
<peXml Sync="TRUE">&lt;ProjectedCoordinateSystem xsi:type='typens:ProjectedCoordinateSystem' xmlns:xsi='http://www.w3.org/2001/XMLSchema-instance' xmlns:xs='http://www.w3.org/2001/XMLSchema' xmlns:typens='http://www.esri.com/schemas/ArcGIS/3.4.0'&gt;&lt;WKT&gt;PROJCS[&amp;quot;British_National_Grid&amp;quot;,GEOGCS[&amp;quot;GCS_OSGB_1936&amp;quot;,DATUM[&amp;quot;D_OSGB_1936&amp;quot;,SPHEROID[&amp;quot;Airy_1830&amp;quot;,6377563.396,299.3249646]],PRIMEM[&amp;quot;Greenwich&amp;quot;,0.0],UNIT[&amp;quot;Degree&amp;quot;,0.0174532925199433]],PROJECTION[&amp;quot;Transverse_Mercator&amp;quot;],PARAMETER[&amp;quot;False_Easting&amp;quot;,400000.0],PARAMETER[&amp;quot;False_Northing&amp;quot;,-100000.0],PARAMETER[&amp;quot;Central_Meridian&amp;quot;,-2.0],PARAMETER[&amp;quot;Scale_Factor&amp;quot;,0.9996012717],PARAMETER[&amp;quot;Latitude_Of_Origin&amp;quot;,49.0],UNIT[&amp;quot;Meter&amp;quot;,1.0],AUTHORITY[&amp;quot;EPSG&amp;quot;,27700]]&lt;/WKT&gt;&lt;XOrigin&gt;-5220400&lt;/XOrigin&gt;&lt;YOrigin&gt;-15524400&lt;/YOrigin&gt;&lt;XYScale&gt;450481592.76709664&lt;/XYScale&gt;&lt;ZOrigin&gt;-100000&lt;/ZOrigin&gt;&lt;ZScale&gt;10000&lt;/ZScale&gt;&lt;MOrigin&gt;-100000&lt;/MOrigin&gt;&lt;MScale&gt;10000&lt;/MScale&gt;&lt;XYTolerance&gt;0.001&lt;/XYTolerance&gt;&lt;ZTolerance&gt;0.001&lt;/ZTolerance&gt;&lt;MTolerance&gt;0.001&lt;/MTolerance&gt;&lt;HighPrecision&gt;true&lt;/HighPrecision&gt;&lt;WKID&gt;27700&lt;/WKID&gt;&lt;LatestWKID&gt;27700&lt;/LatestWKID&gt;&lt;/ProjectedCoordinateSystem&gt;</peXml>
</coordRef>
</DataProperties>
<scaleRange>
<minScale>12361654.404744</minScale>
<maxScale>5000</maxScale>
</scaleRange>
<ModDate>20251001</ModDate>
<ModTime>12033400</ModTime>
<SyncOnce>FALSE</SyncOnce>
<SyncDate>20251001</SyncDate>
<SyncTime>11473000</SyncTime>
</Esri>
<dataIdInfo>
<idAbs>&lt;div style="text-align:Left;"&gt;&lt;div&gt;&lt;p&gt;&lt;span&gt;The NSI dataset is a unique collection of a vast range of detailed information. Based on a systematic grid, spaced at 5 km intervals, the NSI data can be used in geostatisticical methods as well as a more general information source. Recent studies have included the use of this data in sophisticated erosion modelling. This data is essential for those trying to build up a detailed picture, for example, of chemical trends across England and Wales.&lt;/span&gt;&lt;/p&gt;&lt;p&gt;&amp;nbsp;&lt;/p&gt;&lt;p&gt;&lt;span&gt;The National Soil Inventory (NSI) profile data is a spatial, point dataset with 6127 points, located in a 5 km grid across England and Wales. NSI profile provides a very detailed description of the soil profile at the NSI point. From the texture of the soil to the mottle size and colour, many observations are recorded within this fundamental dataset. Because of the detail of this survey, it is easy to get a good understanding of the soils at the NSI points. Combining this data with chemical NSI data from the NSI topsoil datasets may reveal otherwise hidden trends in the soils of England and Wales.&lt;/span&gt;&lt;/p&gt;&lt;p&gt;&amp;nbsp;&lt;/p&gt;&lt;p&gt;&lt;span&gt;NSI Summary&lt;/span&gt;&lt;/p&gt;&lt;p&gt;&amp;nbsp;&lt;/p&gt;&lt;p&gt;&lt;span&gt;NSI features derives many parameters beneficial for modelling soils. These parameters, derived from readings and measurements taken at the NSI site include the depth from the surface to various layers, as well as providing information on the amount of risk that is posed to this soil by erosion and flooding. This dataset will prove important for those wanting a good understanding of the depths of the various layers in the soil profile, and those interested in mapping risks.&lt;/span&gt;&lt;/p&gt;&lt;p&gt;&amp;nbsp;&lt;/p&gt;&lt;p&gt;&lt;span&gt;NSI data covers England and Wales on a regular 5 km grid and provides detailed information of the soil series and a soil profile description for each intersect of the grid. It also contains samples and analysis of the soil at the location for the topsoil (0-15cm). Information extracted: soil series (for peat&lt;/span&gt;&lt;br&gt;&lt;span&gt;presence) and peat depth. Analytical information from the soil sample was used to characterise the organic carbon content for peat soils.&lt;/span&gt;&lt;/p&gt;&lt;/div&gt;&lt;/div&gt;</idAbs>
<idCitation>
<resTitle>NSIprofile</resTitle>
<date>
<pubDate>2026-03-31T00:00:00</pubDate>
</date>
<presForm>
<PresFormCd value="005">
</PresFormCd>
</presForm>
<resAltTitle>NSIprofile</resAltTitle>
<collTitle>LandIS</collTitle>
</idCitation>
<dataExt>
<exDesc>England and Wales</exDesc>
<geoEle>
<GeoBndBox>
<westBL Sync="FALSE">-5.80</westBL>
<eastBL Sync="FALSE">1.80</eastBL>
<northBL Sync="FALSE">55.80</northBL>
<southBL Sync="FALSE">49.80</southBL>
<exTypeCode>1</exTypeCode>
</GeoBndBox>
</geoEle>
</dataExt>
<searchKeys>
<keyword>NSI</keyword>
<keyword>Soil</keyword>
<keyword>soil type</keyword>
<keyword>soil profile</keyword>
<keyword>soil layer</keyword>
<keyword>soil texture</keyword>
<keyword>soil structure</keyword>
<keyword>peat</keyword>
</searchKeys>
<idPurp>The National Soil Inventory (NSI) profile data is a spatial, point dataset with 6127 points, located in a 5 km grid across England and Wales. NSI profile provides a very detailed description of the soil profile at the NSI point.</idPurp>
<idCredit>© Cranfield University and the Controller of HMSO</idCredit>
<resConst>
<Consts>
<useLimit>&lt;div style="text-align:Left;"&gt;&lt;div&gt;&lt;p&gt;&lt;span&gt;Data originated from the Cranfield University, Land Information System LandIS® Portal licensed under "Cranfield &amp;amp; Defra Open Data Licence v1.0" 2026&lt;/span&gt;&lt;/p&gt;&lt;/div&gt;&lt;/div&gt;</useLimit>
</Consts>
</resConst>
<resConst>
<LegConsts>
<accessConsts>
<RestrictCd value="005">
</RestrictCd>
</accessConsts>
<useConsts>
<RestrictCd value="005">
</RestrictCd>
</useConsts>
<useLimit>Data originated from the Cranfield University, Land Information System LandIS® Portal licensed under "Cranfield &amp; Defra Open Data Licence v1.0" 2026</useLimit>
<othConsts>Data originated from the Cranfield University, Land Information System LandIS® Portal licensed under "Cranfield &amp; Defra Open Data Licence v1.0" 2026</othConsts>
</LegConsts>
</resConst>
<dataLang>
<languageCode value="eng">
</languageCode>
<countryCode value="GB" Sync="FALSE">
</countryCode>
</dataLang>
<dataChar>
<CharSetCd value="004">
</CharSetCd>
</dataChar>
<spatRpType>
<SpatRepTypCd value="003">
</SpatRepTypCd>
</spatRpType>
<dataScale>
<equScale>
<rfDenom>250000</rfDenom>
</equScale>
</dataScale>
<envirDesc Sync="FALSE">Esri ArcGIS 13.4.0.55405</envirDesc>
<idStatus>
<ProgCd value="001">
</ProgCd>
</idStatus>
<graphOver>
<bgFileName>http://www.landis.org.uk/data/images/nsitorquay40.gif</bgFileName>
<bgFileDesc>thumbnail</bgFileDesc>
<bgFileType>png</bgFileType>
</graphOver>
<resMaint>
<maintFreq>
<MaintFreqCd value="010">
</MaintFreqCd>
</maintFreq>
</resMaint>
<otherKeys>
<thesaName>
<resTitle>GEMET - INSPIRE themes, version 1.0</resTitle>
</thesaName>
<keyword>Soil</keyword>
</otherKeys>
<otherKeys>
<thesaName>
<resTitle>GEMET - Concepts, version 2.3</resTitle>
</thesaName>
<keyword>soil type</keyword>
<keyword>soil profile</keyword>
<keyword>soil layer</keyword>
<keyword>soil texture</keyword>
<keyword>soil structure</keyword>
<keyword>peat</keyword>
</otherKeys>
<tpCat>
<TopicCatCd value="008">
</TopicCatCd>
</tpCat>
</dataIdInfo>
<mdLang>
<languageCode value="eng">
</languageCode>
<countryCode value="GBR" Sync="TRUE">
</countryCode>
</mdLang>
<mdHrLv>
<ScopeCd value="005">
</ScopeCd>
</mdHrLv>
<mdHrLvName>dataset</mdHrLvName>
<mdFileID>NSIprofile</mdFileID>
<mdChar>
<CharSetCd value="004">
</CharSetCd>
</mdChar>
<mdDateSt>2026-03-31</mdDateSt>
<mdContact>
<rpIndName>LandIS Administrator</rpIndName>
<rpOrgName>Cranfield University</rpOrgName>
<rpPosName>Administrator</rpPosName>
<rpCntInfo>
<cntAddress addressType="postal">
<eMailAdd>landis@cranfield.ac.uk</eMailAdd>
<delPoint>Building 121, Cranfield University</delPoint>
<city>Cranfield</city>
<adminArea>Bedfordshire</adminArea>
<postCode>MK43 0AL</postCode>
<country>GB</country>
</cntAddress>
<cntPhone>
<voiceNum>+44 (0) 1234 75 0111</voiceNum>
</cntPhone>
<cntOnlineRes>
<linkage>https://www.landis.org.uk</linkage>
</cntOnlineRes>
<cntHours>9am-5pm (United Kingdom Time)</cntHours>
<cntInstr>Please email us in the first instance.</cntInstr>
</rpCntInfo>
<role>
<RoleCd value="007">
</RoleCd>
</role>
</mdContact>
<dqInfo>
<dqScope>
<scpLvl>
<ScopeCd value="005">
</ScopeCd>
</scpLvl>
</dqScope>
<dataLineage>
<statement>The original NSI field records were recorded in digital format by an agency. The resulting files were processed through a comprehensive validation process, checking values, ranges and logical cross checks with other attributes. However it must be noted that errors during the entry procedure and inconsistent recording by surveyors means that the accuracy can not be guaranteed. The analytical data has been checked to make sure the data is within acceptable ranges f
or the element.</statement>
</dataLineage>
<report type="DQDomConsis">
<measResult>
<ConResult>
<conSpec>
<resTitle>INSPIRE Metadata Implementing Rules: Technical Guidelines based on EN ISO 19115 and EN ISO 19119 ( Revised edition)</resTitle>
<date>
<pubDate>2026-03-31T00:00:00</pubDate>
</date>
</conSpec>
<conExpl>See the referenced specification</conExpl>
<conPass>true</conPass>
</ConResult>
</measResult>
</report>
</dqInfo>
<distInfo>
<distTranOps>
<onLineSrc>
<linkage>http://www.landis.org.uk/</linkage>
<protocol>WWW:LINK-1.0-http--samples</protocol>
<orName>LandIS website</orName>
<orDesc>LandIS website</orDesc>
</onLineSrc>
</distTranOps>
</distInfo>
<refSysInfo>
<RefSystem>
<refSysID>
<identCode code="British National Grid">
</identCode>
<idCodeSpace>EPSG</idCodeSpace>
<idVersion>6.3(3.0.1)</idVersion>
</refSysID>
</RefSystem>
</refSysInfo>
<mdMaint>
<maintFreq>
<MaintFreqCd value="010">
</MaintFreqCd>
</maintFreq>
</mdMaint>
<eainfo>
<detailed Name="NSIprofile">
<enttyp>
<enttypl>NSIprofile</enttypl>
<enttypt>Feature Class</enttypt>
<enttypc>20590</enttypc>
</enttyp>
<attr>
<attrlabl>OBJECTID</attrlabl>
<attalias>OBJECTID</attalias>
<attrtype>OID</attrtype>
<attwidth>4</attwidth>
<atprecis>0</atprecis>
<attscale>0</attscale>
<attrdef>Internal feature number.</attrdef>
<attrdefs>Esri</attrdefs>
<attrdomv>
<udom>Sequential unique whole numbers that are automatically generated.</udom>
</attrdomv>
</attr>
<attr>
<attrlabl>Shape</attrlabl>
<attalias>Shape</attalias>
<attrtype>Geometry</attrtype>
<attwidth>0</attwidth>
<atprecis>0</atprecis>
<attscale>0</attscale>
<attrdef>Feature geometry.</attrdef>
<attrdefs>Esri</attrdefs>
<attrdomv>
<udom>Coordinates defining the features.</udom>
</attrdomv>
</attr>
<attr>
<attrlabl>NSI_ID</attrlabl>
<attalias>NSI_ID</attalias>
<attrtype>Double</attrtype>
<attwidth>8</attwidth>
<atprecis>0</atprecis>
<attscale>0</attscale>
<attrdef>Identification number for each 5 km cell in the UK calculated as (TRUNC(NORTHING/5000)*140+TRUNC(EASTING/5000))</attrdef>
<attrdefs>Esri</attrdefs>
</attr>
<attr>
<attrlabl>EAST_NSI</attrlabl>
<attalias>EAST_NSI</attalias>
<attrtype>Double</attrtype>
<attwidth>8</attwidth>
<atprecis>0</atprecis>
<attscale>0</attscale>
<attrdef>National Grid reference easting at 5 km resolution with 1 km offset from true grid</attrdef>
<attrdefs>Esri</attrdefs>
</attr>
<attr>
<attrlabl>NORTH_NSI</attrlabl>
<attalias>NORTH_NSI</attalias>
<attrtype>Double</attrtype>
<attwidth>8</attwidth>
<atprecis>0</atprecis>
<attscale>0</attscale>
<attrdef>National Grid reference northing at 5 km resolution with 1 km offset from true grid</attrdef>
<attrdefs>Esri</attrdefs>
</attr>
<attr>
<attrlabl>EASTING</attrlabl>
<attalias>EASTING</attalias>
<attrtype>Double</attrtype>
<attwidth>8</attwidth>
<atprecis>0</atprecis>
<attscale>0</attscale>
<attrdef>National Grid reference easting</attrdef>
<attrdefs>Esri</attrdefs>
</attr>
<attr>
<attrlabl>NORTHING</attrlabl>
<attalias>NORTHING</attalias>
<attrtype>Double</attrtype>
<attwidth>8</attwidth>
<atprecis>0</atprecis>
<attscale>0</attscale>
<attrdef>National Grid reference northing</attrdef>
<attrdefs>Esri</attrdefs>
</attr>
<attr>
<attrlabl>UPPERDEPTH</attrlabl>
<attalias>UPPER_DEPT</attalias>
<attrtype>Double</attrtype>
<attwidth>8</attwidth>
<atprecis>0</atprecis>
<attscale>0</attscale>
<attrdef>Horizon upper depth in cm (&lt;0 indicated litter layer)</attrdef>
<attrdefs>Esri</attrdefs>
</attr>
<attr>
<attrlabl>LOWERDEPTH</attrlabl>
<attalias>LOWER_DEPT</attalias>
<attrtype>Double</attrtype>
<attwidth>8</attwidth>
<atprecis>0</atprecis>
<attscale>0</attscale>
<attrdef>Horizon lower depth in cm (999 implies depth below bottom of profile)</attrdef>
<attrdefs>Esri</attrdefs>
</attr>
<attr>
<attrlabl>TEXTURE</attrlabl>
<attalias>TEXTURE</attalias>
<attrtype>String</attrtype>
<attwidth>254</attwidth>
<atprecis>0</atprecis>
<attscale>0</attscale>
<attrdef>Soil texture class (includes particle size class and peat codes)</attrdef>
<attrdefs>Esri</attrdefs>
</attr>
<attr>
<attrlabl>VON_POST</attrlabl>
<attalias>VON_POST</attalias>
<attrtype>String</attrtype>
<attwidth>254</attwidth>
<atprecis>0</atprecis>
<attscale>0</attscale>
<attrdef>Modified version of the Von Post scale for assessing the degree of decomposition of peat</attrdef>
<attrdefs>Esri</attrdefs>
</attr>
<attr>
<attrlabl>EST_CLAY</attrlabl>
<attalias>ESTIMATED_</attalias>
<attrtype>Double</attrtype>
<attwidth>8</attwidth>
<atprecis>0</atprecis>
<attscale>0</attscale>
<attrdef>Clay content (%) estimated in the field</attrdef>
<attrdefs>Esri</attrdefs>
</attr>
<attr>
<attrlabl>EST_SILT</attrlabl>
<attalias>ESTIMATED1</attalias>
<attrtype>Double</attrtype>
<attwidth>8</attwidth>
<atprecis>0</atprecis>
<attscale>0</attscale>
<attrdef>Silt content (%) estimated in the field</attrdef>
<attrdefs>Esri</attrdefs>
</attr>
<attr>
<attrlabl>MATRIX_COL</attrlabl>
<attalias>MATRIX_COL</attalias>
<attrtype>String</attrtype>
<attwidth>254</attwidth>
<atprecis>0</atprecis>
<attscale>0</attscale>
<attrdef>Colour of soil matrix following the Munsell colour notation</attrdef>
<attrdefs>Esri</attrdefs>
</attr>
<attr>
<attrlabl>MOT1_ABUND</attrlabl>
<attalias>MOTTLE_ABU</attalias>
<attrtype>String</attrtype>
<attwidth>254</attwidth>
<atprecis>0</atprecis>
<attscale>0</attscale>
<attrdef>Abundance code for mottles ranging from none to very many</attrdef>
<attrdefs>Esri</attrdefs>
</attr>
<attr>
<attrlabl>MOT1_SIZE</attrlabl>
<attalias>MOTTLE_SIZ</attalias>
<attrtype>String</attrtype>
<attwidth>254</attwidth>
<atprecis>0</atprecis>
<attscale>0</attscale>
<attrdef>Classification of the size of the mottles ranging from extremely fine to coarse</attrdef>
<attrdefs>Esri</attrdefs>
</attr>
<attr>
<attrlabl>MOT1_COL</attrlabl>
<attalias>MOTTLE_COL</attalias>
<attrtype>String</attrtype>
<attwidth>254</attwidth>
<atprecis>0</atprecis>
<attscale>0</attscale>
<attrdef>Colour of mottles following the Munsell colour notation</attrdef>
<attrdefs>Esri</attrdefs>
</attr>
<attr>
<attrlabl>MOT2_ABUND</attrlabl>
<attalias>SUB_MOTTLE</attalias>
<attrtype>String</attrtype>
<attwidth>254</attwidth>
<atprecis>0</atprecis>
<attscale>0</attscale>
<attrdef>Abundance code for subsidiary mottles ranging from none to very many</attrdef>
<attrdefs>Esri</attrdefs>
</attr>
<attr>
<attrlabl>MOT2_SIZE</attrlabl>
<attalias>SUB_MOTT_1</attalias>
<attrtype>String</attrtype>
<attwidth>254</attwidth>
<atprecis>0</atprecis>
<attscale>0</attscale>
<attrdef>Classification of the size of the subsidiary mottles ranging from extremely fine to coarse</attrdef>
<attrdefs>Esri</attrdefs>
</attr>
<attr>
<attrlabl>MOT2_COL</attrlabl>
<attalias>SUB_MOTT_2</attalias>
<attrtype>String</attrtype>
<attwidth>254</attwidth>
<atprecis>0</atprecis>
<attscale>0</attscale>
<attrdef>Colour of subsidiary mottles following the Munsell colour notation</attrdef>
<attrdefs>Esri</attrdefs>
</attr>
<attr>
<attrlabl>STRUCTURE</attrlabl>
<attalias>STRUCTURE</attalias>
<attrtype>String</attrtype>
<attwidth>254</attwidth>
<atprecis>0</atprecis>
<attscale>0</attscale>
<attrdef>Structure code used when generating profile pictures</attrdef>
<attrdefs>Esri</attrdefs>
</attr>
<attr>
<attrlabl>STONEABUND</attrlabl>
<attalias>STONE_ABUN</attalias>
<attrtype>String</attrtype>
<attwidth>254</attwidth>
<atprecis>0</atprecis>
<attscale>0</attscale>
<attrdef>Abundance code for stones</attrdef>
<attrdefs>Esri</attrdefs>
</attr>
<attr>
<attrlabl>STONE_SIZE</attrlabl>
<attalias>STONE_SIZE</attalias>
<attrtype>String</attrtype>
<attwidth>254</attwidth>
<atprecis>0</atprecis>
<attscale>0</attscale>
<attrdef>Size classification for stones</attrdef>
<attrdefs>Esri</attrdefs>
</attr>
<attr>
<attrlabl>STONE_TYPE</attrlabl>
<attalias>STONE_TYPE</attalias>
<attrtype>String</attrtype>
<attwidth>254</attwidth>
<atprecis>0</atprecis>
<attscale>0</attscale>
<attrdef>Classification of stone based on recent Geological Survey and other modern publications</attrdef>
<attrdefs>Esri</attrdefs>
</attr>
<attr>
<attrlabl>CARBONATE</attrlabl>
<attalias>CARBONATE</attalias>
<attrtype>String</attrtype>
<attwidth>254</attwidth>
<atprecis>0</atprecis>
<attscale>0</attscale>
<attrdef>Calcium Carbonate level of soil estimated in the field by observing when a few drops of 10 per cent hydrochloric acid are applied</attrdef>
<attrdefs>Esri</attrdefs>
</attr>
<attr>
<attrlabl>COATING</attrlabl>
<attalias>COATING</attalias>
<attrtype>String</attrtype>
<attwidth>254</attwidth>
<atprecis>0</atprecis>
<attscale>0</attscale>
<attrdef>Description of Coats, which are modifications in the composition and/or the arrangement of soil constituents associated with natural interfaces in soils, such as structure faces, lining voids, surrounding soil particles, nodules or stones</attrdef>
<attrdefs>Esri</attrdefs>
</attr>
<attr>
<attrlabl>NODULES</attrlabl>
<attalias>NODULES</attalias>
<attrtype>String</attrtype>
<attwidth>254</attwidth>
<atprecis>0</atprecis>
<attscale>0</attscale>
<attrdef>Composition or type of nodules (coherent bodies, with sharp boundaries sufficiently discrete to be separated from the soil matrix)</attrdef>
<attrdefs>Esri</attrdefs>
</attr>
<attr>
<attrlabl>POROSITY</attrlabl>
<attalias>POROSITY</attalias>
<attrtype>String</attrtype>
<attwidth>254</attwidth>
<atprecis>0</atprecis>
<attscale>0</attscale>
<attrdef>Classification based on the percentage of macropores (&gt;60um) per unit soil volume</attrdef>
<attrdefs>Esri</attrdefs>
</attr>
<attr>
<attrlabl>ROOTS</attrlabl>
<attalias>ROOTS</attalias>
<attrtype>String</attrtype>
<attwidth>254</attwidth>
<atprecis>0</atprecis>
<attscale>0</attscale>
<attrdef>Roots are described as woody, fibrous or fleshy</attrdef>
<attrdefs>Esri</attrdefs>
</attr>
<attr>
<attrlabl>SOIL_WATER</attrlabl>
<attalias>SOIL_WATER</attalias>
<attrtype>String</attrtype>
<attwidth>254</attwidth>
<atprecis>0</atprecis>
<attscale>0</attscale>
<attrdef>Soil water state (DRY, MOIST or WET)</attrdef>
<attrdefs>Esri</attrdefs>
</attr>
<attr>
<attrlabl>BOUNDARY</attrlabl>
<attalias>BOUNDARY</attalias>
<attrtype>String</attrtype>
<attwidth>254</attwidth>
<atprecis>0</atprecis>
<attscale>0</attscale>
<attrdef>Description of the horizon boundary, depending partly on the contrast between adjacent horizons and partly on the thickness of any transitional zone</attrdef>
<attrdefs>Esri</attrdefs>
</attr>
</detailed>
</eainfo>
<spatRepInfo>
<VectSpatRep>
<topLvl>
<TopoLevCd value="001" Sync="TRUE">
</TopoLevCd>
</topLvl>
<geometObjs Name="NSIprofile">
<geoObjTyp>
<GeoObjTypCd value="004" Sync="TRUE">
</GeoObjTypCd>
</geoObjTyp>
<geoObjCnt>20590</geoObjCnt>
</geometObjs>
</VectSpatRep>
</spatRepInfo>
<mdParentID>LandIS</mdParentID>
<mdStanName>ArcGIS Metadata</mdStanName>
<mdStanVer>1.0</mdStanVer>
<spdoinfo>
<ptvctinf>
<esriterm Name="NSIprofile">
<efeatyp Sync="TRUE">Simple</efeatyp>
<efeageom code="1" Sync="TRUE">
</efeageom>
<esritopo Sync="TRUE">FALSE</esritopo>
<efeacnt Sync="TRUE">20590</efeacnt>
<spindex Sync="TRUE">TRUE</spindex>
<linrefer Sync="TRUE">FALSE</linrefer>
</esriterm>
</ptvctinf>
</spdoinfo>
</metadata>
