<?xml version="1.0" encoding="UTF-8"?>
<metadata xml:lang="en">
<Esri>
<CreaDate>20250916</CreaDate>
<CreaTime>10142000</CreaTime>
<ArcGISFormat>1.0</ArcGISFormat>
<ArcGISProfile>ISO19139</ArcGISProfile>
<DataProperties>
<itemProps>
<imsContentType Sync="TRUE">002</imsContentType>
<itemName Sync="TRUE">SOILSERIES</itemName>
<itemSize Sync="TRUE">0.000</itemSize>
</itemProps>
</DataProperties>
<scaleRange>
<minScale>12361654.404744</minScale>
<maxScale>5000</maxScale>
</scaleRange>
<ModDate>20251001</ModDate>
<ModTime>12053100</ModTime>
<SyncOnce>FALSE</SyncOnce>
<SyncDate>20251001</SyncDate>
<SyncTime>11490500</SyncTime>
</Esri>
<dataIdInfo>
<idAbs>&lt;DIV STYLE="text-align:Left;"&gt;&lt;DIV&gt;&lt;P&gt;&lt;SPAN&gt;List of the basic soil types (or SERIES) which are components of the soil associations on the National Soil Map.&lt;/SPAN&gt;&lt;/P&gt;&lt;/DIV&gt;&lt;/DIV&gt;</idAbs>
<idCitation>
<resTitle>SOILSERIES</resTitle>
<date>
<pubDate>2026-03-31T00:00:00</pubDate>
</date>
<presForm>
<PresFormCd value="005">
</PresFormCd>
</presForm>
<resAltTitle>SOILseries_info</resAltTitle>
<collTitle>LandIS</collTitle>
</idCitation>
<dataExt>
<exDesc>England and Wales</exDesc>
<geoEle>
<GeoBndBox>
<westBL Sync="FALSE">-5.80</westBL>
<eastBL Sync="FALSE">1.80</eastBL>
<northBL Sync="FALSE">55.80</northBL>
<southBL Sync="FALSE">49.80</southBL>
<exTypeCode>1</exTypeCode>
</GeoBndBox>
</geoEle>
</dataExt>
<searchKeys>
<keyword>SOILSERIES</keyword>
<keyword>Soil</keyword>
<keyword>soil type</keyword>
</searchKeys>
<idPurp>Tabular data that can be used in conjunction with any of the NATMAP products except NATMAP soilscapes. SOILSERIES provides basic information on the soil series, including the modern definition of the soil.</idPurp>
<idCredit>© Cranfield University and the Controller of HMSO</idCredit>
<resConst>
<Consts>
<useLimit>&lt;div style="text-align:Left;"&gt;&lt;div&gt;&lt;p&gt;&lt;span&gt;Data originated from the Cranfield University, Land Information System LandIS® Portal licensed under "Cranfield &amp;amp; Defra Open Data Licence v1.0" 2026&lt;/span&gt;&lt;/p&gt;&lt;/div&gt;&lt;/div&gt;</useLimit>
</Consts>
</resConst>
<resConst>
<LegConsts>
<accessConsts>
<RestrictCd value="005">
</RestrictCd>
</accessConsts>
<useConsts>
<RestrictCd value="005">
</RestrictCd>
</useConsts>
<useLimit>Data originated from the Cranfield University, Land Information System LandIS® Portal licensed under "Cranfield &amp; Defra Open Data Licence v1.0" 2026</useLimit>
<othConsts>Data originated from the Cranfield University, Land Information System LandIS® Portal licensed under "Cranfield &amp; Defra Open Data Licence v1.0" 2026</othConsts>
</LegConsts>
</resConst>
<dataLang>
<languageCode value="eng">
</languageCode>
<countryCode value="GB" Sync="FALSE">
</countryCode>
</dataLang>
<dataChar>
<CharSetCd value="004">
</CharSetCd>
</dataChar>
<spatRpType>
<SpatRepTypCd value="003" Sync="TRUE">
</SpatRepTypCd>
</spatRpType>
<dataScale>
<equScale>
<rfDenom>250000</rfDenom>
</equScale>
</dataScale>
<envirDesc Sync="FALSE">Esri ArcGIS 13.4.0.55405</envirDesc>
<idStatus>
<ProgCd value="001">
</ProgCd>
</idStatus>
<graphOver>
<bgFileName>http://www.soil-net.com/sm3objects/Secondary/Horizons.jpg</bgFileName>
<bgFileDesc>thumbnail</bgFileDesc>
<bgFileType>png</bgFileType>
</graphOver>
<resMaint>
<maintFreq>
<MaintFreqCd value="010">
</MaintFreqCd>
</maintFreq>
</resMaint>
<otherKeys>
<thesaName>
<resTitle>GEMET - INSPIRE themes, version 1.0</resTitle>
</thesaName>
<keyword>Soil</keyword>
</otherKeys>
<otherKeys>
<thesaName>
<resTitle>GEMET - Concepts, version 2.3</resTitle>
</thesaName>
<keyword>soil type</keyword>
</otherKeys>
<tpCat>
<TopicCatCd value="008">
</TopicCatCd>
</tpCat>
</dataIdInfo>
<mdLang>
<languageCode value="eng">
</languageCode>
<countryCode value="GBR" Sync="TRUE">
</countryCode>
</mdLang>
<mdHrLv>
<ScopeCd value="005">
</ScopeCd>
</mdHrLv>
<mdHrLvName>dataset</mdHrLvName>
<mdFileID>SOILseries_info</mdFileID>
<mdChar>
<CharSetCd value="004">
</CharSetCd>
</mdChar>
<mdDateSt>2026-03-31</mdDateSt>
<mdContact>
<rpIndName>LandIS Administrator</rpIndName>
<rpOrgName>Cranfield University</rpOrgName>
<rpPosName>Administrator</rpPosName>
<rpCntInfo>
<cntAddress addressType="postal">
<eMailAdd>landis@cranfield.ac.uk</eMailAdd>
<delPoint>Building 121, Cranfield University</delPoint>
<city>Cranfield</city>
<adminArea>Bedfordshire</adminArea>
<postCode>MK43 0AL</postCode>
<country>GB</country>
</cntAddress>
<cntPhone>
<voiceNum>+44 (0) 1234 75 0111</voiceNum>
</cntPhone>
<cntOnlineRes>
<linkage>https://www.landis.org.uk</linkage>
</cntOnlineRes>
<cntHours>9am-5pm (United Kingdom Time)</cntHours>
<cntInstr>Please email us in the first instance.</cntInstr>
</rpCntInfo>
<role>
<RoleCd value="007">
</RoleCd>
</role>
</mdContact>
<dqInfo>
<dqScope>
<scpLvl>
<ScopeCd value="005">
</ScopeCd>
</scpLvl>
</dqScope>
<dataLineage>
<statement>The soil properties associated with each series are derived using a mixture of measured data and expert judgement.</statement>
</dataLineage>
<report type="DQDomConsis">
<measResult>
<ConResult>
<conSpec>
<resTitle>INSPIRE Metadata Implementing Rules: Technical Guidelines based on EN ISO 19115 and EN ISO 19119 ( Revised edition)</resTitle>
<date>
<pubDate>2026-03-31T00:00:00</pubDate>
</date>
</conSpec>
<conExpl>See the referenced specification</conExpl>
<conPass>true</conPass>
</ConResult>
</measResult>
</report>
</dqInfo>
<distInfo>
<distTranOps>
<onLineSrc>
<linkage>http://www.landis.org.uk/</linkage>
<protocol>WWW:LINK-1.0-http--samples</protocol>
<orName>LandIS website</orName>
<orDesc>LandIS website</orDesc>
</onLineSrc>
</distTranOps>
</distInfo>
<refSysInfo>
<RefSystem>
<refSysID>
<identCode code="British National Grid">
</identCode>
<idCodeSpace>EPSG</idCodeSpace>
</refSysID>
</RefSystem>
</refSysInfo>
<mdMaint>
<maintFreq>
<MaintFreqCd value="010">
</MaintFreqCd>
</maintFreq>
</mdMaint>
<eainfo>
<detailed Name="SOILSERIES">
<enttyp>
<enttypl>SOILSERIES</enttypl>
<enttypt>Table</enttypt>
<enttypc>1343</enttypc>
</enttyp>
<attr>
<attrlabl>OBJECTID</attrlabl>
<attalias>OBJECTID</attalias>
<attrtype>OID</attrtype>
<attwidth>4</attwidth>
<atprecis>0</atprecis>
<attscale>0</attscale>
<attrdef>Internal feature number.</attrdef>
<attrdefs>Esri</attrdefs>
<attrdomv>
<udom>Sequential unique whole numbers that are automatically generated.</udom>
</attrdomv>
</attr>
<attr>
<attrlabl>SERIES</attrlabl>
<attalias>SERIES</attalias>
<attrtype>Integer</attrtype>
<attwidth>4</attwidth>
<atprecis>0</atprecis>
<attscale>0</attscale>
<attrdef>Original list of soil series before reclassification to expand the man made raw soils and disturbed soils classifications for urban areas</attrdef>
<attrdefs>Esri</attrdefs>
</attr>
<attr>
<attrlabl>SERIESNAME</attrlabl>
<attalias>SERIESNAME</attalias>
<attrtype>String</attrtype>
<attwidth>30</attwidth>
<atprecis>0</atprecis>
<attscale>0</attscale>
<attrdef>The name of the soil series, the basic unit of soil taxonomic classification, named after the place where they were first described</attrdef>
<attrdefs>Esri</attrdefs>
</attr>
<attr>
<attrlabl>SUBGROUP</attrlabl>
<attalias>SUBGROUP</attalias>
<attrtype>Single</attrtype>
<attwidth>4</attwidth>
<atprecis>0</atprecis>
<attscale>0</attscale>
<attrdef>Number used to define a subgroup incorporating the major group, group and subgroup i.e.3.11, being the third level of soil taxonomic classification based on features which further define the inherent characteristics of the soil material</attrdef>
<attrdefs>Esri</attrdefs>
</attr>
<attr>
<attrlabl>MODDEFN</attrlabl>
<attalias>MODDEFN</attalias>
<attrtype>String</attrtype>
<attwidth>255</attwidth>
<atprecis>0</atprecis>
<attscale>0</attscale>
<attrdef>Definition of the soil series as given in Clayden and Hollis TM17</attrdef>
<attrdefs>Esri</attrdefs>
</attr>
<attr>
<attrlabl>STATE</attrlabl>
<attalias>STATE</attalias>
<attrtype>String</attrtype>
<attwidth>1</attwidth>
<atprecis>0</atprecis>
<attscale>0</attscale>
<attrdef>State of a soil series whether live (L), dead (D), a major group with no series (G) or still pending (P)</attrdef>
<attrdefs>Esri</attrdefs>
</attr>
</detailed>
</eainfo>
<mdParentID>LandIS</mdParentID>
<mdStanName>ArcGIS Metadata</mdStanName>
<mdStanVer>1.0</mdStanVer>
</metadata>
