<?xml version="1.0" encoding="UTF-8"?>
<metadata xml:lang="en">
<Esri>
<CreaDate>20251015</CreaDate>
<CreaTime>09475300</CreaTime>
<ArcGISFormat>1.0</ArcGISFormat>
<ArcGISProfile>ISO19139</ArcGISProfile>
<DataProperties>
<itemProps>
<imsContentType Sync="TRUE">002</imsContentType>
<itemName Sync="TRUE">ALC_CLIMATE_5K_1988</itemName>
<nativeExtBox>
<westBL Sync="TRUE">135000.000000</westBL>
<eastBL Sync="TRUE">655000.000000</eastBL>
<southBL Sync="TRUE">10000.000000</southBL>
<northBL Sync="TRUE">660000.000000</northBL>
<exTypeCode Sync="TRUE">1</exTypeCode>
</nativeExtBox>
</itemProps>
<coordRef>
<type Sync="TRUE">Projected</type>
<geogcsn Sync="TRUE">GCS_OSGB_1936</geogcsn>
<csUnits Sync="TRUE">Linear Unit: Meter (1.000000)</csUnits>
<projcsn Sync="TRUE">British_National_Grid</projcsn>
<peXml Sync="TRUE">&lt;ProjectedCoordinateSystem xsi:type='typens:ProjectedCoordinateSystem' xmlns:xsi='http://www.w3.org/2001/XMLSchema-instance' xmlns:xs='http://www.w3.org/2001/XMLSchema' xmlns:typens='http://www.esri.com/schemas/ArcGIS/3.5.0'&gt;&lt;WKT&gt;PROJCS[&amp;quot;British_National_Grid&amp;quot;,GEOGCS[&amp;quot;GCS_OSGB_1936&amp;quot;,DATUM[&amp;quot;D_OSGB_1936&amp;quot;,SPHEROID[&amp;quot;Airy_1830&amp;quot;,6377563.396,299.3249646]],PRIMEM[&amp;quot;Greenwich&amp;quot;,0.0],UNIT[&amp;quot;Degree&amp;quot;,0.0174532925199433]],PROJECTION[&amp;quot;Transverse_Mercator&amp;quot;],PARAMETER[&amp;quot;False_Easting&amp;quot;,400000.0],PARAMETER[&amp;quot;False_Northing&amp;quot;,-100000.0],PARAMETER[&amp;quot;Central_Meridian&amp;quot;,-2.0],PARAMETER[&amp;quot;Scale_Factor&amp;quot;,0.9996012717],PARAMETER[&amp;quot;Latitude_Of_Origin&amp;quot;,49.0],UNIT[&amp;quot;Meter&amp;quot;,1.0],AUTHORITY[&amp;quot;EPSG&amp;quot;,27700]]&lt;/WKT&gt;&lt;XOrigin&gt;-5220400&lt;/XOrigin&gt;&lt;YOrigin&gt;-15524400&lt;/YOrigin&gt;&lt;XYScale&gt;450481592.76709664&lt;/XYScale&gt;&lt;ZOrigin&gt;-100000&lt;/ZOrigin&gt;&lt;ZScale&gt;10000&lt;/ZScale&gt;&lt;MOrigin&gt;-100000&lt;/MOrigin&gt;&lt;MScale&gt;10000&lt;/MScale&gt;&lt;XYTolerance&gt;0.001&lt;/XYTolerance&gt;&lt;ZTolerance&gt;0.001&lt;/ZTolerance&gt;&lt;MTolerance&gt;0.001&lt;/MTolerance&gt;&lt;HighPrecision&gt;true&lt;/HighPrecision&gt;&lt;WKID&gt;27700&lt;/WKID&gt;&lt;LatestWKID&gt;27700&lt;/LatestWKID&gt;&lt;/ProjectedCoordinateSystem&gt;</peXml>
</coordRef>
</DataProperties>
<scaleRange>
<minScale>14237610.855416</minScale>
<maxScale>6689.040304</maxScale>
</scaleRange>
<ModDate>20260204</ModDate>
<ModTime>18210300</ModTime>
<SyncOnce>FALSE</SyncOnce>
<SyncDate>20260204</SyncDate>
<SyncTime>18210300</SyncTime>
</Esri>
<dataIdInfo>
<idAbs>&lt;p&gt;Agroclimatic data for 1988, computed on a 5 km grid for England and Wales, used for Agricultural Land Classification (ALC) calculations.&lt;/p&gt;</idAbs>
<idCitation>
<resTitle>ALC_CLIMATE_5K_1988</resTitle>
<date>
<pubDate>2026-03-31T00:00:00</pubDate>
</date>
<presForm>
<PresFormCd value="005" Sync="TRUE">
</PresFormCd>
</presForm>
<collTitle>LandIS</collTitle>
</idCitation>
<dataExt>
<exDesc>England and Wales</exDesc>
<geoEle>
<GeoBndBox>
<westBL>-5.80</westBL>
<eastBL>1.80</eastBL>
<northBL>55.80</northBL>
<southBL>49.80</southBL>
<exTypeCode>1</exTypeCode>
</GeoBndBox>
</geoEle>
</dataExt>
<searchKeys>
<keyword>Agricultural land classification</keyword>
</searchKeys>
<idPurp>Agroclimatic data for 1988, computed on a 5 km grid for England and Wales, used for Agricultural Land Classification (ALC) calculations.</idPurp>
<idCredit>© Cranfield University and the Controller of HMSO</idCredit>
<resConst>
<Consts>
<useLimit>&lt;p&gt;&lt;span&gt;The information contained in LandIS is copyright and its use is therefore subject to a specific licensing agreement between Cranfield University and the user. Depending on the status of the user, the cost can vary from a fully commercial charge for data lease to being royalty free with a small charge for extraction and preparation of the data to meet the user's needs.&lt;/span&gt;&lt;/p&gt;</useLimit>
</Consts>
</resConst>
<dataLang>
<languageCode value="eng">
</languageCode>
<countryCode value="GB" Sync="TRUE">
</countryCode>
</dataLang>
<dataChar>
<CharSetCd value="004">
</CharSetCd>
</dataChar>
<dataScale>
<equScale>
<rfDenom>250000</rfDenom>
</equScale>
</dataScale>
<envirDesc Sync="FALSE">Esri ArcGIS 13.5.0.57366</envirDesc>
<resMaint>
<maintFreq>
<MaintFreqCd value="010">
</MaintFreqCd>
</maintFreq>
</resMaint>
<tpCat>
<TopicCatCd value="004">
</TopicCatCd>
</tpCat>
</dataIdInfo>
<mdLang>
<languageCode value="eng">
</languageCode>
<countryCode value="GBR" Sync="TRUE">
</countryCode>
</mdLang>
<mdHrLv>
<ScopeCd value="005">
</ScopeCd>
</mdHrLv>
<mdHrLvName>dataset</mdHrLvName>
<mdFileID>ALC_CLIMATE_5K_1988</mdFileID>
<mdChar>
<CharSetCd value="004">
</CharSetCd>
</mdChar>
<mdDateSt>1988-12-31</mdDateSt>
<mdContact>
<role>
<RoleCd value="007">
</RoleCd>
</role>
<rpCntInfo>
<cntAddress addressType="postal">
<eMailAdd>landis@cranfield.ac.uk</eMailAdd>
<delPoint>Building 121, Cranfield Campus</delPoint>
<city>Cranfield</city>
<adminArea>Bedfordshire</adminArea>
<postCode>MK43 0AL</postCode>
<country>GB</country>
</cntAddress>
<cntPhone>
<voiceNum>+44 (0)1234 750111</voiceNum>
</cntPhone>
<cntOnlineRes>
<linkage>https://www.landis.org.uk</linkage>
</cntOnlineRes>
<cntHours>9am-5pm (United Kingdom Time)</cntHours>
<cntInstr>Please email us in the first instance.</cntInstr>
</rpCntInfo>
<rpOrgName>Cranfield University</rpOrgName>
<rpIndName>LandIS Administrator</rpIndName>
<rpPosName>Administrator</rpPosName>
</mdContact>
<dqInfo>
<dqScope>
<scpLvl>
<ScopeCd value="005">
</ScopeCd>
</scpLvl>
</dqScope>
<dataLineage>
<statement>Validation - the dataset was carefully checked in a cartographical process by SSLRC Geographical Systems Group</statement>
</dataLineage>
</dqInfo>
<distInfo>
<distFormat>
<formatName>File Geodatabase Feature Class</formatName>
<formatVer>1</formatVer>
</distFormat>
</distInfo>
<refSysInfo>
<RefSystem>
<refSysID>
<identCode code="British National Grid" Sync="FALSE">
</identCode>
<idCodeSpace>EPSG</idCodeSpace>
<idVersion>6.3(3.0.1)</idVersion>
</refSysID>
</RefSystem>
</refSysInfo>
<mdMaint>
<maintFreq>
<MaintFreqCd value="010">
</MaintFreqCd>
</maintFreq>
</mdMaint>
<eainfo>
<detailed Name="ALC_CLIMATE_5K_1988">
<enttyp>
<enttypl>ALC_CLIMATE_5K_1988</enttypl>
<enttypt>Feature Class</enttypt>
<enttypc>6460</enttypc>
</enttyp>
<attr>
<attrlabl>OBJECTID</attrlabl>
<attalias>OBJECTID</attalias>
<attrdef>Internal feature number.</attrdef>
<attrtype>OID</attrtype>
<attwidth>4</attwidth>
<atprecis>0</atprecis>
<attrdefs>Esri</attrdefs>
<attscale>0</attscale>
<attrdomv>
<udom>Sequential unique whole numbers that are automatically generated.</udom>
</attrdomv>
</attr>
<attr>
<attrlabl>Shape</attrlabl>
<attalias>Shape</attalias>
<attrtype>Geometry</attrtype>
<attrdef>Geometry</attrdef>
<attwidth>0</attwidth>
<atprecis>0</atprecis>
<attrdefs>Esri</attrdefs>
<attscale>0</attscale>
<attrdomv>
<udom>Coordinates defining the features.</udom>
</attrdomv>
</attr>
<attr>
<attrlabl>ID_5K</attrlabl>
<attalias>ID_5K</attalias>
<attrdef>Identifier of the 5k gridcell</attrdef>
<attrtype>Long</attrtype>
<attwidth>4</attwidth>
<atprecis>0</atprecis>
<attrdefs>Esri</attrdefs>
<attscale>0</attscale>
</attr>
<attr>
<attrlabl>GRID</attrlabl>
<attalias>GRID</attalias>
<attrdef>GRID</attrdef>
<attwidth>4000</attwidth>
<atprecis>0</atprecis>
<attrdefs>Esri</attrdefs>
<attrtype>Text</attrtype>
<attscale>0</attscale>
</attr>
<attr>
<attrlabl>EAST</attrlabl>
<attalias>EAST</attalias>
<attrdef>National Grid reference easting</attrdef>
<attrtype>Double</attrtype>
<attwidth>8</attwidth>
<atprecis>0</atprecis>
<attrdefs>Esri</attrdefs>
<attscale>0</attscale>
</attr>
<attr>
<attrlabl>NORTH</attrlabl>
<attalias>NORTH</attalias>
<attrdef>National Grid reference northing</attrdef>
<attrtype>Double</attrtype>
<attwidth>8</attwidth>
<atprecis>0</atprecis>
<attrdefs>Esri</attrdefs>
<attscale>0</attscale>
</attr>
<attr>
<attrlabl>ALT</attrlabl>
<attalias>ALT</attalias>
<attrdef>Altitude (m) above Ordnance Datum (OD)</attrdef>
<attrtype>Short</attrtype>
<attwidth>2</attwidth>
<atprecis>0</atprecis>
<attrdefs>Esri</attrdefs>
<attscale>0</attscale>
</attr>
<attr>
<attrlabl>AAR</attrlabl>
<attalias>AAR</attalias>
<attrdef>Average annual rainfall (mm) in 5 km x 5 km area referenced by the south west corner</attrdef>
<attrtype>Short</attrtype>
<attwidth>2</attwidth>
<atprecis>0</atprecis>
<attrdefs>Esri</attrdefs>
<attscale>0</attscale>
</attr>
<attr>
<attrlabl>LR_AAR</attrlabl>
<attalias>LR_AAR</attalias>
<attrdef>Lapse rate for annual average rainfall (mm/m) - the increase in rainfall with increasing altitude</attrdef>
<attrtype>Float</attrtype>
<attwidth>4</attwidth>
<atprecis>0</atprecis>
<attrdefs>Esri</attrdefs>
<attscale>0</attscale>
</attr>
<attr>
<attrlabl>ASR</attrlabl>
<attalias>ASR</attalias>
<attrdef>Annual summer rainfall (mm) at 5 km resolution</attrdef>
<attrtype>Short</attrtype>
<attwidth>2</attwidth>
<atprecis>0</atprecis>
<attrdefs>Esri</attrdefs>
<attscale>0</attscale>
</attr>
<attr>
<attrlabl>LR_ASR</attrlabl>
<attalias>LR_ASR</attalias>
<attrdef>Lapse rate for annual summer rainfall (mm/m) - the increase in rainfall with increasing altitude</attrdef>
<attrtype>Double</attrtype>
<attwidth>8</attwidth>
<atprecis>0</atprecis>
<attrdefs>Esri</attrdefs>
<attscale>0</attscale>
</attr>
<attr>
<attrlabl>AT0</attrlabl>
<attalias>AT0</attalias>
<attrdef>Accumulated temperature above 0 degrees Celsius for the grid</attrdef>
<attrtype>Double</attrtype>
<attwidth>8</attwidth>
<atprecis>0</atprecis>
<attrdefs>Esri</attrdefs>
<attscale>0</attscale>
</attr>
<attr>
<attrlabl>ATS</attrlabl>
<attalias>ATS</attalias>
<attrdef>ATS</attrdef>
<attrtype>Double</attrtype>
<attwidth>8</attwidth>
<atprecis>0</atprecis>
<attrdefs>Esri</attrdefs>
<attscale>0</attscale>
</attr>
<attr>
<attrlabl>MDMWHT</attrlabl>
<attalias>MDMWHT</attalias>
<attrdef>Moisture Deficit (MD) for winter wheat (MDMWHT) - a critical factor in assessing agricultural land quality and crop yield. It is calculated based on the balance between water entering the soil through rainfall and water lost through transpiration. A negative MD indicates insufficient moisture to sustain plant growth, which can affect crop yield and quality.</attrdef>
<attrtype>Double</attrtype>
<attwidth>8</attwidth>
<atprecis>0</atprecis>
<attrdefs>Esri</attrdefs>
<attscale>0</attscale>
</attr>
<attr>
<attrlabl>MDMPOT</attrlabl>
<attalias>MDMPOT</attalias>
<attrdef>The Moisture Deficit (MD) for potatoes (MDMPOT) is a critical factor in assessing agricultural land quality and crop yield. It is calculated based on the balance between water entering the soil through rainfall and water lost through transpiration. A negative MD indicates insufficient moisture to sustain plant growth, which can affect crop yield and quality.</attrdef>
<attrtype>Double</attrtype>
<attwidth>8</attwidth>
<atprecis>0</atprecis>
<attrdefs>Esri</attrdefs>
<attscale>0</attscale>
</attr>
<attr>
<attrlabl>FCD</attrlabl>
<attalias>FCD</attalias>
<attrdef>Duration (days) of field capacity, the amount of soil moisture or water content held in the soil after excess water has drained away and the rate of downward movement has decreased.</attrdef>
<attrtype>Short</attrtype>
<attwidth>2</attwidth>
<atprecis>0</atprecis>
<attrdefs>Esri</attrdefs>
<attscale>0</attscale>
</attr>
</detailed>
</eainfo>
<spatRepInfo>
<VectSpatRep>
<topLvl>
<TopoLevCd value="001" Sync="TRUE">
</TopoLevCd>
</topLvl>
<geometObjs Name="ALC_CLIMATE_5K_1988">
<geoObjTyp>
<GeoObjTypCd value="004" Sync="TRUE">
</GeoObjTypCd>
</geoObjTyp>
<geoObjCnt>6460</geoObjCnt>
</geometObjs>
</VectSpatRep>
</spatRepInfo>
<mdParentID>LandIS</mdParentID>
<spdoinfo>
<ptvctinf>
<esriterm Name="ALC_CLIMATE_5K_1988">
<efeatyp Sync="TRUE">Simple</efeatyp>
<efeageom code="1" Sync="TRUE">
</efeageom>
<esritopo Sync="TRUE">FALSE</esritopo>
<efeacnt Sync="TRUE">6460</efeacnt>
<spindex Sync="TRUE">TRUE</spindex>
<linrefer Sync="TRUE">FALSE</linrefer>
</esriterm>
</ptvctinf>
</spdoinfo>
</metadata>
