<?xml version="1.0" encoding="UTF-8"?>
<metadata xml:lang="en">
<Esri>
<CreaDate>20240522</CreaDate>
<CreaTime>13535700</CreaTime>
<ArcGISFormat>1.0</ArcGISFormat>
<ArcGISProfile>ISO19139</ArcGISProfile>
<DataProperties>
<itemProps>
<imsContentType Sync="TRUE">002</imsContentType>
<itemName Sync="TRUE">AUGERsite_defra_family</itemName>
<nativeExtBox>
<westBL Sync="TRUE">136000.000000</westBL>
<eastBL Sync="TRUE">654000.000000</eastBL>
<southBL Sync="TRUE">22700.000000</southBL>
<northBL Sync="TRUE">657100.000000</northBL>
<exTypeCode Sync="TRUE">1</exTypeCode>
</nativeExtBox>
</itemProps>
<coordRef>
<type Sync="TRUE">Projected</type>
<geogcsn Sync="TRUE">GCS_OSGB_1936</geogcsn>
<csUnits Sync="TRUE">Linear Unit: Meter (1.000000)</csUnits>
<projcsn Sync="TRUE">British_National_Grid</projcsn>
<peXml Sync="TRUE">&lt;ProjectedCoordinateSystem xsi:type='typens:ProjectedCoordinateSystem' xmlns:xsi='http://www.w3.org/2001/XMLSchema-instance' xmlns:xs='http://www.w3.org/2001/XMLSchema' xmlns:typens='http://www.esri.com/schemas/ArcGIS/3.5.0'&gt;&lt;WKT&gt;PROJCS[&amp;quot;British_National_Grid&amp;quot;,GEOGCS[&amp;quot;GCS_OSGB_1936&amp;quot;,DATUM[&amp;quot;D_OSGB_1936&amp;quot;,SPHEROID[&amp;quot;Airy_1830&amp;quot;,6377563.396,299.3249646]],PRIMEM[&amp;quot;Greenwich&amp;quot;,0.0],UNIT[&amp;quot;Degree&amp;quot;,0.0174532925199433]],PROJECTION[&amp;quot;Transverse_Mercator&amp;quot;],PARAMETER[&amp;quot;False_Easting&amp;quot;,400000.0],PARAMETER[&amp;quot;False_Northing&amp;quot;,-100000.0],PARAMETER[&amp;quot;Central_Meridian&amp;quot;,-2.0],PARAMETER[&amp;quot;Scale_Factor&amp;quot;,0.9996012717],PARAMETER[&amp;quot;Latitude_Of_Origin&amp;quot;,49.0],UNIT[&amp;quot;Meter&amp;quot;,1.0],AUTHORITY[&amp;quot;EPSG&amp;quot;,27700]]&lt;/WKT&gt;&lt;XOrigin&gt;-5220400&lt;/XOrigin&gt;&lt;YOrigin&gt;-15524400&lt;/YOrigin&gt;&lt;XYScale&gt;450481592.76709664&lt;/XYScale&gt;&lt;ZOrigin&gt;-100000&lt;/ZOrigin&gt;&lt;ZScale&gt;10000&lt;/ZScale&gt;&lt;MOrigin&gt;-100000&lt;/MOrigin&gt;&lt;MScale&gt;10000&lt;/MScale&gt;&lt;XYTolerance&gt;0.001&lt;/XYTolerance&gt;&lt;ZTolerance&gt;0.001&lt;/ZTolerance&gt;&lt;MTolerance&gt;0.001&lt;/MTolerance&gt;&lt;HighPrecision&gt;true&lt;/HighPrecision&gt;&lt;WKID&gt;27700&lt;/WKID&gt;&lt;LatestWKID&gt;27700&lt;/LatestWKID&gt;&lt;/ProjectedCoordinateSystem&gt;</peXml>
</coordRef>
</DataProperties>
<scaleRange>
<minScale>11986463.114929</minScale>
<maxScale>5540.345127</maxScale>
</scaleRange>
<ModDate>20260205</ModDate>
<ModTime>09480100</ModTime>
<SyncOnce>FALSE</SyncOnce>
<SyncDate>20260205</SyncDate>
<SyncTime>09480100</SyncTime>
</Esri>
<dataIdInfo>
<idAbs>&lt;p&gt;&lt;span&gt;Combined site details of auger bores collected on both the version 1 and version 2 RUFF cards. The original codified data has been translated and compiled into meaningful textual descriptions of the various properties.&lt;/span&gt;&lt;/p&gt;&lt;p&gt;&amp;nbsp;&lt;/p&gt;&lt;p&gt;&lt;span&gt;The Soil Survey of England and Wales surveyed many sites during its active years of mapping, describing and sampling soils between 1939 and 1987.&lt;/span&gt;&lt;br&gt;&amp;nbsp;&lt;/p&gt;&lt;p&gt;&lt;span&gt;The standardised field description cards were designed to cater for semi-detailed, detailed and ad hoc surveys.&lt;/span&gt;&lt;/p&gt;&lt;p&gt;&lt;br&gt;&lt;span&gt;The Auger Bore records capture the soil series and description of the soil profile examined by auger bore.&lt;/span&gt;&lt;/p&gt;&lt;p&gt;&lt;br&gt;&lt;span&gt;Information extracted: soil series (soil characterised as a peat soil and used to determine peat presence) and peat depth (where the depth of peat is also captured on the record).&lt;/span&gt;&lt;/p&gt;</idAbs>
<idCitation>
<resTitle>AUGERsite_defra_family</resTitle>
<date>
<pubDate>2026-03-31T00:00:00</pubDate>
</date>
<presForm>
<PresFormCd value="005" Sync="TRUE">
</PresFormCd>
</presForm>
<collTitle>LandIS</collTitle>
</idCitation>
<dataExt>
<exDesc>England and Wales</exDesc>
<geoEle>
<GeoBndBox>
<westBL>-5.80</westBL>
<eastBL>1.80</eastBL>
<northBL>55.80</northBL>
<southBL>49.80</southBL>
<exTypeCode>1</exTypeCode>
</GeoBndBox>
</geoEle>
</dataExt>
<searchKeys>
<keyword>Soil</keyword>
<keyword>soil profile</keyword>
<keyword>soil layers</keyword>
<keyword>soil texture</keyword>
<keyword>peat</keyword>
</searchKeys>
<idPurp>Site properties of auger bores</idPurp>
<idCredit>© Cranfield University and the Controller of HMSO</idCredit>
<resConst>
<Consts>
<useLimit>&lt;p&gt;The information contained in LandIS is copyright and its use is therefore subject to a specific licensing agreement between Cranfield University and the user. Depending on the status of the user, the cost can vary from a fully commercial charge for data lease to being royalty free with a small charge for extraction and preparation of the data to meet the user's needs.&lt;/p&gt;</useLimit>
</Consts>
</resConst>
<dataLang>
<languageCode value="eng" Sync="TRUE">
</languageCode>
<countryCode value="GB" Sync="TRUE">
</countryCode>
</dataLang>
<dataChar>
<CharSetCd value="004">
</CharSetCd>
</dataChar>
<spatRpType>
<SpatRepTypCd value="001" Sync="TRUE">
</SpatRepTypCd>
</spatRpType>
<dataScale>
<equScale>
<rfDenom>250000</rfDenom>
</equScale>
</dataScale>
<envirDesc Sync="FALSE">Esri ArcGIS 13.5.0.57366</envirDesc>
<otherKeys>
<thesaName>
<resTitle>GEMET - INSPIRE themes, version 1.0</resTitle>
</thesaName>
<keyword>Soil</keyword>
</otherKeys>
<otherKeys>
<thesaName>
<resTitle>GEMET - Concepts, version 2.3</resTitle>
</thesaName>
<keyword>soil type</keyword>
<keyword>slope</keyword>
<keyword>peat</keyword>
<keyword>land use</keyword>
</otherKeys>
<tpCat>
<TopicCatCd value="008">
</TopicCatCd>
</tpCat>
</dataIdInfo>
<mdLang>
<languageCode value="eng" Sync="TRUE">
</languageCode>
<countryCode value="GBR" Sync="TRUE">
</countryCode>
</mdLang>
<mdHrLv>
<ScopeCd value="005" Sync="TRUE">
</ScopeCd>
</mdHrLv>
<mdHrLvName>dataset</mdHrLvName>
<mdFileID>AUGERsite_restricted</mdFileID>
<mdChar>
<CharSetCd value="004">
</CharSetCd>
</mdChar>
<mdDateSt>2026-03-31</mdDateSt>
<mdContact>
<role>
<RoleCd value="007">
</RoleCd>
</role>
<rpCntInfo>
<cntAddress addressType="postal">
<eMailAdd>landis@cranfield.ac.uk</eMailAdd>
<delPoint>Building 121, Cranfield Campus</delPoint>
<city>Cranfield</city>
<adminArea>Bedfordshire</adminArea>
<postCode>MK43 0AL</postCode>
<country>GB</country>
</cntAddress>
<cntPhone>
<voiceNum>+44 (0)1234 750111</voiceNum>
</cntPhone>
<cntOnlineRes>
<linkage>https://www.landis.org.uk</linkage>
</cntOnlineRes>
<cntHours>9am-5pm (United Kingdom Time)</cntHours>
<cntInstr>Please email us in the first instance.</cntInstr>
</rpCntInfo>
<rpOrgName>Cranfield University</rpOrgName>
<rpPosName>Administrator</rpPosName>
<rpIndName>LandIS Administrator</rpIndName>
</mdContact>
<dqInfo>
<dqScope>
<scpLvl>
<ScopeCd value="005">
</ScopeCd>
</scpLvl>
</dqScope>
<dataLineage>
<statement>The original auger bore records were recorded in digital format by an agency. The resulting files were processed through a comprehensive validation process, checking values, ranges and logical cross checks with other attributes. However it must be noted that errors during the entry procedure and inconsistent recording by surveyors means that the accuracy can not be guaranteed.</statement>
</dataLineage>
</dqInfo>
<distInfo>
<distFormat>
<formatName>File Geodatabase Feature Class</formatName>
<formatVer>1</formatVer>
</distFormat>
</distInfo>
<refSysInfo>
<RefSystem>
<refSysID>
<identCode code="27700" Sync="TRUE">
</identCode>
<idCodeSpace>EPSG</idCodeSpace>
<idVersion>6.3(3.0.1)</idVersion>
</refSysID>
</RefSystem>
</refSysInfo>
<mdMaint>
<maintFreq>
<MaintFreqCd value="010">
</MaintFreqCd>
</maintFreq>
</mdMaint>
<eainfo>
<detailed Name="AUGERsite_defra_family">
<enttyp>
<enttypl>AUGERsite_restricted</enttypl>
<enttypt>Feature Class</enttypt>
<enttypc>153078</enttypc>
</enttyp>
<attr>
<attrlabl>OBJECTID</attrlabl>
<attalias>OBJECTID</attalias>
<attrtype>OID</attrtype>
<attwidth>4</attwidth>
<atprecis>0</atprecis>
<attscale>0</attscale>
<attrdef>Internal feature number.</attrdef>
<attrdefs>Esri</attrdefs>
<attrdomv>
<udom>Sequential unique whole numbers that are automatically generated.</udom>
</attrdomv>
</attr>
<attr>
<attrlabl>Shape</attrlabl>
<attalias>Shape</attalias>
<attrtype>Geometry</attrtype>
<attwidth>0</attwidth>
<atprecis>0</atprecis>
<attscale>0</attscale>
<attrdef>Feature geometry.</attrdef>
<attrdefs>Esri</attrdefs>
<attrdomv>
<udom>Coordinates defining the features.</udom>
</attrdomv>
</attr>
<attr>
<attrlabl>AUGERID</attrlabl>
<attalias>AUGERID</attalias>
<attrtype>Text</attrtype>
<attwidth>17</attwidth>
<atprecis>0</atprecis>
<attscale>0</attscale>
<attrdef>Auger ID</attrdef>
<attrdefs>Esri</attrdefs>
</attr>
<attr>
<attrlabl>EASTING</attrlabl>
<attalias>EASTING</attalias>
<attrtype>Long</attrtype>
<attwidth>4</attwidth>
<atprecis>0</atprecis>
<attscale>0</attscale>
<attrdef>National Grid reference easting</attrdef>
<attrdefs>Esri</attrdefs>
</attr>
<attr>
<attrlabl>NORTHING</attrlabl>
<attalias>NORTHING</attalias>
<attrtype>Long</attrtype>
<attwidth>4</attwidth>
<atprecis>0</atprecis>
<attscale>0</attscale>
<attrdef>National Grid reference northing</attrdef>
<attrdefs>Esri</attrdefs>
</attr>
<attr>
<attrlabl>SURVEYDATE</attrlabl>
<attalias>SURVEY_DATE</attalias>
<attrtype>Date</attrtype>
<attwidth>8</attwidth>
<atprecis>0</atprecis>
<attscale>0</attscale>
<attrdef>Survey date</attrdef>
<attrdefs>Esri</attrdefs>
</attr>
<attr>
<attrlabl>SERIESNAME</attrlabl>
<attalias>SERIES_NAME</attalias>
<attrtype>Text</attrtype>
<attwidth>25</attwidth>
<atprecis>0</atprecis>
<attscale>0</attscale>
<attrdef>Series name</attrdef>
<attrdefs>Esri</attrdefs>
</attr>
<attr>
<attrlabl>VARIANT</attrlabl>
<attalias>VARIANT</attalias>
<attrtype>Text</attrtype>
<attwidth>1</attwidth>
<atprecis>0</atprecis>
<attscale>0</attscale>
<attrdef>Variant</attrdef>
<attrdefs>Esri</attrdefs>
</attr>
<attr>
<attrlabl>SERIES</attrlabl>
<attalias>SERIES</attalias>
<attrtype>Short</attrtype>
<attwidth>2</attwidth>
<atprecis>0</atprecis>
<attscale>0</attscale>
<attrdef>Series</attrdef>
<attrdefs>Esri</attrdefs>
</attr>
<attr>
<attrlabl>SUBGROUP</attrlabl>
<attalias>SUBGROUP</attalias>
<attrtype>Text</attrtype>
<attwidth>5</attwidth>
<atprecis>0</atprecis>
<attscale>0</attscale>
<attrdef>Sub group</attrdef>
<attrdefs>Esri</attrdefs>
</attr>
<attr>
<attrlabl>LANDUSE</attrlabl>
<attalias>LANDUSE</attalias>
<attrtype>Text</attrtype>
<attwidth>27</attwidth>
<atprecis>0</atprecis>
<attscale>0</attscale>
<attrdef>Land use</attrdef>
<attrdefs>Esri</attrdefs>
</attr>
<attr>
<attrlabl>SLOPE</attrlabl>
<attalias>SLOPE</attalias>
<attrtype>Text</attrtype>
<attwidth>2</attwidth>
<atprecis>0</atprecis>
<attscale>0</attscale>
<attrdef>Slope</attrdef>
<attrdefs>Esri</attrdefs>
</attr>
<attr>
<attrlabl>SLOPE_FORM</attrlabl>
<attalias>SLOPE_FORM</attalias>
<attrtype>Text</attrtype>
<attwidth>3</attwidth>
<atprecis>0</atprecis>
<attscale>0</attscale>
<attrdef>Slope form</attrdef>
<attrdefs>Esri</attrdefs>
</attr>
<attr>
<attrlabl>EROSION</attrlabl>
<attalias>EROSION</attalias>
<attrtype>Text</attrtype>
<attwidth>16</attwidth>
<atprecis>0</atprecis>
<attscale>0</attscale>
<attrdef>Erosion</attrdef>
<attrdefs>Esri</attrdefs>
</attr>
<attr>
<attrlabl>DEPOSITION</attrlabl>
<attalias>DEPOSITION</attalias>
<attrtype>Text</attrtype>
<attwidth>16</attwidth>
<atprecis>0</atprecis>
<attscale>0</attscale>
<attrdef>Deposition</attrdef>
<attrdefs>Esri</attrdefs>
</attr>
<attr>
<attrlabl>ROCKTYPE</attrlabl>
<attalias>ROCKTYPE</attalias>
<attrtype>Text</attrtype>
<attwidth>254</attwidth>
<atprecis>0</atprecis>
<attscale>0</attscale>
<attrdef>Rock type</attrdef>
<attrdefs>Esri</attrdefs>
</attr>
</detailed>
</eainfo>
<spatRepInfo>
<VectSpatRep>
<topLvl>
<TopoLevCd value="001" Sync="TRUE">
</TopoLevCd>
</topLvl>
<geometObjs Name="AUGERsite_defra_family">
<geoObjTyp>
<GeoObjTypCd value="004" Sync="TRUE">
</GeoObjTypCd>
</geoObjTyp>
<geoObjCnt>153078</geoObjCnt>
</geometObjs>
</VectSpatRep>
</spatRepInfo>
<mdParentID>LandIS</mdParentID>
<spdoinfo>
<ptvctinf>
<esriterm Name="AUGERsite_defra_family">
<efeatyp Sync="TRUE">Simple</efeatyp>
<efeageom code="1" Sync="TRUE">
</efeageom>
<esritopo Sync="TRUE">FALSE</esritopo>
<efeacnt Sync="TRUE">153078</efeacnt>
<spindex Sync="TRUE">TRUE</spindex>
<linrefer Sync="TRUE">FALSE</linrefer>
</esriterm>
</ptvctinf>
</spdoinfo>
</metadata>
