<?xml version="1.0" encoding="UTF-8"?>
<metadata xml:lang="en">
<Esri>
<CreaDate>20200601</CreaDate>
<CreaTime>10140100</CreaTime>
<ArcGISFormat>1.0</ArcGISFormat>
<ArcGISProfile>ISO19139</ArcGISProfile>
<DataProperties>
<itemProps>
<imsContentType Sync="TRUE">002</imsContentType>
<itemName Sync="TRUE">NATMAPwetness</itemName>
<nativeExtBox>
<westBL Sync="TRUE">82739.999939</westBL>
<eastBL Sync="TRUE">655619.000075</eastBL>
<southBL Sync="TRUE">5338.001106</southBL>
<northBL Sync="TRUE">657523.499470</northBL>
<exTypeCode Sync="TRUE">1</exTypeCode>
</nativeExtBox>
</itemProps>
<coordRef>
<type Sync="TRUE">Projected</type>
<geogcsn Sync="TRUE">GCS_OSGB_1936</geogcsn>
<csUnits Sync="TRUE">Linear Unit: Meter (1.000000)</csUnits>
<projcsn Sync="TRUE">British_National_Grid</projcsn>
<peXml Sync="TRUE">&lt;ProjectedCoordinateSystem xsi:type='typens:ProjectedCoordinateSystem' xmlns:xsi='http://www.w3.org/2001/XMLSchema-instance' xmlns:xs='http://www.w3.org/2001/XMLSchema' xmlns:typens='http://www.esri.com/schemas/ArcGIS/3.5.0'&gt;&lt;WKT&gt;PROJCS[&amp;quot;British_National_Grid&amp;quot;,GEOGCS[&amp;quot;GCS_OSGB_1936&amp;quot;,DATUM[&amp;quot;D_OSGB_1936&amp;quot;,SPHEROID[&amp;quot;Airy_1830&amp;quot;,6377563.396,299.3249646]],PRIMEM[&amp;quot;Greenwich&amp;quot;,0.0],UNIT[&amp;quot;Degree&amp;quot;,0.0174532925199433]],PROJECTION[&amp;quot;Transverse_Mercator&amp;quot;],PARAMETER[&amp;quot;False_Easting&amp;quot;,400000.0],PARAMETER[&amp;quot;False_Northing&amp;quot;,-100000.0],PARAMETER[&amp;quot;Central_Meridian&amp;quot;,-2.0],PARAMETER[&amp;quot;Scale_Factor&amp;quot;,0.9996012717],PARAMETER[&amp;quot;Latitude_Of_Origin&amp;quot;,49.0],UNIT[&amp;quot;Meter&amp;quot;,1.0],AUTHORITY[&amp;quot;EPSG&amp;quot;,27700]]&lt;/WKT&gt;&lt;XOrigin&gt;-5220400&lt;/XOrigin&gt;&lt;YOrigin&gt;-15524400&lt;/YOrigin&gt;&lt;XYScale&gt;450481592.76709664&lt;/XYScale&gt;&lt;ZOrigin&gt;-100000&lt;/ZOrigin&gt;&lt;ZScale&gt;10000&lt;/ZScale&gt;&lt;MOrigin&gt;-100000&lt;/MOrigin&gt;&lt;MScale&gt;10000&lt;/MScale&gt;&lt;XYTolerance&gt;0.001&lt;/XYTolerance&gt;&lt;ZTolerance&gt;0.001&lt;/ZTolerance&gt;&lt;MTolerance&gt;0.001&lt;/MTolerance&gt;&lt;HighPrecision&gt;true&lt;/HighPrecision&gt;&lt;WKID&gt;27700&lt;/WKID&gt;&lt;LatestWKID&gt;27700&lt;/LatestWKID&gt;&lt;/ProjectedCoordinateSystem&gt;</peXml>
</coordRef>
</DataProperties>
<ModDate>20260205</ModDate>
<ModTime>12313100</ModTime>
<SyncOnce>FALSE</SyncOnce>
<SyncDate>20260205</SyncDate>
<SyncTime>12313100</SyncTime>
</Esri>
<dataIdInfo>
<idAbs>&lt;p&gt;NATMAP Wetness is derived from the 1:250,000 scale National Soil Map. It provides users with a useful, concise, easily interpreted and applicable description of the range of soil wetness regimes typical across England and Wales.&lt;/p&gt;</idAbs>
<idCitation>
<resTitle>NATMAPwetness</resTitle>
<date>
<pubDate>2026-03-31T00:00:00</pubDate>
</date>
<presForm>
<PresFormCd value="005" Sync="TRUE">
</PresFormCd>
</presForm>
<collTitle>LandIS</collTitle>
</idCitation>
<dataExt>
<exDesc>England and Wales</exDesc>
<geoEle>
<GeoBndBox>
<westBL>-5.80</westBL>
<eastBL>1.80</eastBL>
<northBL>55.80</northBL>
<southBL>49.80</southBL>
<exTypeCode>1</exTypeCode>
</GeoBndBox>
</geoEle>
</dataExt>
<searchKeys>
<keyword>Soil</keyword>
</searchKeys>
<idPurp>Soil Wetness Class Map</idPurp>
<idCredit>© Cranfield University and the Controller of HMSO</idCredit>
<resConst>
<Consts>
<useLimit>&lt;p&gt;The information contained in LandIS is copyright and its use is therefore subject to a specific licensing agreement between Cranfield University and the user. Depending on the status of the user, the cost can vary from a fully commercial charge for data lease to being royalty free with a small charge for extraction and preparation of the data to meet the user's needs.&lt;/p&gt;</useLimit>
</Consts>
</resConst>
<dataLang>
<languageCode value="eng" Sync="TRUE">
</languageCode>
<countryCode value="GB" Sync="TRUE">
</countryCode>
</dataLang>
<dataChar>
<CharSetCd value="004">
</CharSetCd>
</dataChar>
<spatRpType>
<SpatRepTypCd value="001" Sync="TRUE">
</SpatRepTypCd>
</spatRpType>
<dataScale>
<equScale>
<rfDenom>250000</rfDenom>
</equScale>
</dataScale>
<envirDesc Sync="FALSE">Esri ArcGIS 13.5.0.57366</envirDesc>
<otherKeys>
<thesaName>
<resTitle>GEMET - INSPIRE themes, version 1.0</resTitle>
</thesaName>
<keyword>soil</keyword>
</otherKeys>
<otherKeys>
<thesaName>
<resTitle>GEMET - Concepts, version 2.3</resTitle>
</thesaName>
<keyword>soil map</keyword>
<keyword>soil water</keyword>
<keyword>soil moisture regime</keyword>
</otherKeys>
<tpCat>
<TopicCatCd value="008">
</TopicCatCd>
</tpCat>
</dataIdInfo>
<mdLang>
<languageCode value="eng" Sync="TRUE">
</languageCode>
<countryCode value="GBR" Sync="TRUE">
</countryCode>
</mdLang>
<mdHrLv>
<ScopeCd value="005" Sync="TRUE">
</ScopeCd>
</mdHrLv>
<mdHrLvName>dataset</mdHrLvName>
<mdFileID>NATMAPwetness</mdFileID>
<mdChar>
<CharSetCd value="004">
</CharSetCd>
</mdChar>
<mdDateSt>2026-03-31</mdDateSt>
<mdContact>
<role>
<RoleCd value="007">
</RoleCd>
</role>
<rpCntInfo>
<cntAddress addressType="postal">
<eMailAdd>landis@cranfield.ac.uk</eMailAdd>
<delPoint>Building 121, Cranfield Campus</delPoint>
<city>Cranfield</city>
<adminArea>Bedfordshire</adminArea>
<postCode>MK43 0AL</postCode>
<country>GB</country>
</cntAddress>
<cntPhone>
<voiceNum>+44 (0)1234 750111</voiceNum>
</cntPhone>
<cntOnlineRes>
<linkage>https://www.landis.org.uk</linkage>
</cntOnlineRes>
<cntHours>9am-5pm (United Kingdom Time)</cntHours>
<cntInstr>Please email us in the first instance.</cntInstr>
</rpCntInfo>
<rpOrgName>Cranfield University</rpOrgName>
<rpPosName>Administrator</rpPosName>
<rpIndName>LandIS Administrator</rpIndName>
</mdContact>
<dqInfo>
<dqScope>
<scpLvl>
<ScopeCd value="005">
</ScopeCd>
</scpLvl>
</dqScope>
<dataLineage>
<statement>Validation - the dataset was carefully checked in a cartographical process by SSLRC Geographical Systems Group</statement>
</dataLineage>
</dqInfo>
<distInfo>
<distFormat>
<formatName>File Geodatabase Feature Class</formatName>
<formatVer>1</formatVer>
</distFormat>
</distInfo>
<refSysInfo>
<RefSystem>
<refSysID>
<identCode code="27700" Sync="TRUE">
</identCode>
<idCodeSpace>EPSG</idCodeSpace>
<idVersion>6.3(3.0.1)</idVersion>
</refSysID>
</RefSystem>
</refSysInfo>
<mdMaint>
<maintFreq>
<MaintFreqCd value="010">
</MaintFreqCd>
</maintFreq>
</mdMaint>
<eainfo>
<detailed Name="NATMAPwetness">
<enttyp>
<enttypl>NATMAPwetness</enttypl>
<enttypt>Feature Class</enttypt>
<enttypc>52263</enttypc>
</enttyp>
<attr>
<attrlabl>OBJECTID</attrlabl>
<attalias>OBJECTID</attalias>
<attrtype>OID</attrtype>
<attwidth>4</attwidth>
<atprecis>0</atprecis>
<attscale>0</attscale>
<attrdef>Internal feature number.</attrdef>
<attrdefs>Esri</attrdefs>
<attrdomv>
<udom>Sequential unique whole numbers that are automatically generated.</udom>
</attrdomv>
</attr>
<attr>
<attrlabl>Shape</attrlabl>
<attalias>Shape</attalias>
<attrtype>Geometry</attrtype>
<attwidth>0</attwidth>
<atprecis>0</atprecis>
<attscale>0</attscale>
<attrdef>Feature geometry.</attrdef>
<attrdefs>Esri</attrdefs>
<attrdomv>
<udom>Coordinates defining the features.</udom>
</attrdomv>
</attr>
<attr>
<attrlabl>WC</attrlabl>
<attalias>WC</attalias>
<attrtype>Text</attrtype>
<attwidth>254</attwidth>
<atprecis>0</atprecis>
<attscale>0</attscale>
<attrdef>The dominant Wetness Class in the polygon</attrdef>
<attrdefs>Esri</attrdefs>
</attr>
<attr>
<attrlabl>WC_I</attrlabl>
<attalias>WC_I</attalias>
<attrtype>Long</attrtype>
<attwidth>4</attwidth>
<atprecis>0</atprecis>
<attscale>0</attscale>
<attrdef>Percentage of the polygon in Wetness Class I where the soil profile is not wet within 70 cm depth for more than 30 days in most years</attrdef>
<attrdefs>Esri</attrdefs>
</attr>
<attr>
<attrlabl>WC_II</attrlabl>
<attalias>WC_II</attalias>
<attrtype>Long</attrtype>
<attwidth>4</attwidth>
<atprecis>0</atprecis>
<attscale>0</attscale>
<attrdef>Percentage of the polygon in Wetness Class II where the soil profile is wet within 70 cm depth for 31-90 days in most years or, if there is no slowly permeable layer within 80 cm depth, it is wet within 70 cm for more than 90 days, but not wet within 40 cm depth for more than 30 days in most years.</attrdef>
<attrdefs>Esri</attrdefs>
</attr>
<attr>
<attrlabl>WC_III</attrlabl>
<attalias>WC_III</attalias>
<attrtype>Long</attrtype>
<attwidth>4</attwidth>
<atprecis>0</atprecis>
<attscale>0</attscale>
<attrdef>Percentage of the polygon in Wetness Class III where the soil profile is wet within 70 cm depth for 91-180 days in most years or, if there is no slowly permeable layer within 80 cm depth, it is wet within 70 cm for more than 180 days, but only wet within 40 cm depth for between 31 and 90 days in most years.</attrdef>
<attrdefs>Esri</attrdefs>
</attr>
<attr>
<attrlabl>WC_IV</attrlabl>
<attalias>WC_IV</attalias>
<attrtype>Long</attrtype>
<attwidth>4</attwidth>
<atprecis>0</atprecis>
<attscale>0</attscale>
<attrdef>Percentage of the polygon in Wetness Class IV where the soil profile is wet within 70 cm depth for more than 180 days but not within 40 cm depth for more than 210 days in most years or, if there is no slowly permeable layer within 80 cm depth, it is wet within 40 cm depth for 91-210 days in most years.</attrdef>
<attrdefs>Esri</attrdefs>
</attr>
<attr>
<attrlabl>WC_V</attrlabl>
<attalias>WC_V</attalias>
<attrtype>Long</attrtype>
<attwidth>4</attwidth>
<atprecis>0</atprecis>
<attscale>0</attscale>
<attrdef>Percentage of the polygon in Wetness Class V where the soil profile is wet within 40 cm depth for 211- 335 days in most years.</attrdef>
<attrdefs>Esri</attrdefs>
</attr>
<attr>
<attrlabl>WC_VI</attrlabl>
<attalias>WC_VI</attalias>
<attrtype>Long</attrtype>
<attwidth>4</attwidth>
<atprecis>0</atprecis>
<attscale>0</attscale>
<attrdef>Percentage of the polygon in Wetness Class VI where the soil profile is wet within 40 cm depth for more than 335 days in most years.</attrdef>
<attrdefs>Esri</attrdefs>
</attr>
<attr>
<attrlabl>WC_NA</attrlabl>
<attalias>WC_NA</attalias>
<attrtype>Double</attrtype>
<attwidth>8</attwidth>
<atprecis>0</atprecis>
<attscale>0</attscale>
<attrdef>Percentage of the polygon where classification of wetness is not applicable for example rivers or lakes.</attrdef>
<attrdefs>Esri</attrdefs>
</attr>
<attr>
<attrlabl>WC_IV_VI</attrlabl>
<attalias>WC_IV_VI</attalias>
<attrtype>Short</attrtype>
<attwidth>2</attwidth>
<atprecis>0</atprecis>
<attscale>0</attscale>
<attrdef>WC_IV_VI</attrdef>
<attrdefs>Esri</attrdefs>
</attr>
<attr>
<attrlabl>Shape_Length</attrlabl>
<attalias>Shape_Length</attalias>
<attrtype>Double</attrtype>
<attwidth>8</attwidth>
<atprecis>0</atprecis>
<attscale>0</attscale>
<attrdef>Length of feature in internal units.</attrdef>
<attrdefs>Esri</attrdefs>
<attrdomv>
<udom>Positive real numbers that are automatically generated.</udom>
</attrdomv>
</attr>
<attr>
<attrlabl>Shape_Area</attrlabl>
<attalias>Shape_Area</attalias>
<attrtype>Double</attrtype>
<attwidth>8</attwidth>
<atprecis>0</atprecis>
<attscale>0</attscale>
<attrdef>Area of feature in internal units squared.</attrdef>
<attrdefs>Esri</attrdefs>
<attrdomv>
<udom>Positive real numbers that are automatically generated.</udom>
</attrdomv>
</attr>
</detailed>
</eainfo>
<spatRepInfo>
<VectSpatRep>
<topLvl>
<TopoLevCd value="001" Sync="TRUE">
</TopoLevCd>
</topLvl>
<geometObjs Name="NATMAPwetness">
<geoObjTyp>
<GeoObjTypCd value="002" Sync="TRUE">
</GeoObjTypCd>
</geoObjTyp>
<geoObjCnt>52263</geoObjCnt>
</geometObjs>
</VectSpatRep>
</spatRepInfo>
<mdParentID>LandIS</mdParentID>
<spdoinfo>
<ptvctinf>
<esriterm Name="NATMAPwetness">
<efeatyp Sync="TRUE">Simple</efeatyp>
<efeageom code="4" Sync="TRUE">
</efeageom>
<esritopo Sync="TRUE">FALSE</esritopo>
<efeacnt Sync="TRUE">52263</efeacnt>
<spindex Sync="TRUE">TRUE</spindex>
<linrefer Sync="TRUE">FALSE</linrefer>
</esriterm>
</ptvctinf>
</spdoinfo>
</metadata>
