<?xml version="1.0" encoding="UTF-8"?>
<metadata xml:lang="en">
<Esri>
<CreaDate>20251021</CreaDate>
<CreaTime>15010600</CreaTime>
<ArcGISFormat>1.0</ArcGISFormat>
<ArcGISProfile>ISO19139</ArcGISProfile>
<DataProperties>
<itemProps>
<imsContentType>002</imsContentType>
<itemName Sync="TRUE">RAIN4170_5K</itemName>
<nativeExtBox>
<westBL Sync="TRUE">135000.000000</westBL>
<eastBL Sync="TRUE">655000.000000</eastBL>
<southBL Sync="TRUE">10000.000000</southBL>
<northBL Sync="TRUE">660000.000000</northBL>
<exTypeCode Sync="TRUE">1</exTypeCode>
</nativeExtBox>
</itemProps>
<coordRef>
<type Sync="TRUE">Projected</type>
<geogcsn Sync="TRUE">GCS_OSGB_1936</geogcsn>
<csUnits Sync="TRUE">Linear Unit: Meter (1.000000)</csUnits>
<projcsn Sync="TRUE">British_National_Grid</projcsn>
<peXml Sync="TRUE">&lt;ProjectedCoordinateSystem xsi:type='typens:ProjectedCoordinateSystem' xmlns:xsi='http://www.w3.org/2001/XMLSchema-instance' xmlns:xs='http://www.w3.org/2001/XMLSchema' xmlns:typens='http://www.esri.com/schemas/ArcGIS/3.5.0'&gt;&lt;WKT&gt;PROJCS[&amp;quot;British_National_Grid&amp;quot;,GEOGCS[&amp;quot;GCS_OSGB_1936&amp;quot;,DATUM[&amp;quot;D_OSGB_1936&amp;quot;,SPHEROID[&amp;quot;Airy_1830&amp;quot;,6377563.396,299.3249646]],PRIMEM[&amp;quot;Greenwich&amp;quot;,0.0],UNIT[&amp;quot;Degree&amp;quot;,0.0174532925199433]],PROJECTION[&amp;quot;Transverse_Mercator&amp;quot;],PARAMETER[&amp;quot;False_Easting&amp;quot;,400000.0],PARAMETER[&amp;quot;False_Northing&amp;quot;,-100000.0],PARAMETER[&amp;quot;Central_Meridian&amp;quot;,-2.0],PARAMETER[&amp;quot;Scale_Factor&amp;quot;,0.9996012717],PARAMETER[&amp;quot;Latitude_Of_Origin&amp;quot;,49.0],UNIT[&amp;quot;Meter&amp;quot;,1.0],AUTHORITY[&amp;quot;EPSG&amp;quot;,27700]]&lt;/WKT&gt;&lt;XOrigin&gt;-5220400&lt;/XOrigin&gt;&lt;YOrigin&gt;-15524400&lt;/YOrigin&gt;&lt;XYScale&gt;450481592.76709664&lt;/XYScale&gt;&lt;ZOrigin&gt;-100000&lt;/ZOrigin&gt;&lt;ZScale&gt;10000&lt;/ZScale&gt;&lt;MOrigin&gt;-100000&lt;/MOrigin&gt;&lt;MScale&gt;10000&lt;/MScale&gt;&lt;XYTolerance&gt;0.001&lt;/XYTolerance&gt;&lt;ZTolerance&gt;0.001&lt;/ZTolerance&gt;&lt;MTolerance&gt;0.001&lt;/MTolerance&gt;&lt;HighPrecision&gt;true&lt;/HighPrecision&gt;&lt;WKID&gt;27700&lt;/WKID&gt;&lt;LatestWKID&gt;27700&lt;/LatestWKID&gt;&lt;/ProjectedCoordinateSystem&gt;</peXml>
</coordRef>
</DataProperties>
<scaleRange>
<minScale>14618662.633503</minScale>
<maxScale>4555.749261</maxScale>
</scaleRange>
<ModDate>20260205</ModDate>
<ModTime>12325800</ModTime>
<SyncOnce>FALSE</SyncOnce>
<SyncDate>20260205</SyncDate>
<SyncTime>12325800</SyncTime>
</Esri>
<dataIdInfo>
<idAbs>&lt;p&gt;Rainfall data produced by the Meteorological Office for England and Wales at a 5 km grid resolution for the years 1941-1970.&lt;/p&gt;</idAbs>
<idCitation>
<resTitle>RAIN4170_5K</resTitle>
<date>
<pubDate>2026-03-31T00:00:00</pubDate>
</date>
<presForm>
<PresFormCd value="005" Sync="TRUE">
</PresFormCd>
</presForm>
<collTitle>LandIS</collTitle>
</idCitation>
<dataExt>
<exDesc>England and Wales</exDesc>
<geoEle>
<GeoBndBox>
<westBL>-5.80</westBL>
<eastBL>1.80</eastBL>
<northBL>55.80</northBL>
<southBL>49.80</southBL>
<exTypeCode>1</exTypeCode>
</GeoBndBox>
</geoEle>
</dataExt>
<searchKeys>
<keyword>Rainfall</keyword>
<keyword>rain</keyword>
</searchKeys>
<idPurp>Rainfall data produced by the Meteorological Office for England and Wales, 1941-1970, at a 5 km grid resolution</idPurp>
<idCredit>© Cranfield University and the Controller of HMSO</idCredit>
<resConst>
<Consts>
<useLimit>&lt;p&gt;The information contained in LandIS is copyright and its use is therefore subject to a specific licensing agreement between Cranfield University and the user. Depending on the status of the user, the cost can vary from a fully commercial charge for data lease to being royalty free with a small charge for extraction and preparation of the data to meet the user's needs.&lt;/p&gt;</useLimit>
</Consts>
</resConst>
<dataLang>
<languageCode value="eng">
</languageCode>
<countryCode value="GB" Sync="FALSE">
</countryCode>
</dataLang>
<dataChar>
<CharSetCd value="004">
</CharSetCd>
</dataChar>
<spatRpType>
<SpatRepTypCd value="001" Sync="FALSE">
</SpatRepTypCd>
</spatRpType>
<dataScale>
<equScale>
<rfDenom>250000</rfDenom>
</equScale>
</dataScale>
<envirDesc Sync="FALSE">Esri ArcGIS 13.5.3.57366</envirDesc>
<otherKeys>
<thesaName>
<resTitle>GEMET - INSPIRE themes, version 1.0</resTitle>
</thesaName>
<keyword>Meteorological geographical features</keyword>
</otherKeys>
<otherKeys>
<thesaName>
<resTitle>GEMET - Concepts, version 2.3</resTitle>
</thesaName>
<keyword>rain</keyword>
</otherKeys>
<tpCat>
<TopicCatCd value="004">
</TopicCatCd>
</tpCat>
</dataIdInfo>
<mdLang>
<languageCode value="eng">
</languageCode>
<countryCode value="GBR" Sync="TRUE">
</countryCode>
</mdLang>
<mdHrLv>
<ScopeCd value="005">
</ScopeCd>
</mdHrLv>
<mdHrLvName>dataset</mdHrLvName>
<mdFileID>RAIN4170_5K</mdFileID>
<mdChar>
<CharSetCd value="004">
</CharSetCd>
</mdChar>
<mdDateSt>2026-03-31</mdDateSt>
<mdContact>
<role>
<RoleCd value="007">
</RoleCd>
</role>
<rpCntInfo>
<cntAddress addressType="postal">
<eMailAdd>landis@cranfield.ac.uk</eMailAdd>
<delPoint>Building 121, Cranfield Campus</delPoint>
<city>Cranfield</city>
<adminArea>Bedfordshire</adminArea>
<postCode>MK43 0AL</postCode>
<country>GB</country>
</cntAddress>
<cntPhone>
<voiceNum>+44 (0)1234 750111</voiceNum>
</cntPhone>
<cntOnlineRes>
<linkage>https://www.landis.org.uk</linkage>
</cntOnlineRes>
<cntHours>9am-5pm (United Kingdom Time)</cntHours>
<cntInstr>Please email us in the first instance.</cntInstr>
</rpCntInfo>
<rpOrgName>Cranfield University</rpOrgName>
<rpPosName>Administrator</rpPosName>
<rpIndName>LandIS Administrator</rpIndName>
</mdContact>
<dqInfo>
<dqScope>
<scpLvl>
<ScopeCd value="005">
</ScopeCd>
</scpLvl>
</dqScope>
<dataLineage>
<statement>The agroclimatic data represents a statistical summary of measured properties interpolated across England and Wales and therefore has the inherent limitations of interpolated data.</statement>
</dataLineage>
</dqInfo>
<distInfo>
<distFormat>
<formatName>File Geodatabase Feature Class</formatName>
<formatVer>1</formatVer>
</distFormat>
</distInfo>
<refSysInfo>
<RefSystem>
<refSysID>
<identCode code="British National Grid" Sync="FALSE">
</identCode>
<idCodeSpace>EPSG</idCodeSpace>
<idVersion>6.3(3.0.1)</idVersion>
</refSysID>
</RefSystem>
</refSysInfo>
<mdMaint>
<maintFreq>
<MaintFreqCd value="010">
</MaintFreqCd>
</maintFreq>
</mdMaint>
<eainfo>
<detailed Name="RAIN4170_5K">
<enttyp>
<enttypl>RAIN4170_5K</enttypl>
<enttypt>Feature Class</enttypt>
<enttypc>6456</enttypc>
</enttyp>
<attr>
<attrlabl>OBJECTID</attrlabl>
<attalias>OBJECTID</attalias>
<attrdef>Internal feature number.</attrdef>
<attrtype>OID</attrtype>
<attwidth>4</attwidth>
<atprecis>0</atprecis>
<attrdefs>Esri</attrdefs>
<attscale>0</attscale>
<attrdomv>
<udom>Sequential unique whole numbers that are automatically generated.</udom>
</attrdomv>
</attr>
<attr>
<attrlabl>Shape</attrlabl>
<attalias>Shape</attalias>
<attrdef>Feature geometry.</attrdef>
<attrtype>Geometry</attrtype>
<attwidth>0</attwidth>
<atprecis>0</atprecis>
<attrdefs>Esri</attrdefs>
<attscale>0</attscale>
<attrdomv>
<udom>Coordinates defining the features.</udom>
</attrdomv>
</attr>
<attr>
<attrlabl>ID_5K</attrlabl>
<attalias>ID_5K</attalias>
<attrtype>Long</attrtype>
<attwidth>4</attwidth>
<atprecis>0</atprecis>
<attrdefs>Esri</attrdefs>
<attrdef>Identification number for each 5km cell in the UK calculated as (TRUNC(NORTHING/5000)*140+TRUNC(EASTING/5000))</attrdef>
<attscale>0</attscale>
</attr>
<attr>
<attrlabl>EAST_5K</attrlabl>
<attalias>EAST_5K</attalias>
<attrdef>National Grid reference easting at 5 km resolution</attrdef>
<attrtype>Long</attrtype>
<attwidth>4</attwidth>
<atprecis>0</atprecis>
<attrdefs>Esri</attrdefs>
<attscale>0</attscale>
</attr>
<attr>
<attrlabl>NORTH_5K</attrlabl>
<attalias>NORTH_5K</attalias>
<attrdef>National Grid reference northing at 5 km resolution</attrdef>
<attrtype>Long</attrtype>
<attwidth>4</attwidth>
<atprecis>0</atprecis>
<attrdefs>Esri</attrdefs>
<attscale>0</attscale>
</attr>
<attr>
<attrlabl>AAR_5K</attrlabl>
<attalias>AAR_5K</attalias>
<attrdef>Average annual rainfall (mm) in 5 km x 5 km area referenced by the south west corner.</attrdef>
<attrtype>Short</attrtype>
<attwidth>2</attwidth>
<atprecis>0</atprecis>
<attrdefs>Esri</attrdefs>
<attscale>0</attscale>
</attr>
<attr>
<attrlabl>ASR_5K</attrlabl>
<attalias>ASR_5K</attalias>
<attrdef>Annual summer rainfall (mm) at 5 km resolution.</attrdef>
<attrtype>Short</attrtype>
<attwidth>2</attwidth>
<atprecis>0</atprecis>
<attrdefs>Esri</attrdefs>
<attscale>0</attscale>
</attr>
<attr>
<attrlabl>XWR_5K</attrlabl>
<attalias>XWR_5K</attalias>
<attrdef>Excess winter rainfall (mm) in 5 km area.</attrdef>
<attrtype>Short</attrtype>
<attwidth>2</attwidth>
<atprecis>0</atprecis>
<attrdefs>Esri</attrdefs>
<attscale>0</attscale>
</attr>
<attr>
<attrlabl>LR_AAR</attrlabl>
<attalias>LR_AAR</attalias>
<attrdef>Lapse rate for annual average rainfall (mm/m) - the increase in rainfall with increasing altitude.</attrdef>
<attrtype>Float</attrtype>
<attwidth>4</attwidth>
<atprecis>0</atprecis>
<attrdefs>Esri</attrdefs>
<attscale>0</attscale>
</attr>
<attr>
<attrlabl>JAN_R_MEAN</attrlabl>
<attalias>JAN_R_MEAN</attalias>
<attrdef>Mean rainfall (mm) for January.</attrdef>
<attrtype>Short</attrtype>
<attwidth>2</attwidth>
<atprecis>0</atprecis>
<attrdefs>Esri</attrdefs>
<attscale>0</attscale>
</attr>
<attr>
<attrlabl>FEB_R_MEAN</attrlabl>
<attalias>FEB_R_MEAN</attalias>
<attrdef>Mean rainfall (mm) for February.</attrdef>
<attrtype>Short</attrtype>
<attwidth>2</attwidth>
<atprecis>0</atprecis>
<attrdefs>Esri</attrdefs>
<attscale>0</attscale>
</attr>
<attr>
<attrlabl>MAR_R_MEAN</attrlabl>
<attalias>MAR_R_MEAN</attalias>
<attrdef>Mean rainfall (mm) for March.</attrdef>
<attrtype>Short</attrtype>
<attwidth>2</attwidth>
<atprecis>0</atprecis>
<attrdefs>Esri</attrdefs>
<attscale>0</attscale>
</attr>
<attr>
<attrlabl>APR_R_MEAN</attrlabl>
<attalias>APR_R_MEAN</attalias>
<attrdef>Mean rainfall (mm) for April.</attrdef>
<attrtype>Short</attrtype>
<attwidth>2</attwidth>
<atprecis>0</atprecis>
<attrdefs>Esri</attrdefs>
<attscale>0</attscale>
</attr>
<attr>
<attrlabl>MAY_R_MEAN</attrlabl>
<attalias>MAY_R_MEAN</attalias>
<attrdef>Mean rainfall (mm) for May</attrdef>
<attrtype>Short</attrtype>
<attwidth>2</attwidth>
<atprecis>0</atprecis>
<attrdefs>Esri</attrdefs>
<attscale>0</attscale>
</attr>
<attr>
<attrlabl>JUN_R_MEAN</attrlabl>
<attalias>JUN_R_MEAN</attalias>
<attrdef>Mean rainfall (mm) for June.</attrdef>
<attrtype>Short</attrtype>
<attwidth>2</attwidth>
<atprecis>0</atprecis>
<attrdefs>Esri</attrdefs>
<attscale>0</attscale>
</attr>
<attr>
<attrlabl>JLY_R_MEAN</attrlabl>
<attalias>JLY_R_MEAN</attalias>
<attrdef>Mean rainfall (mm) for July.</attrdef>
<attrtype>Short</attrtype>
<attwidth>2</attwidth>
<atprecis>0</atprecis>
<attrdefs>Esri</attrdefs>
<attscale>0</attscale>
</attr>
<attr>
<attrlabl>AUG_R_MEAN</attrlabl>
<attalias>AUG_R_MEAN</attalias>
<attrdef>Mean rainfall (mm) for August.</attrdef>
<attrtype>Short</attrtype>
<attwidth>2</attwidth>
<atprecis>0</atprecis>
<attrdefs>Esri</attrdefs>
<attscale>0</attscale>
</attr>
<attr>
<attrlabl>SEP_R_MEAN</attrlabl>
<attalias>SEP_R_MEAN</attalias>
<attrdef>Mean rainfall (mm) for September.</attrdef>
<attrtype>Short</attrtype>
<attwidth>2</attwidth>
<atprecis>0</atprecis>
<attrdefs>Esri</attrdefs>
<attscale>0</attscale>
</attr>
<attr>
<attrlabl>OCT_R_MEAN</attrlabl>
<attalias>OCT_R_MEAN</attalias>
<attrdef>Mean rainfall (mm) for October.</attrdef>
<attrtype>Short</attrtype>
<attwidth>2</attwidth>
<atprecis>0</atprecis>
<attrdefs>Esri</attrdefs>
<attscale>0</attscale>
</attr>
<attr>
<attrlabl>NOV_R_MEAN</attrlabl>
<attalias>NOV_R_MEAN</attalias>
<attrdef>Mean rainfall (mm) for November</attrdef>
<attrtype>Short</attrtype>
<attwidth>2</attwidth>
<atprecis>0</atprecis>
<attrdefs>Esri</attrdefs>
<attscale>0</attscale>
</attr>
<attr>
<attrlabl>DEC_R_MEAN</attrlabl>
<attalias>DEC_R_MEAN</attalias>
<attrdef>Mean rainfall (mm) for December.</attrdef>
<attrtype>Short</attrtype>
<attwidth>2</attwidth>
<atprecis>0</atprecis>
<attrdefs>Esri</attrdefs>
<attscale>0</attscale>
</attr>
</detailed>
</eainfo>
<spatRepInfo>
<VectSpatRep>
<topLvl>
<TopoLevCd value="001" Sync="TRUE">
</TopoLevCd>
</topLvl>
<geometObjs Name="RAIN4170_5K">
<geoObjTyp>
<GeoObjTypCd value="004" Sync="TRUE">
</GeoObjTypCd>
</geoObjTyp>
<geoObjCnt>6456</geoObjCnt>
</geometObjs>
</VectSpatRep>
</spatRepInfo>
<mdParentID>LandIS</mdParentID>
<spdoinfo>
<ptvctinf>
<esriterm Name="RAIN4170_5K">
<efeatyp Sync="TRUE">Simple</efeatyp>
<efeageom code="1" Sync="TRUE">
</efeageom>
<esritopo Sync="TRUE">FALSE</esritopo>
<efeacnt Sync="TRUE">6456</efeacnt>
<spindex Sync="TRUE">TRUE</spindex>
<linrefer Sync="TRUE">FALSE</linrefer>
</esriterm>
</ptvctinf>
</spdoinfo>
</metadata>
