<?xml version="1.0" encoding="UTF-8"?>
<metadata xml:lang="en">
<Esri>
<CreaDate>20251021</CreaDate>
<CreaTime>14441100</CreaTime>
<ArcGISFormat>1.0</ArcGISFormat>
<ArcGISProfile>ISO19139</ArcGISProfile>
<DataProperties>
<itemProps>
<imsContentType Sync="TRUE">002</imsContentType>
<itemName Sync="TRUE">SOILPITprofileclassified</itemName>
<nativeExtBox>
<westBL Sync="TRUE">143000.000000</westBL>
<eastBL Sync="TRUE">646700.000000</eastBL>
<southBL Sync="TRUE">13340.000000</southBL>
<northBL Sync="TRUE">627100.000000</northBL>
<exTypeCode Sync="TRUE">1</exTypeCode>
</nativeExtBox>
</itemProps>
<coordRef>
<type Sync="TRUE">Projected</type>
<geogcsn Sync="TRUE">GCS_OSGB_1936</geogcsn>
<csUnits Sync="TRUE">Linear Unit: Meter (1.000000)</csUnits>
<projcsn Sync="TRUE">British_National_Grid</projcsn>
<peXml Sync="TRUE">&lt;ProjectedCoordinateSystem xsi:type='typens:ProjectedCoordinateSystem' xmlns:xsi='http://www.w3.org/2001/XMLSchema-instance' xmlns:xs='http://www.w3.org/2001/XMLSchema' xmlns:typens='http://www.esri.com/schemas/ArcGIS/3.5.0'&gt;&lt;WKT&gt;PROJCS[&amp;quot;British_National_Grid&amp;quot;,GEOGCS[&amp;quot;GCS_OSGB_1936&amp;quot;,DATUM[&amp;quot;D_OSGB_1936&amp;quot;,SPHEROID[&amp;quot;Airy_1830&amp;quot;,6377563.396,299.3249646]],PRIMEM[&amp;quot;Greenwich&amp;quot;,0.0],UNIT[&amp;quot;Degree&amp;quot;,0.0174532925199433]],PROJECTION[&amp;quot;Transverse_Mercator&amp;quot;],PARAMETER[&amp;quot;False_Easting&amp;quot;,400000.0],PARAMETER[&amp;quot;False_Northing&amp;quot;,-100000.0],PARAMETER[&amp;quot;Central_Meridian&amp;quot;,-2.0],PARAMETER[&amp;quot;Scale_Factor&amp;quot;,0.9996012717],PARAMETER[&amp;quot;Latitude_Of_Origin&amp;quot;,49.0],UNIT[&amp;quot;Meter&amp;quot;,1.0],AUTHORITY[&amp;quot;EPSG&amp;quot;,27700]]&lt;/WKT&gt;&lt;XOrigin&gt;-5220400&lt;/XOrigin&gt;&lt;YOrigin&gt;-15524400&lt;/YOrigin&gt;&lt;XYScale&gt;450481592.76709664&lt;/XYScale&gt;&lt;ZOrigin&gt;-100000&lt;/ZOrigin&gt;&lt;ZScale&gt;10000&lt;/ZScale&gt;&lt;MOrigin&gt;-100000&lt;/MOrigin&gt;&lt;MScale&gt;10000&lt;/MScale&gt;&lt;XYTolerance&gt;0.001&lt;/XYTolerance&gt;&lt;ZTolerance&gt;0.001&lt;/ZTolerance&gt;&lt;MTolerance&gt;0.001&lt;/MTolerance&gt;&lt;HighPrecision&gt;true&lt;/HighPrecision&gt;&lt;WKID&gt;27700&lt;/WKID&gt;&lt;LatestWKID&gt;27700&lt;/LatestWKID&gt;&lt;/ProjectedCoordinateSystem&gt;</peXml>
</coordRef>
</DataProperties>
<scaleRange>
<minScale>14612802.145231</minScale>
<maxScale>5212.146505</maxScale>
</scaleRange>
<ModDate>20260205</ModDate>
<ModTime>12374200</ModTime>
<SyncOnce>FALSE</SyncOnce>
<SyncDate>20260205</SyncDate>
<SyncTime>12374200</SyncTime>
</Esri>
<dataIdInfo>
<idAbs>&lt;p&gt;Soil pits represent the most detailed descriptions made of a soil profile. They are used for classification of the soil series. For generating standard property information on a series base it was necessary to check and simplify some of the more critical properties of the profile such as the series and subgroup classification.&lt;/p&gt;&lt;p&gt;&amp;nbsp;&lt;/p&gt;&lt;p&gt;Detailed soil pits were dug to characterise the numerous soil series identified in the soil taxonomic system used in England and Wales. Many of these detailed records are published in the records, memoirs and bulletins that accompany the national soil map and other detailed maps.&lt;/p&gt;&lt;p&gt;&lt;br&gt;A full soil profile pit was excavated at the location, soil series identified, with full profile description and samples of each horizon.&lt;/p&gt;&lt;p&gt;&lt;br&gt;Information extracted: soil series (for peat presence) and peat depth. Analytical information from the soil samples was also used to characterise the organic carbon content and bulk density for peat soils.&lt;/p&gt;</idAbs>
<idCitation>
<resTitle>SOILPITprofileclassified</resTitle>
<date>
<pubDate>2026-03-31T00:00:00</pubDate>
</date>
<presForm>
<PresFormCd value="005" Sync="TRUE">
</PresFormCd>
</presForm>
<collTitle>LandIS</collTitle>
</idCitation>
<dataExt>
<exDesc>England and Wales</exDesc>
<geoEle>
<GeoBndBox>
<westBL Sync="FALSE">-5.80</westBL>
<eastBL Sync="FALSE">1.80</eastBL>
<northBL Sync="FALSE">55.80</northBL>
<southBL Sync="FALSE">49.80</southBL>
<exTypeCode>1</exTypeCode>
</GeoBndBox>
</geoEle>
</dataExt>
<searchKeys>
<keyword>Soil</keyword>
</searchKeys>
<idPurp>Classified soil pit profile information</idPurp>
<idCredit>© Cranfield University and the Controller of HMSO</idCredit>
<resConst>
<Consts>
<useLimit>&lt;p&gt;The information contained in LandIS is copyright and its use is therefore subject to a specific licensing agreement between Cranfield University and the user. Depending on the status of the user, the cost can vary from a fully commercial charge for data lease to being royalty free with a small charge for extraction and preparation of the data to meet the user's needs.&lt;/p&gt;</useLimit>
</Consts>
</resConst>
<dataLang>
<languageCode value="eng">
</languageCode>
<countryCode value="GB" Sync="TRUE">
</countryCode>
</dataLang>
<dataChar>
<CharSetCd value="004">
</CharSetCd>
</dataChar>
<spatRpType>
<SpatRepTypCd value="001">
</SpatRepTypCd>
</spatRpType>
<dataScale>
<equScale>
<rfDenom>250000</rfDenom>
</equScale>
</dataScale>
<envirDesc Sync="FALSE">Esri ArcGIS 13.5.0.57366</envirDesc>
<otherKeys>
<thesaName>
<resTitle>GEMET - INSPIRE themes, version 1.0</resTitle>
</thesaName>
<keyword>Soil</keyword>
</otherKeys>
<otherKeys>
<thesaName>
<resTitle>GEMET - Concepts, version 2.3</resTitle>
</thesaName>
<keyword>soil profile</keyword>
<keyword>soil layer</keyword>
<keyword>soil texture</keyword>
</otherKeys>
<tpCat>
<TopicCatCd value="008">
</TopicCatCd>
</tpCat>
</dataIdInfo>
<mdLang>
<languageCode value="eng">
</languageCode>
<countryCode value="GBR" Sync="TRUE">
</countryCode>
</mdLang>
<mdHrLv>
<ScopeCd value="005">
</ScopeCd>
</mdHrLv>
<mdHrLvName>dataset</mdHrLvName>
<mdFileID>SOILPITprofileclassified</mdFileID>
<mdChar>
<CharSetCd value="004">
</CharSetCd>
</mdChar>
<mdDateSt>2026-03-31</mdDateSt>
<mdContact>
<role>
<RoleCd value="007">
</RoleCd>
</role>
<rpCntInfo>
<cntAddress addressType="postal">
<eMailAdd>landis@cranfield.ac.uk</eMailAdd>
<delPoint>Building 121, Cranfield Campus</delPoint>
<city>Cranfield</city>
<adminArea>Bedfordshire</adminArea>
<postCode>MK43 0AL</postCode>
<country>GB</country>
</cntAddress>
<cntPhone>
<voiceNum>+44 (0)1234 750111</voiceNum>
</cntPhone>
<cntOnlineRes>
<linkage>https://www.landis.org.uk</linkage>
</cntOnlineRes>
<cntHours>9am-5pm (United Kingdom Time)</cntHours>
<cntInstr>Please email us in the first instance.</cntInstr>
</rpCntInfo>
<rpOrgName>Cranfield University</rpOrgName>
<rpPosName>Administrator</rpPosName>
<rpIndName>LandIS Administrator</rpIndName>
</mdContact>
<dqInfo>
<dqScope>
<scpLvl>
<ScopeCd value="005">
</ScopeCd>
</scpLvl>
</dqScope>
<dataLineage>
<statement>The soil pit data has been recorded over many years, in many different formats. The soil surveyors entered the data and checked the information afterwards, but the potential for error is still high. The individual attributes are checked to make sure they are within the right range of values.</statement>
</dataLineage>
</dqInfo>
<distInfo>
<distFormat>
<formatName>File Geodatabase Feature Class</formatName>
<formatVer>1</formatVer>
</distFormat>
</distInfo>
<refSysInfo>
<RefSystem>
<refSysID>
<identCode code="British National Grid" Sync="FALSE">
</identCode>
<idCodeSpace>EPSG</idCodeSpace>
<idVersion>6.3(3.0.1)</idVersion>
</refSysID>
</RefSystem>
</refSysInfo>
<mdMaint>
<maintFreq>
<MaintFreqCd value="010">
</MaintFreqCd>
</maintFreq>
</mdMaint>
<eainfo>
<detailed Name="SOILPITprofileclassified">
<attr>
<attrlabl>OBJECTID</attrlabl>
<attrtype>OID</attrtype>
<attrdef>Object Identifier</attrdef>
<attwidth>4</attwidth>
<attrdefs>Esri</attrdefs>
<attalias>OBJECTID</attalias>
<atprecis>0</atprecis>
<attscale>0</attscale>
<attrdomv>
<udom>Sequential unique whole numbers that are automatically generated.</udom>
</attrdomv>
</attr>
<attr>
<attrlabl>Shape</attrlabl>
<attrtype>Geometry</attrtype>
<attrdef>Shape</attrdef>
<attwidth>0</attwidth>
<attrdefs>Esri</attrdefs>
<attalias>Shape</attalias>
<atprecis>0</atprecis>
<attscale>0</attscale>
<attrdomv>
<udom>Coordinates defining the features.</udom>
</attrdomv>
</attr>
<attr>
<attrlabl>PROFILE_NO</attrlabl>
<attrtype>String</attrtype>
<attrdef>Unique identification code given to each soilpit in the format AAen/eennX  where X is a letter used to identify profiles measured in the same 100 m square.</attrdef>
<attwidth>12</attwidth>
<attrdefs>Esri</attrdefs>
<attalias>PROFILE_NO</attalias>
<atprecis>0</atprecis>
<attscale>0</attscale>
</attr>
<attr>
<attrlabl>EAST_10M</attrlabl>
<attrtype>Integer</attrtype>
<attrdef>National Grid reference easting at 10 m resolution</attrdef>
<attwidth>4</attwidth>
<attrdefs>Esri</attrdefs>
<attalias>EAST_10M</attalias>
<atprecis>0</atprecis>
<attscale>0</attscale>
</attr>
<attr>
<attrlabl>NORTH_10M</attrlabl>
<attrtype>Integer</attrtype>
<attwidth>4</attwidth>
<attrdef>National Grid reference northing at 10 m resolution</attrdef>
<attrdefs>Esri</attrdefs>
<attalias>NORTH_10M</attalias>
<atprecis>0</atprecis>
<attscale>0</attscale>
</attr>
<attr>
<attrlabl>GRID_ID</attrlabl>
<attrtype>String</attrtype>
<attrdef>Identifier associated with the grid reference to uniquely reference profiles within 100 m of each other</attrdef>
<attwidth>1</attwidth>
<attrdefs>Esri</attrdefs>
<attalias>GRID_ID</attalias>
<atprecis>0</atprecis>
<attscale>0</attscale>
</attr>
<attr>
<attrlabl>UPPER_DEPTH</attrlabl>
<attrtype>SmallInteger</attrtype>
<attrdef>Horizon upper depth in cm (&lt;0 indicated litter layer)</attrdef>
<attwidth>2</attwidth>
<attrdefs>Esri</attrdefs>
<attalias>UPPER_DEPTH</attalias>
<atprecis>0</atprecis>
<attscale>0</attscale>
</attr>
<attr>
<attrlabl>LOWER_DEPTH</attrlabl>
<attrtype>SmallInteger</attrtype>
<attwidth>2</attwidth>
<attrdef>Horizon lower depth in cm (999 implies depth below bottom of profile)</attrdef>
<attrdefs>Esri</attrdefs>
<attalias>LOWER_DEPTH</attalias>
<atprecis>0</atprecis>
<attscale>0</attscale>
</attr>
<attr>
<attrlabl>LAYER_IND</attrlabl>
<attrtype>String</attrtype>
<attrdef>Indicator of whether a horizon is either the Top (T) or Bottom (B) horizon</attrdef>
<attwidth>1</attwidth>
<attrdefs>Esri</attrdefs>
<attalias>LAYER_IND</attalias>
<atprecis>0</atprecis>
<attscale>0</attscale>
</attr>
<attr>
<attrlabl>H_DISCONT</attrlabl>
<attrtype>String</attrtype>
<attrdef>Lithological discontinuity designated by numerical prefix or b to denote a buried horizon</attrdef>
<attwidth>1</attwidth>
<attrdefs>Esri</attrdefs>
<attalias>H_DISCONT</attalias>
<atprecis>0</atprecis>
<attscale>0</attscale>
</attr>
<attr>
<attrlabl>H_UPPER_CASE</attrlabl>
<attrtype>String</attrtype>
<attrdef>Main designation for horizons, used to differentiate horizons from those above or below</attrdef>
<attwidth>2</attwidth>
<attrdefs>Esri</attrdefs>
<attalias>H_UPPER_CASE</attalias>
<atprecis>0</atprecis>
<attscale>0</attscale>
</attr>
<attr>
<attrlabl>H_LOWER_CASE</attrlabl>
<attrtype>String</attrtype>
<attwidth>5</attwidth>
<attrdef>Specific differentiating characteristics for horizon notation denoted by one or more lower-case suffixes</attrdef>
<attrdefs>Esri</attrdefs>
<attalias>H_LOWER_CASE</attalias>
<atprecis>0</atprecis>
<attscale>0</attscale>
</attr>
<attr>
<attrlabl>HOR_JOIN</attrlabl>
<attrtype>String</attrtype>
<attrdef>The join character of a mixed horizon (/, + or space)</attrdef>
<attwidth>1</attwidth>
<attrdefs>Esri</attrdefs>
<attalias>HOR_JOIN</attalias>
<atprecis>0</atprecis>
<attscale>0</attscale>
</attr>
<attr>
<attrlabl>H_DISCONT_2</attrlabl>
<attrtype>String</attrtype>
<attrdef>Secondary lithological discontinuity for horizons with mixed or indeterminate character</attrdef>
<attwidth>1</attwidth>
<attrdefs>Esri</attrdefs>
<attalias>H_DISCONT_2</attalias>
<atprecis>0</atprecis>
<attscale>0</attscale>
</attr>
<attr>
<attrlabl>H_UPPER_CASE_2</attrlabl>
<attrtype>String</attrtype>
<attrdef>Main designation for horizons of a mixed or indeterminate character</attrdef>
<attwidth>2</attwidth>
<attrdefs>Esri</attrdefs>
<attalias>H_UPPER_CASE_2</attalias>
<atprecis>0</atprecis>
<attscale>0</attscale>
</attr>
<attr>
<attrlabl>H_LOWER_CASE_2</attrlabl>
<attrtype>String</attrtype>
<attrdef>Specific differentiating characteristics for secondary horizon notation for horizons with mixed or indeterminate character</attrdef>
<attwidth>5</attwidth>
<attrdefs>Esri</attrdefs>
<attalias>H_LOWER_CASE_2</attalias>
<atprecis>0</atprecis>
<attscale>0</attscale>
</attr>
<attr>
<attrlabl>REP_H_DISCONT</attrlabl>
<attrtype>String</attrtype>
<attrdef>Lithological discontinuity designated by numerical prefix or b to denote a buried horizon reclassified for representative profiles</attrdef>
<attwidth>1</attwidth>
<attrdefs>Esri</attrdefs>
<attalias>REP_H_DISCONT</attalias>
<atprecis>0</atprecis>
<attscale>0</attscale>
</attr>
<attr>
<attrlabl>REP_H_UPPER_CASE</attrlabl>
<attrtype>String</attrtype>
<attrdef>Main designation for horizons, used to differentiate horizons from those above or below reclassified for representative profiles</attrdef>
<attwidth>2</attwidth>
<attrdefs>Esri</attrdefs>
<attalias>REP_H_UPPER_CASE</attalias>
<atprecis>0</atprecis>
<attscale>0</attscale>
</attr>
<attr>
<attrlabl>REP_H_LOWER_CASE</attrlabl>
<attrtype>String</attrtype>
<attrdef>Specific differentiating characteristics for horizon notation denoted by one or more lower-case suffixes reclassified for representative profiles</attrdef>
<attwidth>5</attwidth>
<attrdefs>Esri</attrdefs>
<attalias>REP_H_LOWER_CASE</attalias>
<atprecis>0</atprecis>
<attscale>0</attscale>
</attr>
<attr>
<attrlabl>NATURE_O</attrlabl>
<attrtype>String</attrtype>
<attrdef>Nature of Organic horizon code, described in terms of their degree of decomposition, fibre content and botanical composition</attrdef>
<attwidth>3</attwidth>
<attrdefs>Esri</attrdefs>
<attalias>NATURE_O</attalias>
<atprecis>0</atprecis>
<attscale>0</attscale>
</attr>
<attr>
<attrlabl>ORG_MAT</attrlabl>
<attrtype>String</attrtype>
<attrdef>Organic matter status code for mineral horizons</attrdef>
<attwidth>1</attwidth>
<attrdefs>Esri</attrdefs>
<attalias>ORG_MAT</attalias>
<atprecis>0</atprecis>
<attscale>0</attscale>
</attr>
<attr>
<attrlabl>TEXTURE_MOD</attrlabl>
<attrtype>String</attrtype>
<attrdef>Soil texture class modifier</attrdef>
<attwidth>1</attwidth>
<attrdefs>Esri</attrdefs>
<attalias>TEXTURE_MOD</attalias>
<atprecis>0</atprecis>
<attscale>0</attscale>
</attr>
<attr>
<attrlabl>TEXTURE</attrlabl>
<attrtype>String</attrtype>
<attrdef>Soil texture class (includes particle size class and peat codes)</attrdef>
<attwidth>3</attwidth>
<attrdefs>Esri</attrdefs>
<attalias>TEXTURE</attalias>
<atprecis>0</atprecis>
<attscale>0</attscale>
</attr>
<enttyp>
<enttypl>SOILPITprofileclassified</enttypl>
<enttypt>Feature Class</enttypt>
<enttypc>5836</enttypc>
</enttyp>
</detailed>
</eainfo>
<spatRepInfo>
<VectSpatRep>
<topLvl>
<TopoLevCd value="001" Sync="TRUE">
</TopoLevCd>
</topLvl>
<geometObjs Name="SOILPITprofileclassified">
<geoObjTyp>
<GeoObjTypCd value="004" Sync="TRUE">
</GeoObjTypCd>
</geoObjTyp>
<geoObjCnt>5836</geoObjCnt>
</geometObjs>
</VectSpatRep>
</spatRepInfo>
<mdParentID>LandIS</mdParentID>
<spdoinfo>
<ptvctinf>
<esriterm Name="SOILPITprofileclassified">
<efeatyp Sync="TRUE">Simple</efeatyp>
<efeageom code="1" Sync="TRUE">
</efeageom>
<esritopo Sync="TRUE">FALSE</esritopo>
<efeacnt Sync="TRUE">5836</efeacnt>
<spindex Sync="TRUE">TRUE</spindex>
<linrefer Sync="TRUE">FALSE</linrefer>
</esriterm>
</ptvctinf>
</spdoinfo>
</metadata>
