<?xml version="1.0" encoding="UTF-8"?>
<metadata xml:lang="en">
<Esri>
<CreaDate>20251015</CreaDate>
<CreaTime>09512100</CreaTime>
<ArcGISFormat>1.0</ArcGISFormat>
<ArcGISProfile>ISO19139</ArcGISProfile>
<DataProperties>
<itemProps>
<imsContentType Sync="TRUE">002</imsContentType>
<itemName Sync="TRUE">SOILSERIESagronomy</itemName>
</itemProps>
</DataProperties>
<scaleRange>
<minScale>14612802.145231</minScale>
<maxScale>4555.749261</maxScale>
</scaleRange>
<ModDate>20260205</ModDate>
<ModTime>12413700</ModTime>
<SyncOnce>FALSE</SyncOnce>
<SyncDate>20260205</SyncDate>
<SyncTime>12413700</SyncTime>
</Esri>
<dataIdInfo>
<idAbs>&lt;p&gt;This product contains many properties of soil series, most of which are agronomic in nature. The water available throughout the profile to various crops (which is derived from the texture, stoniness and rooting depths of the different crops) and the depth of soil to either a rock or gleyed horizons&lt;/p&gt;</idAbs>
<idCitation>
<resTitle>SOILSERIESagronomy</resTitle>
<date>
<pubDate>2026-03-31T00:00:00</pubDate>
</date>
<presForm>
<PresFormCd value="011" Sync="TRUE">
</PresFormCd>
</presForm>
<collTitle>LandIS</collTitle>
</idCitation>
<dataExt>
<exDesc>England and Wales</exDesc>
<geoEle>
<GeoBndBox>
<westBL Sync="FALSE">-5.80</westBL>
<eastBL Sync="FALSE">1.80</eastBL>
<northBL Sync="FALSE">55.80</northBL>
<southBL Sync="FALSE">49.80</southBL>
<exTypeCode>1</exTypeCode>
</GeoBndBox>
</geoEle>
</dataExt>
<searchKeys>
<keyword>Soil</keyword>
</searchKeys>
<idPurp>Properties of soil series, most of which are agronomic in nature.</idPurp>
<idCredit>© Cranfield University and the Controller of HMSO</idCredit>
<resConst>
<Consts>
<useLimit>&lt;p&gt;The information contained in LandIS is copyright and its use is therefore subject to a specific licensing agreement between Cranfield University and the user. Depending on the status of the user, the cost can vary from a fully commercial charge for data lease to being royalty free with a small charge for extraction and preparation of the data to meet the user's needs.&lt;/p&gt;</useLimit>
</Consts>
</resConst>
<dataLang>
<languageCode value="eng">
</languageCode>
<countryCode value="GB" Sync="TRUE">
</countryCode>
</dataLang>
<dataChar>
<CharSetCd value="004">
</CharSetCd>
</dataChar>
<spatRpType>
<SpatRepTypCd value="003" Sync="TRUE">
</SpatRepTypCd>
</spatRpType>
<dataScale>
<equScale>
<rfDenom>250000</rfDenom>
</equScale>
</dataScale>
<envirDesc Sync="FALSE">Esri ArcGIS 13.5.0.57366</envirDesc>
<otherKeys>
<thesaName>
<resTitle>GEMET - INSPIRE themes, version 1.0</resTitle>
</thesaName>
<keyword>Soil</keyword>
</otherKeys>
<otherKeys>
<thesaName>
<resTitle>GEMET - Concepts, version 2.3</resTitle>
</thesaName>
<keyword>soil type</keyword>
<keyword>soil water</keyword>
</otherKeys>
<tpCat>
<TopicCatCd value="008">
</TopicCatCd>
</tpCat>
</dataIdInfo>
<mdLang>
<languageCode value="eng">
</languageCode>
<countryCode value="GBR" Sync="TRUE">
</countryCode>
</mdLang>
<mdHrLv>
<ScopeCd value="005">
</ScopeCd>
</mdHrLv>
<mdHrLvName>dataset</mdHrLvName>
<mdFileID>SOILSERIESagronomy</mdFileID>
<mdChar>
<CharSetCd value="004">
</CharSetCd>
</mdChar>
<mdDateSt>2026-03-31</mdDateSt>
<mdContact>
<role>
<RoleCd value="007">
</RoleCd>
</role>
<rpCntInfo>
<cntAddress addressType="postal">
<eMailAdd>landis@cranfield.ac.uk</eMailAdd>
<delPoint>Building 121, Cranfield Campus</delPoint>
<city>Cranfield</city>
<adminArea>Bedfordshire</adminArea>
<postCode>MK43 0AL</postCode>
<country>GB</country>
</cntAddress>
<cntPhone>
<voiceNum>+44 (0)1234 750111</voiceNum>
</cntPhone>
<cntOnlineRes>
<linkage>https://www.landis.org.uk</linkage>
</cntOnlineRes>
<cntHours>9am-5pm (United Kingdom Time)</cntHours>
<cntInstr>Please email us in the first instance.</cntInstr>
</rpCntInfo>
<rpOrgName>Cranfield University</rpOrgName>
<rpPosName>Administrator</rpPosName>
<rpIndName>LandIS Administrator</rpIndName>
</mdContact>
<dqInfo>
<dqScope>
<scpLvl>
<ScopeCd value="005">
</ScopeCd>
</scpLvl>
</dqScope>
<dataLineage>
<statement>The soil properties associated with each series are derived using a mixture of measured data and expert judgement.</statement>
</dataLineage>
</dqInfo>
<distInfo>
<distFormat>
<formatName>File Geodatabase Table</formatName>
<formatVer>1</formatVer>
</distFormat>
</distInfo>
<refSysInfo>
<RefSystem>
<refSysID>
<identCode code="British National Grid" Sync="FALSE">
</identCode>
<idCodeSpace>EPSG</idCodeSpace>
<idVersion>6.3(3.0.1)</idVersion>
</refSysID>
</RefSystem>
</refSysInfo>
<mdMaint>
<maintFreq>
<MaintFreqCd value="010">
</MaintFreqCd>
</maintFreq>
</mdMaint>
<eainfo>
<detailed Name="SOILSERIESagronomy">
<attr>
<attrlabl>OBJECTID</attrlabl>
<attrtype>OID</attrtype>
<attrdef>Object Identifier</attrdef>
<attwidth>4</attwidth>
<atprecis>0</atprecis>
<attrdefs>Esri</attrdefs>
<attalias>OBJECTID</attalias>
<attscale>0</attscale>
<attrdomv>
<udom>Sequential unique whole numbers that are automatically generated.</udom>
</attrdomv>
</attr>
<attr>
<attrlabl>SERIES</attrlabl>
<attrtype>Double</attrtype>
<attrdef>Original list of soil series before reclassification to expand the man-made raw soils and disturbed soils classifications for urban areas</attrdef>
<attwidth>8</attwidth>
<atprecis>0</atprecis>
<attrdefs>Esri</attrdefs>
<attalias>SERIES</attalias>
<attscale>0</attscale>
</attr>
<attr>
<attrlabl>SERIES_NAME</attrlabl>
<attrtype>String</attrtype>
<attrdef>The name of the soil series, the basic unit of soil taxonomic classification, named after the place where they were first described</attrdef>
<attwidth>25</attwidth>
<atprecis>0</atprecis>
<attrdefs>Esri</attrdefs>
<attalias>SERIES_NAME</attalias>
<attscale>0</attscale>
</attr>
<attr>
<attrlabl>AP_GRASS</attrlabl>
<attrtype>SmallInteger</attrtype>
<attrdef>Available water (AP) in the profile for grass (mm); water available between suctions 5 and 1500 kPa</attrdef>
<attwidth>2</attwidth>
<atprecis>0</atprecis>
<attrdefs>Esri</attrdefs>
<attalias>AP_GRASS</attalias>
<attscale>0</attscale>
</attr>
<attr>
<attrlabl>AP_CEREAL</attrlabl>
<attrtype>SmallInteger</attrtype>
<attrdef>Available water (AP) in the profile for cereals (mm); water available between suctions 5 and 1500 kPa</attrdef>
<attwidth>2</attwidth>
<atprecis>0</atprecis>
<attrdefs>Esri</attrdefs>
<attalias>AP_CEREAL</attalias>
<attscale>0</attscale>
</attr>
<attr>
<attrlabl>AP_SB</attrlabl>
<attrtype>SmallInteger</attrtype>
<attrdef>Available water (AP) in the profile for sugar beet (mm); water available between suctions 5 and 1500 kPa</attrdef>
<attwidth>2</attwidth>
<atprecis>0</atprecis>
<attrdefs>Esri</attrdefs>
<attalias>AP_SB</attalias>
<attscale>0</attscale>
</attr>
<attr>
<attrlabl>AP_POT</attrlabl>
<attrtype>SmallInteger</attrtype>
<attrdef>Available water (AP) in the profile for potatoes (mm); water available between suctions 5 and 1500 kPa</attrdef>
<attwidth>2</attwidth>
<atprecis>0</atprecis>
<attrdefs>Esri</attrdefs>
<attalias>AP_POT</attalias>
<attscale>0</attscale>
</attr>
<attr>
<attrlabl>AWC</attrlabl>
<attrtype>SmallInteger</attrtype>
<attrdef>Available water to 1 m for a specific soil type, water available between suctions 5 and 1500 kPa</attrdef>
<attwidth>2</attwidth>
<atprecis>0</atprecis>
<attrdefs>Esri</attrdefs>
<attalias>AWC</attalias>
<attscale>0</attscale>
</attr>
<attr>
<attrlabl>DROCK</attrlabl>
<attrtype>SmallInteger</attrtype>
<attrdef>Depth (cm) to rock. 999 implies no rock</attrdef>
<attwidth>2</attwidth>
<atprecis>0</atprecis>
<attrdefs>Esri</attrdefs>
<attalias>DROCK</attalias>
<attscale>0</attscale>
</attr>
<attr>
<attrlabl>DGLEY</attrlabl>
<attrtype>SmallInteger</attrtype>
<attrdef>Depth to gleyed horizon (cm). 999 implies NO gleyed horizon present.</attrdef>
<attwidth>2</attwidth>
<atprecis>0</atprecis>
<attrdefs>Esri</attrdefs>
<attalias>DGLEY</attalias>
<attscale>0</attscale>
</attr>
<attr>
<attrlabl>TOP_PEATY</attrlabl>
<attalias>TOPSOIL_PEATY</attalias>
<attrtype>String</attrtype>
<attwidth>1</attwidth>
<atprecis>0</atprecis>
<attscale>0</attscale>
<attrdef>Topsoil Peaty</attrdef>
<attrdefs>Esri</attrdefs>
</attr>
<attr>
<attrlabl>TOP_CALC</attrlabl>
<attalias>TOPSOIL_CALC</attalias>
<attrtype>String</attrtype>
<attwidth>1</attwidth>
<atprecis>0</atprecis>
<attscale>0</attscale>
<attrdef>Topsoil Calc</attrdef>
<attrdefs>Esri</attrdefs>
</attr>
<enttyp>
<enttypl>SOILSERIESagronomy</enttypl>
<enttypt>Table</enttypt>
<enttypc>745</enttypc>
</enttyp>
</detailed>
</eainfo>
<mdParentID>LandIS</mdParentID>
</metadata>
