<?xml version="1.0" encoding="UTF-8"?>
<metadata>
<Esri>
<CreaDate>20090219</CreaDate>
<CreaTime>13565900</CreaTime>
<ArcGISFormat>1.0</ArcGISFormat>
<ArcGISProfile>ISO19139</ArcGISProfile>
<DataProperties>
<itemProps>
<imsContentType>002</imsContentType>
<itemName>UK_RAIN6190_1K</itemName>
<nativeExtBox>
<westBL Sync="TRUE">5000.000000</westBL>
<eastBL Sync="TRUE">659000.000000</eastBL>
<southBL Sync="TRUE">5000.000000</southBL>
<northBL Sync="TRUE">1221000.000000</northBL>
<exTypeCode Sync="TRUE">1</exTypeCode>
</nativeExtBox>
</itemProps>
<coordRef>
<type>Projected</type>
<geogcsn>Ordnance Survey Great Brit</geogcsn>
<csUnits>Linear Unit: Meter (1.000000)</csUnits>
<projcsn>British National Grid</projcsn>
<peXml>&lt;ProjectedCoordinateSystem xsi:type='typens:ProjectedCoordinateSystem' xmlns:xsi='http://www.w3.org/2001/XMLSchema-instance' xmlns:xs='http://www.w3.org/2001/XMLSchema' xmlns:typens='http://www.esri.com/schemas/ArcGIS/3.5.0'&gt;&lt;WKT&gt;PROJCS[&amp;quot;British National Grid&amp;quot;,GEOGCS[&amp;quot;Ordnance Survey Great Brit&amp;quot;,DATUM[&amp;quot;Ordnance Survey Great Brit&amp;quot;,SPHEROID[&amp;quot;Airy 1930&amp;quot;,6377563.396,299.3249646]],PRIMEM[&amp;quot;Greenwich&amp;quot;,0.0],UNIT[&amp;quot;Decimal Degree&amp;quot;,0.0174532925199433]],PROJECTION[&amp;quot;Transverse_Mercator&amp;quot;],PARAMETER[&amp;quot;False_Easting&amp;quot;,400000.0],PARAMETER[&amp;quot;False_Northing&amp;quot;,-100000.0],PARAMETER[&amp;quot;Central_Meridian&amp;quot;,-2.0],PARAMETER[&amp;quot;Scale_Factor&amp;quot;,0.9996012717],PARAMETER[&amp;quot;Latitude_Of_Origin&amp;quot;,49.0],UNIT[&amp;quot;Meter&amp;quot;,1.0]]&lt;/WKT&gt;&lt;XOrigin&gt;-5220400&lt;/XOrigin&gt;&lt;YOrigin&gt;-15524400&lt;/YOrigin&gt;&lt;XYScale&gt;10000&lt;/XYScale&gt;&lt;ZOrigin&gt;-100000&lt;/ZOrigin&gt;&lt;ZScale&gt;10000&lt;/ZScale&gt;&lt;MOrigin&gt;-100000&lt;/MOrigin&gt;&lt;MScale&gt;10000&lt;/MScale&gt;&lt;XYTolerance&gt;0.001&lt;/XYTolerance&gt;&lt;ZTolerance&gt;0.001&lt;/ZTolerance&gt;&lt;MTolerance&gt;0.001&lt;/MTolerance&gt;&lt;HighPrecision&gt;true&lt;/HighPrecision&gt;&lt;/ProjectedCoordinateSystem&gt;</peXml>
</coordRef>
</DataProperties>
<scaleRange>
<minScale>9360124.083828</minScale>
<maxScale>5540.345127</maxScale>
</scaleRange>
<ModDate>20260205</ModDate>
<ModTime>13002000</ModTime>
<SyncOnce>FALSE</SyncOnce>
<SyncDate>20260205</SyncDate>
<SyncTime>13002000</SyncTime>
</Esri>
<dataIdInfo>
<idAbs>&lt;p&gt;Rainfall data averaged over 1 km square centred on the grid reference. Includes Scotland and N.Ireland. An agroclimatic databank helps to define the average expectation for a number of meteorological variables. The data was originally assembled to aid the interpretation of soil survey information and for land evaluation. Soil interacts with climate to influence farming practices throughout England and Wales.&lt;/p&gt;</idAbs>
<idCitation>
<resTitle>UK_RAIN6190_1K</resTitle>
<date>
<pubDate>2026-03-31T00:00:00</pubDate>
</date>
<presForm>
<PresFormCd value="005" Sync="TRUE">
</PresFormCd>
</presForm>
<collTitle>LandIS</collTitle>
</idCitation>
<dataExt>
<exDesc>United Kingdom</exDesc>
<geoEle>
<GeoBndBox Sync="FALSE">
<westBL>-9.20</westBL>
<eastBL>2.80</eastBL>
<northBL>60.80</northBL>
<southBL>49.80</southBL>
<exTypeCode>1</exTypeCode>
</GeoBndBox>
</geoEle>
</dataExt>
<searchKeys>
<keyword>Climatology</keyword>
<keyword>Meteorology</keyword>
<keyword>Atmosphere</keyword>
<keyword>Rain</keyword>
</searchKeys>
<idPurp>Rainfall data averaged over 1 km square centred on the grid reference. Includes Scotland and N.Ireland.</idPurp>
<idCredit>© Cranfield University and the Controller of HMSO</idCredit>
<resConst>
<Consts>
<useLimit>&lt;p&gt;The information contained in LandIS is copyright and its use is therefore subject to a specific licensing agreement between Cranfield University and the user. Depending on the status of the user, the cost can vary from a fully commercial charge for data lease to being royalty free with a small charge for extraction and preparation of the data to meet the user's needs.&lt;/p&gt;</useLimit>
</Consts>
</resConst>
<dataLang>
<languageCode value="eng" Sync="TRUE">
</languageCode>
<countryCode value="GB" Sync="FALSE">
</countryCode>
</dataLang>
<dataChar>
<CharSetCd value="004">
</CharSetCd>
</dataChar>
<spatRpType>
<SpatRepTypCd value="001" Sync="TRUE">
</SpatRepTypCd>
</spatRpType>
<dataScale>
<equScale>
<rfDenom>250000</rfDenom>
</equScale>
</dataScale>
<envirDesc Sync="FALSE">Esri ArcGIS 13.5.0.57366</envirDesc>
<idStatus>
<ProgCd value="001">
</ProgCd>
</idStatus>
<resMaint>
<maintFreq>
<MaintFreqCd value="010">
</MaintFreqCd>
</maintFreq>
</resMaint>
<otherKeys>
<thesaName>
<resTitle>GEMET - INSPIRE themes, version 1.0</resTitle>
</thesaName>
<keyword>Meteorological geographical features</keyword>
</otherKeys>
<otherKeys>
<thesaName>
<resTitle>GEMET - Concepts, version 2.3</resTitle>
</thesaName>
<keyword>rain</keyword>
</otherKeys>
<tpCat>
<TopicCatCd value="004">
</TopicCatCd>
</tpCat>
</dataIdInfo>
<mdLang>
<languageCode value="eng" Sync="TRUE">
</languageCode>
<countryCode value="GBR" Sync="TRUE">
</countryCode>
</mdLang>
<mdHrLv>
<ScopeCd value="005">
</ScopeCd>
</mdHrLv>
<mdHrLvName>dataset</mdHrLvName>
<mdFileID>UK_RAIN6190_1K</mdFileID>
<mdChar>
<CharSetCd value="004">
</CharSetCd>
</mdChar>
<mdDateSt>2026-03-31</mdDateSt>
<mdContact>
<rpOrgName>Cranfield University</rpOrgName>
<rpPosName>Administrator</rpPosName>
<rpCntInfo>
<cntAddress addressType="postal">
<eMailAdd>landis@cranfield.ac.uk</eMailAdd>
<delPoint>Building 121, Cranfield Campus</delPoint>
<city>Cranfield</city>
<adminArea>Bedfordshire</adminArea>
<postCode>MK43 0AL</postCode>
<country>GB</country>
</cntAddress>
<cntPhone>
<voiceNum>+44(0)1234 750111</voiceNum>
</cntPhone>
<cntOnlineRes>
<linkage>https://www.landis.org.uk</linkage>
</cntOnlineRes>
<cntHours>9am-5pm (United Kingdom Time)</cntHours>
<cntInstr>Please email us in the first instance.</cntInstr>
</rpCntInfo>
<role>
<RoleCd value="007">
</RoleCd>
</role>
<rpIndName>LandIS Administrator</rpIndName>
</mdContact>
<dqInfo>
<dqScope>
<scpLvl>
<ScopeCd value="005">
</ScopeCd>
</scpLvl>
</dqScope>
<dataLineage>
<statement>The agroclimatic data represents a statistical summary of measured properties interpolated across England and Wales and therefore has the inherent limitations of interpolated data.</statement>
<dataSource>
<srcDesc>Meteorological  Office</srcDesc>
<srcScale>
<rfDenom>met. office 1961-90 1km intervals</rfDenom>
</srcScale>
</dataSource>
</dataLineage>
<report type="DQQuanAttAcc">
<measDesc>The agroclimatic data represents a statistical summary of measured properties interpolated across England and Wales and therefore has the inherent limitations of interpolated data.</measDesc>
</report>
</dqInfo>
<distInfo>
<distFormat>
<formatName>File Geodatabase Feature Class</formatName>
<formatVer>1</formatVer>
</distFormat>
</distInfo>
<refSysInfo>
<RefSystem>
<refSysID>
<identCode code="British National Grid" Sync="FALSE">
</identCode>
<idCodeSpace>EPSG</idCodeSpace>
<idVersion>6.3(3.0.1)</idVersion>
</refSysID>
</RefSystem>
</refSysInfo>
<mdMaint>
<maintFreq>
<MaintFreqCd value="010">
</MaintFreqCd>
</maintFreq>
</mdMaint>
<eainfo>
<detailed Name="UK_RAIN6190_1K">
<enttyp>
<enttypl>UK_RAIN6190_1K</enttypl>
<enttypt>Feature Class</enttypt>
<enttypc>284195</enttypc>
</enttyp>
<attr>
<attrlabl>OBJECTID_1</attrlabl>
<attalias>OBJECTID_1</attalias>
<attrtype>OID</attrtype>
<attwidth>4</attwidth>
<atprecis>0</atprecis>
<attscale>0</attscale>
<attrdef>Internal feature number.</attrdef>
<attrdefs>Esri</attrdefs>
<attrdomv>
<udom>Sequential unique whole numbers that are automatically generated.</udom>
</attrdomv>
</attr>
<attr>
<attrlabl>Shape</attrlabl>
<attalias>Shape</attalias>
<attrtype>Geometry</attrtype>
<attwidth>0</attwidth>
<atprecis>0</atprecis>
<attscale>0</attscale>
<attrdef>Feature geometry.</attrdef>
<attrdefs>Esri</attrdefs>
<attrdomv>
<udom>Coordinates defining the features.</udom>
</attrdomv>
</attr>
<attr>Attribute_Type: INTEGER
Attribute_Width: 22
Attribute_Precision: 6
Attribute_Scale: 0<attrlabl>ID_1K</attrlabl>
<attrdef>Identification number for each 1 km cell in the UK calculated as (TRUNC(NORTHING/1000)*700+TRUNC(EASTING/1000))</attrdef>
<attalias>ID_1K</attalias>
<attrtype>Integer</attrtype>
<attwidth>4</attwidth>
<atprecis>0</atprecis>
<attscale>0</attscale>
<attrdefs>Esri</attrdefs>
</attr>
<attr>Attribute_Type: INTEGER
Attribute_Width: 22
Attribute_Precision: 7
Attribute_Scale: 0<attrlabl>EAST_1K</attrlabl>
<attrdef>National Grid reference easting at 1 km resolution</attrdef>
<attalias>EAST_1K</attalias>
<attrtype>Integer</attrtype>
<attwidth>4</attwidth>
<atprecis>0</atprecis>
<attscale>0</attscale>
<attrdefs>Esri</attrdefs>
</attr>
<attr>Attribute_Type: INTEGER
Attribute_Width: 22
Attribute_Precision: 7
Attribute_Scale: 0<attrlabl>NORTH_1K</attrlabl>
<attrdef>National Grid reference northing at 1 km resolution</attrdef>
<attalias>NORTH_1K</attalias>
<attrtype>Integer</attrtype>
<attwidth>4</attwidth>
<atprecis>0</atprecis>
<attscale>0</attscale>
<attrdefs>Esri</attrdefs>
</attr>
<attr>Attribute_Type: INTEGER
Attribute_Width: 22
Attribute_Precision: 4
Attribute_Scale: 0<attrlabl>ALT_AV_1K</attrlabl>
<attrdef>Average altitude (m) over a 1 km x 1 km area</attrdef>
<attalias>ALT_AV_1K</attalias>
<attrtype>SmallInteger</attrtype>
<attwidth>2</attwidth>
<atprecis>0</atprecis>
<attscale>0</attscale>
<attrdefs>Esri</attrdefs>
</attr>
<attr>Attribute_Type: INTEGER
Attribute_Width: 22
Attribute_Precision: 4
Attribute_Scale:<attrlabl>AAR_1K</attrlabl>
<attrdef>Annual Average Rainfall (mm)</attrdef>
<attalias>AAR_1K</attalias>
<attrtype>SmallInteger</attrtype>
<attwidth>2</attwidth>
<atprecis>0</atprecis>
<attscale>0</attscale>
<attrdefs>Esri</attrdefs>
</attr>
<attr>Attribute_Type: INTEGER
Attribute_Width: 22
Attribute_Precision: 4
Attribute_Scale: 0<attrlabl>AMR_JAN</attrlabl>
<attrdef>Mean rainfall (mm) for January</attrdef>
<attalias>AMR_JAN</attalias>
<attrtype>SmallInteger</attrtype>
<attwidth>2</attwidth>
<atprecis>0</atprecis>
<attscale>0</attscale>
<attrdefs>Esri</attrdefs>
</attr>
<attr>Attribute_Type: INTEGER
Attribute_Width: 22
Attribute_Precision: 4
Attribute_Scale: 0<attrlabl>AMR_FEB</attrlabl>
<attrdef>Mean rainfall (mm) for February</attrdef>
<attalias>AMR_FEB</attalias>
<attrtype>SmallInteger</attrtype>
<attwidth>2</attwidth>
<atprecis>0</atprecis>
<attscale>0</attscale>
<attrdefs>Esri</attrdefs>
</attr>
<attr>Attribute_Type: INTEGER
Attribute_Width: 22
Attribute_Precision: 4
Attribute_Scale: 0<attrlabl>AMR_MAR</attrlabl>
<attrdef>Mean rainfall (mm) for March</attrdef>
<attalias>AMR_MAR</attalias>
<attrtype>SmallInteger</attrtype>
<attwidth>2</attwidth>
<atprecis>0</atprecis>
<attscale>0</attscale>
<attrdefs>Esri</attrdefs>
</attr>
<attr>Attribute_Type: INTEGER
Attribute_Width: 22
Attribute_Precision: 4
Attribute_Scale: 0<attrlabl>AMR_APR</attrlabl>
<attrdef>Mean rainfall (mm) for April</attrdef>
<attalias>AMR_APR</attalias>
<attrtype>SmallInteger</attrtype>
<attwidth>2</attwidth>
<atprecis>0</atprecis>
<attscale>0</attscale>
<attrdefs>Esri</attrdefs>
</attr>
<attr>Attribute_Type: INTEGER
Attribute_Width: 22
Attribute_Precision: 4
Attribute_Scale: 0<attrlabl>AMR_MAY</attrlabl>
<attrdef>Mean rainfall (mm) for May</attrdef>
<attalias>AMR_MAY</attalias>
<attrtype>SmallInteger</attrtype>
<attwidth>2</attwidth>
<atprecis>0</atprecis>
<attscale>0</attscale>
<attrdefs>Esri</attrdefs>
</attr>
<attr>Attribute_Type: INTEGER
Attribute_Width: 22
Attribute_Precision: 4
Attribute_Scale: 0<attrlabl>AMR_JUN</attrlabl>
<attrdef>Mean rainfall (mm) for June</attrdef>
<attalias>AMR_JUN</attalias>
<attrtype>SmallInteger</attrtype>
<attwidth>2</attwidth>
<atprecis>0</atprecis>
<attscale>0</attscale>
<attrdefs>Esri</attrdefs>
</attr>
<attr>Attribute_Type: INTEGER
Attribute_Width: 22
Attribute_Precision: 4
Attribute_Scale: 0<attrlabl>AMR_JLY</attrlabl>
<attrdef>Mean rainfall (mm) for July</attrdef>
<attalias>AMR_JLY</attalias>
<attrtype>SmallInteger</attrtype>
<attwidth>2</attwidth>
<atprecis>0</atprecis>
<attscale>0</attscale>
<attrdefs>Esri</attrdefs>
</attr>
<attr>Attribute_Type: INTEGER
Attribute_Width: 22
Attribute_Precision: 4
Attribute_Scale: 0<attrlabl>AMR_AUG</attrlabl>
<attrdef>Mean rainfall (mm) for August</attrdef>
<attalias>AMR_AUG</attalias>
<attrtype>SmallInteger</attrtype>
<attwidth>2</attwidth>
<atprecis>0</atprecis>
<attscale>0</attscale>
<attrdefs>Esri</attrdefs>
</attr>
<attr>Attribute_Type: INTEGER
Attribute_Width: 22
Attribute_Precision: 4
Attribute_Scale: 0<attrlabl>AMR_SEP</attrlabl>
<attrdef>Mean rainfall (mm) for September</attrdef>
<attalias>AMR_SEP</attalias>
<attrtype>SmallInteger</attrtype>
<attwidth>2</attwidth>
<atprecis>0</atprecis>
<attscale>0</attscale>
<attrdefs>Esri</attrdefs>
</attr>
<attr>Attribute_Type: INTEGER
Attribute_Width: 22
Attribute_Precision: 4
Attribute_Scale: 0<attrlabl>AMR_OCT</attrlabl>
<attrdef>Mean rainfall (mm) for October</attrdef>
<attalias>AMR_OCT</attalias>
<attrtype>SmallInteger</attrtype>
<attwidth>2</attwidth>
<atprecis>0</atprecis>
<attscale>0</attscale>
<attrdefs>Esri</attrdefs>
</attr>
<attr>Attribute_Type: INTEGER
Attribute_Width: 22
Attribute_Precision: 4
Attribute_Scale: 0<attrlabl>AMR_NOV</attrlabl>
<attrdef>Mean rainfall (mm) for November</attrdef>
<attalias>AMR_NOV</attalias>
<attrtype>SmallInteger</attrtype>
<attwidth>2</attwidth>
<atprecis>0</atprecis>
<attscale>0</attscale>
<attrdefs>Esri</attrdefs>
</attr>
<attr>Attribute_Type: INTEGER
Attribute_Width: 22
Attribute_Precision: 4
Attribute_Scale: 0<attrlabl>AMR_DEC</attrlabl>
<attrdef>Mean rainfall (mm) for December</attrdef>
<attalias>AMR_DEC</attalias>
<attrtype>SmallInteger</attrtype>
<attwidth>2</attwidth>
<atprecis>0</atprecis>
<attscale>0</attscale>
<attrdefs>Esri</attrdefs>
</attr>
<attr>
<attrlabl>OBJECTID</attrlabl>
<attalias>OBJECTID</attalias>
<attrtype>Integer</attrtype>
<attwidth>4</attwidth>
<atprecis>0</atprecis>
<attscale>0</attscale>
<attrdef>OBJECTID</attrdef>
<attrdefs>Esri</attrdefs>
</attr>
<attr>
<attrlabl>ORIG_FID</attrlabl>
<attalias>ORIG_FID</attalias>
<attrtype>Integer</attrtype>
<attwidth>4</attwidth>
<atprecis>0</atprecis>
<attscale>0</attscale>
<attrdef>ORIG_FID</attrdef>
<attrdefs>Esri</attrdefs>
</attr>
</detailed>
</eainfo>
<spatRepInfo>
<VectSpatRep>
<topLvl>
<TopoLevCd value="001" Sync="TRUE">
</TopoLevCd>
</topLvl>
<geometObjs Name="UK_RAIN6190_1K">
<geoObjTyp>
<GeoObjTypCd value="004" Sync="TRUE">
</GeoObjTypCd>
</geoObjTyp>
<geoObjCnt>284195</geoObjCnt>
</geometObjs>
</VectSpatRep>
</spatRepInfo>
<mdParentID>LandIS</mdParentID>
<idinfo>
<citation>
<citeinfo>
<origin>National Soil Resources Institute</origin>
<pubdate>1990</pubdate>
<title>UK_RAIN6190_1K</title>
<geoform>tableDigital</geoform>
<serinfo>
<sername>LandIS</sername>
</serinfo>
<pubinfo>
<pubplace>Cranfield, UK</pubplace>
<publish>Cranfield University</publish>
</pubinfo>
</citeinfo>
</citation>
<descript>
<abstract>Rainfall data averaged over 1km square centred on the grid reference. Includes Scotland and N.Ireland.</abstract>
<purpose>An agroclimatic databank helps to define the average expectation for a number of meteorological variables. The data was originally assembled to aid the interpretation of soil survey information and for land evaluation. Soil interacts with climate to influence farming practices throughout England and Wales.</purpose>
</descript>
<timeperd>
<timeinfo>
<sngdate>
<caldate>19900101</caldate>
</sngdate>
</timeinfo>
<timeinfo>
<rngdates>
<begdate>19900101</begdate>
<enddate>19900101</enddate>
</rngdates>
</timeinfo>
<current>publication date</current>
<current>ground conditions</current>
</timeperd>
<status>
<progress>Complete</progress>
<update>Irregular</update>
</status>
<spdom>
<bounding>
<westbc>-7.098008</westbc>
<eastbc>2.097569</eastbc>
<northbc>60.866111</northbc>
<southbc>49.858951</southbc>
</bounding>
</spdom>
<keywords>
<theme>
<themekt>ISO19115 topic categories</themekt>
<themekey>ClimatologyMeteorologyAtmosphere</themekey>
</theme>
<place>
<placekey>United Kingdom</placekey>
</place>
</keywords>
<accconst>Financial, Legal</accconst>
<useconst>The information contained in LandIS is copyright and its use is therefore subject to a specific licensing agreement between NSRI and the user. Depending on the status of the user, the cost can vary from a fully commercial charge for data lease to being royalty free with a small charge for extraction and preparation of the data to meet the user's needs.</useconst>
<ptcontac>
<cntinfo>
<cntorgp>
<cntorg>National Soil Resources Institute, Cranfield University</cntorg>
<cntper>Timothy Farewell</cntper>
</cntorgp>
<cntpos>Client Manager</cntpos>
<cntaddr>
<addrtype>mailing address</addrtype>
<address>Building 53, Cranfield University</address>
<city>Cranfield</city>
<state>Bedfordshire</state>
<postal>MK43 0AL</postal>
<country>UK</country>
</cntaddr>
<cntvoice>(+44) 1234 752978</cntvoice>
<cntemail>nsridata@cranfield.ac.uk</cntemail>
</cntinfo>
</ptcontac>
</idinfo>
<dataqual>
<attracc>
<attraccr>The agroclimatic data represents a statistical summary of measured properties interpolated across England and Wales and therefore has the inherent limitations of interpolated data.</attraccr>
</attracc>
<lineage>
<srcinfo>
<srcscale>met. office 1961-90 1km intervals</srcscale>
<srccontr>Meteorological  Office</srccontr>
</srcinfo>
<procstep>
<procdesc>Metadata imported.</procdesc>
<srcused>withheld</srcused>
<date>20070920</date>
<time>15001900</time>
</procstep>
<procstep>
<procdesc>Dataset copied.</procdesc>
<srcused>withheld</srcused>
<date>20090219</date>
<time>13565900</time>
</procstep>
</lineage>
</dataqual>
<spref>
<horizsys>
<planar>
<planci>
<plance>coordinate pair</plance>
<coordrep>
<absres>0.001024</absres>
<ordres>0.001024</ordres>
</coordrep>
<plandu>meters</plandu>
</planci>
</planar>
<geodetic>
<horizdn>Ordnance Survey Great Brit</horizdn>
<ellips>Airy 1930</ellips>
<semiaxis>6377563.396000</semiaxis>
<denflat>299.324965</denflat>
</geodetic>
</horizsys>
<vertdef>
<altsys>
<altres>1.000000</altres>
<altenc>Explicit elevation coordinate included with horizontal coordinates</altenc>
</altsys>
</vertdef>
</spref>
<distinfo>
<distrib>
<cntinfo>
<cntperp>
<cntper>Timothy Farewell</cntper>
<cntorg>National Soil Resources Institute, Cranfield University</cntorg>
</cntperp>
<cntpos>Client Manager</cntpos>
<cntaddr>
<addrtype>mailing address</addrtype>
<address>Building 53, Cranfield University</address>
<city>Cranfield</city>
<state>Bedfordshire</state>
<postal>MK43 0AL</postal>
<country>United Kingdom</country>
</cntaddr>
<cntvoice>01234 752978</cntvoice>
<cntemail>nsridata@cranfield.ac.uk</cntemail>
</cntinfo>
</distrib>
<resdesc>Downloadable Data</resdesc>
<distliab>The LandIS Terms and Conditions can be accessed at http://www.landis.org.uk</distliab>
<stdorder>
<ordering>Please visit http://www.landis.org.uk for details of how to acquire this data</ordering>
</stdorder>
<techpreq>a GIS software package is generally required</techpreq>
</distinfo>
<metainfo>
<metd>20070920</metd>
<metc>
<cntinfo>
<cntorgp>
<cntorg>National Soil Resources Institute, Cranfield University</cntorg>
<cntper>Caroline Keay</cntper>
</cntorgp>
<cntpos>Senior Database Administrator</cntpos>
<cntaddr>
<addrtype>mailing address</addrtype>
<address>Building 53, Cranfield University</address>
<city>Cranfield</city>
<state>Bedfordshire</state>
<postal>MK43 0AL</postal>
<country>UK</country>
</cntaddr>
<cntvoice>(+44) 1234 752978</cntvoice>
<cntemail>nsridata@cranfield.ac.uk</cntemail>
</cntinfo>
</metc>
<metstdn>FGDC Content Standards for Digital Geospatial Metadata</metstdn>
<metstdv>FGDC-STD-001-1998</metstdv>
<mettc>local time</mettc>
<metextns>
<onlink>http://www.esri.com/metadata/esriprof80.html</onlink>
<metprof>ESRI Metadata Profile</metprof>
</metextns>
</metainfo>
<spdoinfo>
<ptvctinf>
<esriterm Name="UK_RAIN6190_1K">
<efeatyp Sync="TRUE">Simple</efeatyp>
<efeageom code="1" Sync="TRUE">
</efeageom>
<esritopo Sync="TRUE">FALSE</esritopo>
<efeacnt Sync="TRUE">284195</efeacnt>
<spindex Sync="TRUE">TRUE</spindex>
<linrefer Sync="TRUE">FALSE</linrefer>
</esriterm>
</ptvctinf>
</spdoinfo>
<mdStanName>ArcGIS Metadata</mdStanName>
<mdStanVer>1.0</mdStanVer>
</metadata>
